{
  "type": "FeatureCollection",
  "metadata": {
    "gcop_export_scope": "loaded-map-tiles",
    "gcop_notice": "This vector tile source does not expose a full browser-side dataset endpoint; exported features are from currently loaded map tiles."
  },
  "features": [
    {
      "type": "Feature",
      "geometry": {
        "type": "LineString",
        "coordinates": [
          [
            73.10302734375,
            35.17380831799959
          ],
          [
            73.10302734375,
            35.169318036011305
          ],
          [
            73.0975341796875,
            35.16482750605027
          ],
          [
            73.0975341796875,
            35.15584570226544
          ],
          [
            73.0865478515625,
            35.15135442846946
          ],
          [
            73.0810546875,
            35.1468629067563
          ],
          [
            73.0755615234375,
            35.1468629067563
          ],
          [
            73.070068359375,
            35.142371137139904
          ],
          [
            73.0645751953125,
            35.142371137139904
          ],
          [
            73.0645751953125,
            35.13787911963418
          ],
          [
            73.0645751953125,
            35.142371137139904
          ],
          [
            73.05908203125,
            35.13787911963418
          ],
          [
            73.05908203125,
            35.142371137139904
          ],
          [
            73.0535888671875,
            35.1468629067563
          ],
          [
            73.0535888671875,
            35.142371137139904
          ],
          [
            73.048095703125,
            35.1468629067563
          ],
          [
            73.0426025390625,
            35.142371137139904
          ],
          [
            73.0535888671875,
            35.142371137139904
          ],
          [
            73.05908203125,
            35.133386854253075
          ],
          [
            73.048095703125,
            35.133386854253075
          ],
          [
            73.048095703125,
            35.12889434101051
          ],
          [
            73.048095703125,
            35.12440157992043
          ],
          [
            73.0426025390625,
            35.11990857099681
          ],
          [
            73.037109375,
            35.11990857099681
          ],
          [
            73.026123046875,
            35.11990857099681
          ],
          [
            73.0206298828125,
            35.11990857099681
          ],
          [
            73.01513671875,
            35.11990857099681
          ],
          [
            73.01513671875,
            35.115415314253596
          ],
          [
            73.0096435546875,
            35.115415314253596
          ],
          [
            73.004150390625,
            35.11092180970475
          ],
          [
            72.9986572265625,
            35.115415314253596
          ],
          [
            72.9986572265625,
            35.11092180970475
          ],
          [
            72.9931640625,
            35.11092180970475
          ],
          [
            72.9876708984375,
            35.106428057364255
          ],
          [
            72.982177734375,
            35.106428057364255
          ],
          [
            72.982177734375,
            35.101934057246055
          ],
          [
            72.9876708984375,
            35.101934057246055
          ],
          [
            72.9876708984375,
            35.097439809364204
          ],
          [
            72.9876708984375,
            35.09294531373263
          ],
          [
            72.9876708984375,
            35.08845057036537
          ],
          [
            72.9876708984375,
            35.083955579276434
          ],
          [
            72.982177734375,
            35.083955579276434
          ],
          [
            72.9766845703125,
            35.083955579276434
          ],
          [
            72.9766845703125,
            35.07946034047981
          ],
          [
            72.97119140625,
            35.074964853989556
          ],
          [
            72.9656982421875,
            35.074964853989556
          ],
          [
            72.9656982421875,
            35.07946034047981
          ],
          [
            72.9656982421875,
            35.074964853989556
          ],
          [
            72.9656982421875,
            35.07046911981966
          ],
          [
            72.9547119140625,
            35.07046911981966
          ],
          [
            72.94921875,
            35.06597313798417
          ],
          [
            72.94921875,
            35.06147690849717
          ],
          [
            72.9437255859375,
            35.06147690849717
          ],
          [
            72.94921875,
            35.05698043137265
          ],
          [
            72.94921875,
            35.05248370662467
          ],
          [
            72.94921875,
            35.04798673426734
          ],
          [
            72.9437255859375,
            35.043489514314686
          ],
          [
            72.938232421875,
            35.043489514314686
          ],
          [
            72.9327392578125,
            35.038992046780805
          ],
          [
            72.92724609375,
            35.038992046780805
          ],
          [
            72.92724609375,
            35.043489514314686
          ],
          [
            72.9217529296875,
            35.038992046780805
          ],
          [
            72.916259765625,
            35.038992046780805
          ],
          [
            72.9107666015625,
            35.043489514314686
          ],
          [
            72.8997802734375,
            35.038992046780805
          ],
          [
            72.894287109375,
            35.038992046780805
          ],
          [
            72.8997802734375,
            35.038992046780805
          ],
          [
            72.8997802734375,
            35.03449433167977
          ],
          [
            72.8997802734375,
            35.02999636902565
          ],
          [
            72.8887939453125,
            35.02549815883259
          ],
          [
            72.88330078125,
            35.020999701114675
          ],
          [
            72.88330078125,
            35.016500995886005
          ],
          [
            72.88330078125,
            35.012002043160706
          ],
          [
            72.8887939453125,
            35.0075028429529
          ],
          [
            72.894287109375,
            35.0075028429529
          ],
          [
            72.8997802734375,
            35.00300339527672
          ],
          [
            72.9052734375,
            35.00300339527672
          ],
          [
            72.9052734375,
            34.99850370014629
          ],
          [
            72.9107666015625,
            34.99400375757577
          ],
          [
            72.9052734375,
            34.99400375757577
          ],
          [
            72.9052734375,
            34.985003130171066
          ],
          [
            72.9052734375,
            34.98050244536519
          ],
          [
            72.8997802734375,
            34.97150033361733
          ],
          [
            72.8997802734375,
            34.96699890670368
          ],
          [
            72.8887939453125,
            34.95799531086793
          ],
          [
            72.8887939453125,
            34.95349314197422
          ],
          [
            72.88330078125,
            34.95349314197422
          ],
          [
            72.88330078125,
            34.95799531086793
          ],
          [
            72.8778076171875,
            34.95799531086793
          ],
          [
            72.88330078125,
            34.95799531086793
          ],
          [
            72.8778076171875,
            34.95349314197422
          ],
          [
            72.88330078125,
            34.95349314197422
          ],
          [
            72.8778076171875,
            34.94448806230625
          ],
          [
            72.8778076171875,
            34.93097858831628
          ],
          [
            72.8778076171875,
            34.92647493584646
          ],
          [
            72.872314453125,
            34.91296249521697
          ],
          [
            72.861328125,
            34.903952965590065
          ],
          [
            72.861328125,
            34.899447830057255
          ],
          [
            72.861328125,
            34.89043681762452
          ],
          [
            72.872314453125,
            34.88593094075317
          ],
          [
            72.8778076171875,
            34.88142481679756
          ],
          [
            72.88330078125,
            34.88142481679756
          ],
          [
            72.8887939453125,
            34.88142481679756
          ],
          [
            72.894287109375,
            34.87691844577209
          ],
          [
            72.9107666015625,
            34.87691844577209
          ],
          [
            72.916259765625,
            34.867904962568716
          ],
          [
            72.9217529296875,
            34.867904962568716
          ],
          [
            72.92724609375,
            34.867904962568716
          ],
          [
            72.9327392578125,
            34.867904962568716
          ],
          [
            72.938232421875,
            34.86339785041953
          ],
          [
            72.94921875,
            34.858890491257796
          ],
          [
            72.9547119140625,
            34.854382885097905
          ],
          [
            72.960205078125,
            34.854382885097905
          ],
          [
            72.960205078125,
            34.849875031954184
          ],
          [
            72.9656982421875,
            34.849875031954184
          ],
          [
            72.97119140625,
            34.849875031954184
          ],
          [
            72.97119140625,
            34.845366931840985
          ],
          [
            72.9766845703125,
            34.845366931840985
          ],
          [
            72.982177734375,
            34.845366931840985
          ],
          [
            72.982177734375,
            34.84085858477276
          ],
          [
            72.9876708984375,
            34.84085858477276
          ],
          [
            72.9931640625,
            34.83184114982865
          ],
          [
            72.9931640625,
            34.82733206198159
          ],
          [
            72.9931640625,
            34.822822727237025
          ],
          [
            72.9876708984375,
            34.81831314560942
          ],
          [
            72.982177734375,
            34.81831314560942
          ],
          [
            72.97119140625,
            34.81831314560942
          ],
          [
            72.9547119140625,
            34.80929324176266
          ],
          [
            72.94921875,
            34.80929324176266
          ],
          [
            72.938232421875,
            34.8047829195724
          ],
          [
            72.9327392578125,
            34.800272350556824
          ],
          [
            72.92724609375,
            34.77771580360469
          ],
          [
            72.9327392578125,
            34.773203753940734
          ],
          [
            72.9327392578125,
            34.768691457552706
          ],
          [
            72.938232421875,
            34.773203753940734
          ],
          [
            72.9437255859375,
            34.773203753940734
          ],
          [
            72.9437255859375,
            34.768691457552706
          ],
          [
            72.94921875,
            34.768691457552706
          ],
          [
            72.9547119140625,
            34.76417891445513
          ],
          [
            72.94921875,
            34.75966612466247
          ],
          [
            72.9547119140625,
            34.75515308818932
          ],
          [
            72.9547119140625,
            34.7506398050501
          ],
          [
            72.9547119140625,
            34.7461262752594
          ],
          [
            72.94921875,
            34.7461262752594
          ],
          [
            72.94921875,
            34.7506398050501
          ],
          [
            72.94921875,
            34.7461262752594
          ],
          [
            72.9437255859375,
            34.74161249883173
          ],
          [
            72.9547119140625,
            34.74161249883173
          ],
          [
            72.9547119140625,
            34.73709847578162
          ],
          [
            72.960205078125,
            34.74161249883173
          ],
          [
            72.960205078125,
            34.73709847578162
          ],
          [
            72.9547119140625,
            34.72355492704219
          ],
          [
            72.960205078125,
            34.72355492704219
          ],
          [
            72.960205078125,
            34.719039917647876
          ],
          [
            72.9656982421875,
            34.719039917647876
          ],
          [
            72.9656982421875,
            34.71452466170392
          ],
          [
            72.97119140625,
            34.71452466170392
          ],
          [
            72.97119140625,
            34.71000915922494
          ],
          [
            72.9766845703125,
            34.71000915922494
          ],
          [
            72.982177734375,
            34.70549341022547
          ],
          [
            72.982177734375,
            34.69646117272349
          ],
          [
            72.982177734375,
            34.69194468425019
          ],
          [
            72.9931640625,
            34.68291096793206
          ],
          [
            72.9931640625,
            34.673876265882726
          ],
          [
            72.9986572265625,
            34.673876265882726
          ],
          [
            73.0096435546875,
            34.67839374011646
          ],
          [
            73.01513671875,
            34.68291096793206
          ],
          [
            73.01513671875,
            34.67839374011646
          ],
          [
            73.0206298828125,
            34.67839374011646
          ],
          [
            73.026123046875,
            34.67839374011646
          ],
          [
            73.0316162109375,
            34.673876265882726
          ],
          [
            73.037109375,
            34.673876265882726
          ],
          [
            73.0426025390625,
            34.673876265882726
          ],
          [
            73.048095703125,
            34.66935854524543
          ],
          [
            73.048095703125,
            34.664840578219284
          ],
          [
            73.048095703125,
            34.66032236481891
          ],
          [
            73.0535888671875,
            34.66032236481891
          ],
          [
            73.0535888671875,
            34.655803905058974
          ],
          [
            73.05908203125,
            34.651285198954156
          ],
          [
            73.05908203125,
            34.64676624651911
          ],
          [
            73.05908203125,
            34.642247047768535
          ],
          [
            73.0645751953125,
            34.63772760271712
          ],
          [
            73.070068359375,
            34.63772760271712
          ],
          [
            73.0645751953125,
            34.63772760271712
          ],
          [
            73.070068359375,
            34.633207911379586
          ],
          [
            73.070068359375,
            34.62868797377061
          ],
          [
            73.0755615234375,
            34.62868797377061
          ],
          [
            73.0810546875,
            34.62868797377061
          ],
          [
            73.0810546875,
            34.633207911379586
          ],
          [
            73.0865478515625,
            34.62868797377061
          ],
          [
            73.092041015625,
            34.633207911379586
          ],
          [
            73.0865478515625,
            34.62868797377061
          ],
          [
            73.092041015625,
            34.62868797377061
          ],
          [
            73.0865478515625,
            34.62868797377061
          ],
          [
            73.0975341796875,
            34.6241677899049
          ],
          [
            73.092041015625,
            34.6241677899049
          ],
          [
            73.0975341796875,
            34.619647359797185
          ],
          [
            73.092041015625,
            34.6241677899049
          ],
          [
            73.0975341796875,
            34.6241677899049
          ],
          [
            73.10302734375,
            34.6241677899049
          ],
          [
            73.10302734375,
            34.619647359797185
          ],
          [
            73.114013671875,
            34.619647359797185
          ],
          [
            73.1085205078125,
            34.619647359797185
          ],
          [
            73.114013671875,
            34.619647359797185
          ],
          [
            73.1195068359375,
            34.60608459216931
          ],
          [
            73.125,
            34.60156317724089
          ],
          [
            73.125,
            34.597041516144174
          ],
          [
            73.1304931640625,
            34.597041516144174
          ],
          [
            73.1304931640625,
            34.59251960889388
          ],
          [
            73.135986328125,
            34.59251960889388
          ],
          [
            73.135986328125,
            34.58799745550482
          ],
          [
            73.135986328125,
            34.58347505599177
          ],
          [
            73.1414794921875,
            34.58799745550482
          ],
          [
            73.1414794921875,
            34.58347505599177
          ],
          [
            73.1414794921875,
            34.57895241036948
          ],
          [
            73.1414794921875,
            34.574429518652735
          ],
          [
            73.1414794921875,
            34.56990638085635
          ],
          [
            73.14697265625,
            34.56990638085635
          ],
          [
            73.1414794921875,
            34.56538299699511
          ],
          [
            73.14697265625,
            34.56538299699511
          ],
          [
            73.14697265625,
            34.56085936708385
          ],
          [
            73.1524658203125,
            34.56085936708385
          ],
          [
            73.157958984375,
            34.56085936708385
          ],
          [
            73.157958984375,
            34.55633549113736
          ],
          [
            73.1634521484375,
            34.55633549113736
          ],
          [
            73.1634521484375,
            34.551811369170494
          ],
          [
            73.1689453125,
            34.54728700119803
          ],
          [
            73.1744384765625,
            34.551811369170494
          ],
          [
            73.1744384765625,
            34.54728700119803
          ],
          [
            73.179931640625,
            34.54728700119803
          ],
          [
            73.179931640625,
            34.542762387234845
          ],
          [
            73.179931640625,
            34.53823752729578
          ],
          [
            73.179931640625,
            34.542762387234845
          ],
          [
            73.1854248046875,
            34.53823752729578
          ],
          [
            73.179931640625,
            34.53371242139565
          ],
          [
            73.1854248046875,
            34.53371242139565
          ],
          [
            73.179931640625,
            34.52918706954935
          ],
          [
            73.1854248046875,
            34.53371242139565
          ],
          [
            73.1854248046875,
            34.52918706954935
          ],
          [
            73.19091796875,
            34.53371242139565
          ],
          [
            73.19091796875,
            34.52918706954935
          ],
          [
            73.19091796875,
            34.52466147177172
          ],
          [
            73.1964111328125,
            34.520135628077654
          ],
          [
            73.201904296875,
            34.520135628077654
          ],
          [
            73.2073974609375,
            34.51560953848204
          ],
          [
            73.2073974609375,
            34.511083202999714
          ],
          [
            73.212890625,
            34.51560953848204
          ],
          [
            73.2183837890625,
            34.5065566216456
          ],
          [
            73.223876953125,
            34.50202979443459
          ],
          [
            73.23486328125,
            34.5065566216456
          ],
          [
            73.23486328125,
            34.50202979443459
          ],
          [
            73.23486328125,
            34.49750272138162
          ],
          [
            73.2403564453125,
            34.49297540250153
          ],
          [
            73.245849609375,
            34.49297540250153
          ],
          [
            73.2513427734375,
            34.488447837809304
          ],
          [
            73.267822265625,
            34.48392002731987
          ],
          [
            73.267822265625,
            34.474863669009
          ],
          [
            73.267822265625,
            34.4703351212175
          ],
          [
            73.2733154296875,
            34.465806327688526
          ],
          [
            73.2733154296875,
            34.46127728843706
          ],
          [
            73.267822265625,
            34.45674800347808
          ],
          [
            73.267822265625,
            34.45221847282653
          ],
          [
            73.2623291015625,
            34.44768869649744
          ],
          [
            73.2568359375,
            34.43862840686651
          ],
          [
            73.2568359375,
            34.43409789359468
          ],
          [
            73.2513427734375,
            34.42956713470528
          ],
          [
            73.245849609375,
            34.425036130213314
          ],
          [
            73.2403564453125,
            34.420504880133834
          ],
          [
            73.223876953125,
            34.4069096565206
          ],
          [
            73.2183837890625,
            34.397844946449865
          ],
          [
            73.212890625,
            34.39331222316112
          ],
          [
            73.2073974609375,
            34.38877925439019
          ],
          [
            73.212890625,
            34.37517887533531
          ],
          [
            73.212890625,
            34.370644924786575
          ],
          [
            73.212890625,
            34.36157628748418
          ],
          [
            73.201904296875,
            34.34797149124496
          ],
          [
            73.1964111328125,
            34.338900400404995
          ]
        ]
      },
      "properties": {
        "name": "N-35",
        "gcop_source_layer": "highways",
        "gcop_map_layer": "highways_label"
      }
    },
    {
      "type": "Feature",
      "geometry": {
        "type": "LineString",
        "coordinates": [
          [
            74.586181640625,
            36.301845303684345
          ],
          [
            74.5916748046875,
            36.29741818650811
          ],
          [
            74.59716796875,
            36.29299081806339
          ],
          [
            74.6136474609375,
            36.28856319836237
          ],
          [
            74.6136474609375,
            36.27970720524017
          ],
          [
            74.608154296875,
            36.27527883184338
          ],
          [
            74.6026611328125,
            36.27527883184338
          ],
          [
            74.59716796875,
            36.27527883184338
          ],
          [
            74.59716796875,
            36.27970720524017
          ],
          [
            74.5916748046875,
            36.27970720524017
          ],
          [
            74.586181640625,
            36.27970720524017
          ],
          [
            74.5806884765625,
            36.27527883184338
          ],
          [
            74.5751953125,
            36.27527883184338
          ],
          [
            74.5697021484375,
            36.27085020723905
          ],
          [
            74.5697021484375,
            36.266421331439375
          ],
          [
            74.5751953125,
            36.26199220445663
          ],
          [
            74.5751953125,
            36.25756282630297
          ],
          [
            74.5697021484375,
            36.25756282630297
          ],
          [
            74.5587158203125,
            36.25313319699069
          ],
          [
            74.5477294921875,
            36.25756282630297
          ],
          [
            74.5477294921875,
            36.26199220445663
          ],
          [
            74.542236328125,
            36.26199220445663
          ],
          [
            74.5367431640625,
            36.266421331439375
          ],
          [
            74.53125,
            36.26199220445663
          ],
          [
            74.5257568359375,
            36.25756282630297
          ],
          [
            74.520263671875,
            36.25756282630297
          ],
          [
            74.5147705078125,
            36.25756282630297
          ],
          [
            74.50927734375,
            36.25313319699069
          ],
          [
            74.5037841796875,
            36.25313319699069
          ],
          [
            74.5037841796875,
            36.24870331653197
          ],
          [
            74.50927734375,
            36.24427318493909
          ],
          [
            74.5037841796875,
            36.24427318493909
          ],
          [
            74.498291015625,
            36.239842802224274
          ],
          [
            74.4927978515625,
            36.239842802224274
          ],
          [
            74.4873046875,
            36.239842802224274
          ],
          [
            74.476318359375,
            36.239842802224274
          ],
          [
            74.46533203125,
            36.239842802224274
          ],
          [
            74.4598388671875,
            36.239842802224274
          ],
          [
            74.454345703125,
            36.239842802224274
          ],
          [
            74.4488525390625,
            36.239842802224274
          ],
          [
            74.443359375,
            36.239842802224274
          ],
          [
            74.4378662109375,
            36.239842802224274
          ],
          [
            74.432373046875,
            36.23541216839979
          ],
          [
            74.4268798828125,
            36.23541216839979
          ],
          [
            74.42138671875,
            36.23098128347793
          ],
          [
            74.410400390625,
            36.23098128347793
          ],
          [
            74.3994140625,
            36.23541216839979
          ],
          [
            74.3994140625,
            36.239842802224274
          ],
          [
            74.3939208984375,
            36.23541216839979
          ],
          [
            74.3939208984375,
            36.239842802224274
          ],
          [
            74.388427734375,
            36.239842802224274
          ],
          [
            74.3829345703125,
            36.239842802224274
          ],
          [
            74.37744140625,
            36.239842802224274
          ],
          [
            74.366455078125,
            36.239842802224274
          ],
          [
            74.3609619140625,
            36.24427318493909
          ],
          [
            74.366455078125,
            36.24870331653197
          ],
          [
            74.3609619140625,
            36.25313319699069
          ],
          [
            74.3609619140625,
            36.25756282630297
          ],
          [
            74.35546875,
            36.25756282630297
          ],
          [
            74.3499755859375,
            36.24870331653197
          ],
          [
            74.33349609375,
            36.239842802224274
          ],
          [
            74.322509765625,
            36.23541216839979
          ],
          [
            74.3170166015625,
            36.23541216839979
          ],
          [
            74.3060302734375,
            36.23541216839979
          ],
          [
            74.3060302734375,
            36.21768712225057
          ],
          [
            74.3115234375,
            36.213255233061844
          ],
          [
            74.3115234375,
            36.20439070158872
          ],
          [
            74.3115234375,
            36.19995805932895
          ],
          [
            74.3060302734375,
            36.191092021824545
          ],
          [
            74.2950439453125,
            36.18665862660454
          ],
          [
            74.28955078125,
            36.182224980422504
          ],
          [
            74.28955078125,
            36.168922536227456
          ],
          [
            74.2840576171875,
            36.168922536227456
          ],
          [
            74.2840576171875,
            36.16448788632064
          ],
          [
            74.28955078125,
            36.155617833818525
          ],
          [
            74.2950439453125,
            36.15118243124803
          ],
          [
            74.300537109375,
            36.14231087352999
          ],
          [
            74.2950439453125,
            36.13787471840729
          ],
          [
            74.300537109375,
            36.12900165569653
          ],
          [
            74.300537109375,
            36.11125252076157
          ],
          [
            74.300537109375,
            36.10681461011845
          ],
          [
            74.300537109375,
            36.10237644873645
          ],
          [
            74.300537109375,
            36.09349937380574
          ],
          [
            74.300537109375,
            36.089060460282
          ],
          [
            74.2950439453125,
            36.089060460282
          ],
          [
            74.2950439453125,
            36.08018188118015
          ],
          [
            74.2950439453125,
            36.07130229942241
          ],
          [
            74.2950439453125,
            36.0624217151089
          ],
          [
            74.300537109375,
            36.04465753921525
          ],
          [
            74.300537109375,
            36.04021586880111
          ],
          [
            74.3115234375,
            36.02244668175847
          ],
          [
            74.3115234375,
            36.00911716117325
          ],
          [
            74.3115234375,
            36.00467348670186
          ],
          [
            74.3280029296875,
            35.9913409606354
          ],
          [
            74.3280029296875,
            35.98245135784043
          ],
          [
            74.3609619140625,
            35.95577654056531
          ],
          [
            74.366455078125,
            35.951329861522666
          ],
          [
            74.3719482421875,
            35.94688293218141
          ],
          [
            74.37744140625,
            35.94688293218141
          ],
          [
            74.3829345703125,
            35.93798832265392
          ],
          [
            74.3829345703125,
            35.92909271208457
          ],
          [
            74.37744140625,
            35.92909271208457
          ],
          [
            74.37744140625,
            35.92019610057511
          ],
          [
            74.3829345703125,
            35.91129848822746
          ],
          [
            74.3939208984375,
            35.90684930677121
          ],
          [
            74.3939208984375,
            35.902399875143644
          ],
          [
            74.3994140625,
            35.902399875143644
          ],
          [
            74.3994140625,
            35.893500261425714
          ],
          [
            74.3994140625,
            35.88905007936094
          ],
          [
            74.4049072265625,
            35.88459964717596
          ],
          [
            74.410400390625,
            35.87569803249666
          ],
          [
            74.4158935546875,
            35.87569803249666
          ],
          [
            74.42138671875,
            35.87569803249666
          ],
          [
            74.432373046875,
            35.87569803249666
          ],
          [
            74.4378662109375,
            35.8801489648836
          ],
          [
            74.4378662109375,
            35.87569803249666
          ],
          [
            74.443359375,
            35.87569803249666
          ],
          [
            74.443359375,
            35.87124685002797
          ],
          [
            74.4488525390625,
            35.87124685002797
          ],
          [
            74.454345703125,
            35.866795417490295
          ],
          [
            74.4598388671875,
            35.866795417490295
          ],
          [
            74.4598388671875,
            35.87124685002797
          ],
          [
            74.46533203125,
            35.87124685002797
          ],
          [
            74.4708251953125,
            35.87124685002797
          ],
          [
            74.476318359375,
            35.87124685002797
          ],
          [
            74.4818115234375,
            35.866795417490295
          ],
          [
            74.4927978515625,
            35.85789180225939
          ],
          [
            74.5037841796875,
            35.85789180225939
          ],
          [
            74.50927734375,
            35.85789180225939
          ],
          [
            74.5147705078125,
            35.85343961959181
          ],
          [
            74.520263671875,
            35.85343961959181
          ],
          [
            74.520263671875,
            35.8489871869066
          ],
          [
            74.5257568359375,
            35.84008157153468
          ],
          [
            74.53125,
            35.8356283888737
          ],
          [
            74.5367431640625,
            35.83117495624653
          ],
          [
            74.542236328125,
            35.83117495624653
          ],
          [
            74.542236328125,
            35.82672127366604
          ],
          [
            74.5477294921875,
            35.82226734114509
          ],
          [
            74.55322265625,
            35.82226734114509
          ],
          [
            74.564208984375,
            35.808904044068626
          ],
          [
            74.5697021484375,
            35.799993929885275
          ],
          [
            74.5697021484375,
            35.79108281624994
          ],
          [
            74.5697021484375,
            35.782170703266075
          ],
          [
            74.5751953125,
            35.782170703266075
          ],
          [
            74.5697021484375,
            35.77325759103725
          ],
          [
            74.5751953125,
            35.7688006602384
          ],
          [
            74.586181640625,
            35.7688006602384
          ],
          [
            74.5916748046875,
            35.764343479667176
          ],
          [
            74.5916748046875,
            35.759886049336615
          ],
          [
            74.59716796875,
            35.75542836925963
          ],
          [
            74.6026611328125,
            35.75542836925963
          ],
          [
            74.608154296875,
            35.75097043944926
          ],
          [
            74.6136474609375,
            35.746512259918504
          ],
          [
            74.6136474609375,
            35.75097043944926
          ],
          [
            74.619140625,
            35.746512259918504
          ],
          [
            74.619140625,
            35.74205383068036
          ],
          [
            74.619140625,
            35.737595151747826
          ],
          [
            74.6246337890625,
            35.737595151747826
          ],
          [
            74.619140625,
            35.724217616914146
          ],
          [
            74.6246337890625,
            35.71975793933433
          ],
          [
            74.630126953125,
            35.71529801212529
          ],
          [
            74.630126953125,
            35.71083783530008
          ],
          [
            74.630126953125,
            35.69745580725804
          ],
          [
            74.6356201171875,
            35.67960960936858
          ],
          [
            74.630126953125,
            35.67514743608467
          ],
          [
            74.6246337890625,
            35.67514743608467
          ],
          [
            74.6246337890625,
            35.67960960936858
          ],
          [
            74.6246337890625,
            35.67514743608467
          ],
          [
            74.619140625,
            35.67514743608467
          ],
          [
            74.619140625,
            35.67960960936858
          ],
          [
            74.6136474609375,
            35.67960960936858
          ],
          [
            74.619140625,
            35.67514743608467
          ],
          [
            74.619140625,
            35.666222341034796
          ],
          [
            74.6136474609375,
            35.65729624809629
          ],
          [
            74.608154296875,
            35.65283282745163
          ],
          [
            74.608154296875,
            35.64836915737426
          ],
          [
            74.6136474609375,
            35.64836915737426
          ],
          [
            74.6136474609375,
            35.64390523787732
          ],
          [
            74.6136474609375,
            35.63497665067729
          ],
          [
            74.608154296875,
            35.62604706595698
          ],
          [
            74.6136474609375,
            35.621581899559686
          ],
          [
            74.619140625,
            35.612650818756705
          ],
          [
            74.6246337890625,
            35.59925232772949
          ],
          [
            74.6246337890625,
            35.58585159323236
          ],
          [
            74.630126953125,
            35.58585159323236
          ],
          [
            74.630126953125,
            35.57691652403861
          ],
          [
            74.6246337890625,
            35.572448615622804
          ],
          [
            74.630126953125,
            35.572448615622804
          ],
          [
            74.6246337890625,
            35.56798045801209
          ],
          [
            74.619140625,
            35.5635120512197
          ],
          [
            74.619140625,
            35.55904339525897
          ],
          [
            74.619140625,
            35.55457449014311
          ],
          [
            74.619140625,
            35.55010533588552
          ],
          [
            74.6246337890625,
            35.54563593249942
          ],
          [
            74.6246337890625,
            35.54116627999815
          ],
          [
            74.630126953125,
            35.53222622770336
          ],
          [
            74.6356201171875,
            35.52775582793653
          ],
          [
            74.630126953125,
            35.523285179107816
          ],
          [
            74.619140625,
            35.51434313431818
          ],
          [
            74.608154296875,
            35.496456056584165
          ],
          [
            74.5916748046875,
            35.49198366469642
          ],
          [
            74.5806884765625,
            35.48751102385377
          ],
          [
            74.5697021484375,
            35.4830381340696
          ],
          [
            74.564208984375,
            35.47856499535729
          ],
          [
            74.55322265625,
            35.47409160773029
          ],
          [
            74.542236328125,
            35.47409160773029
          ],
          [
            74.53125,
            35.47409160773029
          ],
          [
            74.520263671875,
            35.47409160773029
          ],
          [
            74.50927734375,
            35.47856499535729
          ],
          [
            74.5037841796875,
            35.47856499535729
          ],
          [
            74.498291015625,
            35.47856499535729
          ],
          [
            74.4818115234375,
            35.46961797120201
          ],
          [
            74.476318359375,
            35.465144085785866
          ],
          [
            74.476318359375,
            35.460669951495305
          ],
          [
            74.476318359375,
            35.456195568343745
          ],
          [
            74.4708251953125,
            35.456195568343745
          ],
          [
            74.46533203125,
            35.45172093634466
          ],
          [
            74.4598388671875,
            35.44724605551147
          ],
          [
            74.4598388671875,
            35.44277092585766
          ],
          [
            74.4488525390625,
            35.43381992014203
          ],
          [
            74.443359375,
            35.43381992014203
          ],
          [
            74.432373046875,
            35.420391545750775
          ],
          [
            74.432373046875,
            35.41591492345623
          ],
          [
            74.4158935546875,
            35.41143805243546
          ],
          [
            74.410400390625,
            35.41143805243546
          ],
          [
            74.3939208984375,
            35.41143805243546
          ],
          [
            74.388427734375,
            35.41143805243546
          ],
          [
            74.366455078125,
            35.406960932702006
          ],
          [
            74.3499755859375,
            35.406960932702006
          ],
          [
            74.322509765625,
            35.406960932702006
          ],
          [
            74.3170166015625,
            35.406960932702006
          ],
          [
            74.3115234375,
            35.406960932702006
          ],
          [
            74.300537109375,
            35.41143805243546
          ],
          [
            74.2840576171875,
            35.42486791930558
          ],
          [
            74.2730712890625,
            35.42486791930558
          ],
          [
            74.2730712890625,
            35.420391545750775
          ],
          [
            74.2620849609375,
            35.41591492345623
          ],
          [
            74.256591796875,
            35.41591492345623
          ],
          [
            74.24560546875,
            35.41143805243546
          ],
          [
            74.2401123046875,
            35.41143805243546
          ],
          [
            74.2291259765625,
            35.406960932702006
          ],
          [
            74.2236328125,
            35.406960932702006
          ],
          [
            74.2181396484375,
            35.406960932702006
          ],
          [
            74.2071533203125,
            35.40248356426936
          ],
          [
            74.1961669921875,
            35.40248356426936
          ],
          [
            74.1796875,
            35.39800594715108
          ],
          [
            74.168701171875,
            35.406960932702006
          ],
          [
            74.15771484375,
            35.40248356426936
          ],
          [
            74.146728515625,
            35.406960932702006
          ],
          [
            74.1412353515625,
            35.41143805243546
          ],
          [
            74.1302490234375,
            35.41143805243546
          ],
          [
            74.11376953125,
            35.42486791930558
          ],
          [
            74.1082763671875,
            35.429344044107154
          ],
          [
            74.102783203125,
            35.43381992014203
          ],
          [
            74.091796875,
            35.43381992014203
          ]
        ]
      },
      "properties": {
        "name": "N-35",
        "gcop_source_layer": "highways",
        "gcop_map_layer": "highways_label"
      }
    },
    {
      "type": "Feature",
      "geometry": {
        "type": "LineString",
        "coordinates": [
          [
            71.7901611328125,
            35.862343734896484
          ],
          [
            71.7901611328125,
            35.85789180225939
          ],
          [
            71.795654296875,
            35.85343961959181
          ],
          [
            71.795654296875,
            35.8489871869066
          ],
          [
            71.7901611328125,
            35.84453450421661
          ],
          [
            71.795654296875,
            35.8356283888737
          ],
          [
            71.78466796875,
            35.82672127366604
          ],
          [
            71.78466796875,
            35.82226734114509
          ],
          [
            71.7791748046875,
            35.81781315869661
          ],
          [
            71.7791748046875,
            35.813358726333504
          ],
          [
            71.78466796875,
            35.813358726333504
          ],
          [
            71.78466796875,
            35.808904044068626
          ],
          [
            71.7791748046875,
            35.808904044068626
          ],
          [
            71.78466796875,
            35.804449111914906
          ],
          [
            71.7791748046875,
            35.799993929885275
          ],
          [
            71.78466796875,
            35.79108281624994
          ],
          [
            71.773681640625,
            35.7866268846701
          ],
          [
            71.773681640625,
            35.77771427205079
          ],
          [
            71.7791748046875,
            35.77325759103725
          ],
          [
            71.7791748046875,
            35.7688006602384
          ],
          [
            71.7791748046875,
            35.764343479667176
          ],
          [
            71.78466796875,
            35.759886049336615
          ],
          [
            71.78466796875,
            35.75542836925963
          ],
          [
            71.78466796875,
            35.75097043944926
          ],
          [
            71.78466796875,
            35.746512259918504
          ],
          [
            71.78466796875,
            35.74205383068036
          ],
          [
            71.7901611328125,
            35.737595151747826
          ],
          [
            71.78466796875,
            35.737595151747826
          ],
          [
            71.78466796875,
            35.733136223133926
          ],
          [
            71.7901611328125,
            35.72867704485169
          ],
          [
            71.7791748046875,
            35.71529801212529
          ],
          [
            71.7791748046875,
            35.70191673285339
          ],
          [
            71.773681640625,
            35.70191673285339
          ],
          [
            71.773681640625,
            35.69745580725804
          ],
          [
            71.773681640625,
            35.6929946320988
          ],
          [
            71.7681884765625,
            35.688533207388744
          ],
          [
            71.7681884765625,
            35.684071533140965
          ],
          [
            71.7626953125,
            35.67960960936858
          ],
          [
            71.7626953125,
            35.67514743608467
          ],
          [
            71.7626953125,
            35.67068501330236
          ],
          [
            71.7572021484375,
            35.67068501330236
          ],
          [
            71.7626953125,
            35.67068501330236
          ],
          [
            71.7626953125,
            35.666222341034796
          ],
          [
            71.7572021484375,
            35.666222341034796
          ],
          [
            71.7626953125,
            35.66175941929505
          ],
          [
            71.7681884765625,
            35.66175941929505
          ],
          [
            71.7681884765625,
            35.65729624809629
          ],
          [
            71.773681640625,
            35.66175941929505
          ],
          [
            71.7791748046875,
            35.65729624809629
          ],
          [
            71.78466796875,
            35.65283282745163
          ],
          [
            71.78466796875,
            35.64836915737426
          ],
          [
            71.7901611328125,
            35.63944106897394
          ],
          [
            71.795654296875,
            35.63944106897394
          ],
          [
            71.795654296875,
            35.63497665067729
          ],
          [
            71.795654296875,
            35.6305119830006
          ],
          [
            71.795654296875,
            35.62604706595698
          ],
          [
            71.8011474609375,
            35.621581899559686
          ],
          [
            71.8011474609375,
            35.612650818756705
          ],
          [
            71.8011474609375,
            35.60818490437747
          ],
          [
            71.806640625,
            35.59478566548724
          ],
          [
            71.806640625,
            35.59031875398378
          ],
          [
            71.806640625,
            35.58585159323236
          ],
          [
            71.8011474609375,
            35.58585159323236
          ],
          [
            71.806640625,
            35.57691652403861
          ],
          [
            71.8011474609375,
            35.56798045801209
          ],
          [
            71.795654296875,
            35.55904339525897
          ],
          [
            71.795654296875,
            35.55010533588552
          ],
          [
            71.7901611328125,
            35.54563593249942
          ],
          [
            71.78466796875,
            35.54563593249942
          ],
          [
            71.7791748046875,
            35.54116627999815
          ],
          [
            71.7791748046875,
            35.536696378395035
          ],
          [
            71.773681640625,
            35.536696378395035
          ],
          [
            71.7681884765625,
            35.52775582793653
          ],
          [
            71.7681884765625,
            35.523285179107816
          ],
          [
            71.7681884765625,
            35.51881428123059
          ],
          [
            71.7626953125,
            35.51881428123059
          ],
          [
            71.7572021484375,
            35.51881428123059
          ],
          [
            71.7572021484375,
            35.51434313431818
          ],
          [
            71.751708984375,
            35.51434313431818
          ],
          [
            71.74072265625,
            35.509871738383964
          ],
          [
            71.74072265625,
            35.505400093441324
          ],
          [
            71.74072265625,
            35.50092819950359
          ],
          [
            71.74072265625,
            35.496456056584165
          ],
          [
            71.7462158203125,
            35.48751102385377
          ],
          [
            71.7462158203125,
            35.4830381340696
          ],
          [
            71.7462158203125,
            35.47856499535729
          ],
          [
            71.7462158203125,
            35.47409160773029
          ],
          [
            71.74072265625,
            35.46961797120201
          ],
          [
            71.7352294921875,
            35.46961797120201
          ],
          [
            71.729736328125,
            35.46961797120201
          ],
          [
            71.7352294921875,
            35.465144085785866
          ],
          [
            71.7352294921875,
            35.460669951495305
          ],
          [
            71.7352294921875,
            35.456195568343745
          ],
          [
            71.74072265625,
            35.456195568343745
          ],
          [
            71.74072265625,
            35.45172093634466
          ],
          [
            71.74072265625,
            35.44724605551147
          ],
          [
            71.7462158203125,
            35.43381992014203
          ],
          [
            71.751708984375,
            35.43381992014203
          ],
          [
            71.751708984375,
            35.429344044107154
          ],
          [
            71.751708984375,
            35.42486791930558
          ],
          [
            71.751708984375,
            35.41591492345623
          ],
          [
            71.7681884765625,
            35.406960932702006
          ],
          [
            71.7681884765625,
            35.40248356426936
          ],
          [
            71.7681884765625,
            35.39800594715108
          ],
          [
            71.773681640625,
            35.39800594715108
          ],
          [
            71.773681640625,
            35.39352808136067
          ],
          [
            71.7791748046875,
            35.38457160381763
          ],
          [
            71.78466796875,
            35.380092992092145
          ],
          [
            71.78466796875,
            35.37561413174875
          ],
          [
            71.78466796875,
            35.380092992092145
          ],
          [
            71.78466796875,
            35.37561413174875
          ],
          [
            71.78466796875,
            35.380092992092145
          ],
          [
            71.78466796875,
            35.37561413174875
          ],
          [
            71.78466796875,
            35.37113502280101
          ],
          [
            71.7901611328125,
            35.37113502280101
          ],
          [
            71.7901611328125,
            35.362176059146805
          ],
          [
            71.7901611328125,
            35.3666556652625
          ],
          [
            71.7901611328125,
            35.362176059146805
          ],
          [
            71.7901611328125,
            35.357696204467516
          ],
          [
            71.7901611328125,
            35.362176059146805
          ],
          [
            71.7901611328125,
            35.357696204467516
          ],
          [
            71.795654296875,
            35.362176059146805
          ],
          [
            71.795654296875,
            35.357696204467516
          ],
          [
            71.795654296875,
            35.35321610123823
          ],
          [
            71.795654296875,
            35.357696204467516
          ],
          [
            71.8011474609375,
            35.34873574947255
          ],
          [
            71.806640625,
            35.34873574947255
          ],
          [
            71.8121337890625,
            35.34425514918409
          ],
          [
            71.8121337890625,
            35.33977430038645
          ],
          [
            71.8121337890625,
            35.335293203093286
          ],
          [
            71.817626953125,
            35.335293203093286
          ],
          [
            71.8231201171875,
            35.335293203093286
          ],
          [
            71.8231201171875,
            35.330811857318196
          ],
          [
            71.8231201171875,
            35.335293203093286
          ],
          [
            71.8231201171875,
            35.330811857318196
          ],
          [
            71.8231201171875,
            35.32633026307484
          ],
          [
            71.8231201171875,
            35.330811857318196
          ],
          [
            71.82861328125,
            35.32633026307484
          ],
          [
            71.82861328125,
            35.31736632923787
          ],
          [
            71.8341064453125,
            35.31736632923787
          ],
          [
            71.839599609375,
            35.31736632923787
          ],
          [
            71.8341064453125,
            35.31736632923787
          ],
          [
            71.8341064453125,
            35.31288398967159
          ],
          [
            71.839599609375,
            35.308401401691626
          ],
          [
            71.8450927734375,
            35.303918565311704
          ],
          [
            71.8450927734375,
            35.299435480545455
          ],
          [
            71.8505859375,
            35.299435480545455
          ],
          [
            71.8560791015625,
            35.299435480545455
          ],
          [
            71.8505859375,
            35.294952147406576
          ],
          [
            71.8505859375,
            35.28598473606576
          ],
          [
            71.8505859375,
            35.281500657891186
          ],
          [
            71.8505859375,
            35.27701633139884
          ],
          [
            71.8505859375,
            35.27253175660236
          ],
          [
            71.8505859375,
            35.26804693351555
          ],
          [
            71.8560791015625,
            35.27253175660236
          ],
          [
            71.8560791015625,
            35.26804693351555
          ],
          [
            71.8560791015625,
            35.2635618621521
          ],
          [
            71.8560791015625,
            35.26804693351555
          ],
          [
            71.8560791015625,
            35.25907654252575
          ],
          [
            71.861572265625,
            35.25459097465024
          ],
          [
            71.861572265625,
            35.250105158539355
          ],
          [
            71.861572265625,
            35.24561909420683
          ],
          [
            71.861572265625,
            35.24113278166642
          ],
          [
            71.861572265625,
            35.23664622093196
          ],
          [
            71.861572265625,
            35.232159412017154
          ],
          [
            71.8670654296875,
            35.232159412017154
          ],
          [
            71.87255859375,
            35.22767235493586
          ],
          [
            71.87255859375,
            35.22318504970181
          ],
          [
            71.87255859375,
            35.21869749632886
          ],
          [
            71.87255859375,
            35.21420969483077
          ],
          [
            71.8780517578125,
            35.20972164522138
          ],
          [
            71.8780517578125,
            35.205233347514536
          ],
          [
            71.87255859375,
            35.200744801724014
          ],
          [
            71.87255859375,
            35.191766965947394
          ],
          [
            71.8780517578125,
            35.182788138002294
          ],
          [
            71.8780517578125,
            35.17829835200121
          ],
          [
            71.883544921875,
            35.169318036011305
          ],
          [
            71.8890380859375,
            35.169318036011305
          ],
          [
            71.8890380859375,
            35.16482750605027
          ],
          [
            71.8890380859375,
            35.160336728130346
          ],
          [
            71.89453125,
            35.160336728130346
          ],
          [
            71.89453125,
            35.15584570226544
          ],
          [
            71.9000244140625,
            35.15584570226544
          ],
          [
            71.89453125,
            35.1468629067563
          ],
          [
            71.89453125,
            35.142371137139904
          ],
          [
            71.905517578125,
            35.142371137139904
          ],
          [
            71.9110107421875,
            35.13787911963418
          ],
          [
            71.9110107421875,
            35.133386854253075
          ],
          [
            71.91650390625,
            35.133386854253075
          ],
          [
            71.9219970703125,
            35.133386854253075
          ],
          [
            71.927490234375,
            35.133386854253075
          ],
          [
            71.927490234375,
            35.12889434101051
          ],
          [
            71.9329833984375,
            35.12889434101051
          ],
          [
            71.9384765625,
            35.12889434101051
          ],
          [
            71.9439697265625,
            35.12889434101051
          ],
          [
            71.949462890625,
            35.12889434101051
          ],
          [
            71.9549560546875,
            35.12440157992043
          ],
          [
            71.9549560546875,
            35.12889434101051
          ],
          [
            71.9549560546875,
            35.12440157992043
          ],
          [
            71.96044921875,
            35.12440157992043
          ],
          [
            71.96044921875,
            35.11990857099681
          ],
          [
            71.9659423828125,
            35.115415314253596
          ],
          [
            71.971435546875,
            35.115415314253596
          ],
          [
            71.9769287109375,
            35.115415314253596
          ],
          [
            71.982421875,
            35.11092180970475
          ],
          [
            71.9879150390625,
            35.106428057364255
          ],
          [
            71.993408203125,
            35.106428057364255
          ],
          [
            71.993408203125,
            35.11092180970475
          ],
          [
            71.993408203125,
            35.106428057364255
          ],
          [
            71.9879150390625,
            35.106428057364255
          ],
          [
            71.9879150390625,
            35.101934057246055
          ],
          [
            71.982421875,
            35.097439809364204
          ],
          [
            71.982421875,
            35.09294531373263
          ],
          [
            71.9879150390625,
            35.09294531373263
          ],
          [
            71.982421875,
            35.09294531373263
          ],
          [
            71.9879150390625,
            35.08845057036537
          ],
          [
            71.993408203125,
            35.083955579276434
          ],
          [
            71.993408203125,
            35.07946034047981
          ],
          [
            71.993408203125,
            35.074964853989556
          ],
          [
            71.9879150390625,
            35.06597313798417
          ],
          [
            71.9879150390625,
            35.06147690849717
          ],
          [
            71.993408203125,
            35.06147690849717
          ],
          [
            72.00439453125,
            35.04798673426734
          ],
          [
            72.0098876953125,
            35.038992046780805
          ],
          [
            72.00439453125,
            35.03449433167977
          ],
          [
            72.0098876953125,
            35.02999636902565
          ],
          [
            72.015380859375,
            35.02549815883259
          ],
          [
            72.015380859375,
            35.016500995886005
          ],
          [
            72.0208740234375,
            35.016500995886005
          ],
          [
            72.0263671875,
            35.016500995886005
          ],
          [
            72.0263671875,
            35.012002043160706
          ],
          [
            72.0263671875,
            35.0075028429529
          ],
          [
            72.0263671875,
            35.00300339527672
          ],
          [
            72.0318603515625,
            35.00300339527672
          ],
          [
            72.037353515625,
            34.99400375757577
          ],
          [
            72.0318603515625,
            34.989503567579305
          ],
          [
            72.0318603515625,
            34.98050244536519
          ],
          [
            72.0263671875,
            34.98050244536519
          ],
          [
            72.0263671875,
            34.97600151317589
          ],
          [
            72.0263671875,
            34.96699890670368
          ],
          [
            72.0208740234375,
            34.95799531086793
          ],
          [
            72.0263671875,
            34.94899072578227
          ],
          [
            72.0208740234375,
            34.94448806230625
          ],
          [
            72.0208740234375,
            34.939985151560435
          ],
          [
            72.0208740234375,
            34.93548199355901
          ],
          [
            72.015380859375,
            34.93097858831628
          ],
          [
            72.0208740234375,
            34.92647493584646
          ],
          [
            72.0208740234375,
            34.92197103616377
          ],
          [
            72.015380859375,
            34.91746688928252
          ],
          [
            71.9989013671875,
            34.91296249521697
          ],
          [
            71.9989013671875,
            34.908457853981375
          ],
          [
            71.9989013671875,
            34.903952965590065
          ],
          [
            71.993408203125,
            34.899447830057255
          ],
          [
            71.982421875,
            34.89494244739733
          ],
          [
            71.971435546875,
            34.89043681762452
          ],
          [
            71.9659423828125,
            34.88593094075317
          ],
          [
            71.9659423828125,
            34.88142481679756
          ],
          [
            71.96044921875,
            34.88142481679756
          ],
          [
            71.9549560546875,
            34.87691844577209
          ],
          [
            71.9549560546875,
            34.867904962568716
          ],
          [
            71.949462890625,
            34.86339785041953
          ],
          [
            71.9384765625,
            34.858890491257796
          ],
          [
            71.927490234375,
            34.86339785041953
          ],
          [
            71.9219970703125,
            34.858890491257796
          ],
          [
            71.9110107421875,
            34.858890491257796
          ],
          [
            71.905517578125,
            34.858890491257796
          ],
          [
            71.9000244140625,
            34.858890491257796
          ],
          [
            71.89453125,
            34.86339785041953
          ],
          [
            71.8890380859375,
            34.858890491257796
          ],
          [
            71.883544921875,
            34.86339785041953
          ],
          [
            71.8780517578125,
            34.867904962568716
          ],
          [
            71.87255859375,
            34.86339785041953
          ],
          [
            71.8670654296875,
            34.854382885097905
          ],
          [
            71.8670654296875,
            34.849875031954184
          ],
          [
            71.8560791015625,
            34.845366931840985
          ],
          [
            71.8450927734375,
            34.836349990763864
          ],
          [
            71.8450927734375,
            34.83184114982865
          ],
          [
            71.839599609375,
            34.82733206198159
          ],
          [
            71.839599609375,
            34.822822727237025
          ],
          [
            71.839599609375,
            34.813803317113155
          ],
          [
            71.82861328125,
            34.80929324176266
          ],
          [
            71.82861328125,
            34.8047829195724
          ],
          [
            71.8231201171875,
            34.8047829195724
          ],
          [
            71.817626953125,
            34.79576153473033
          ],
          [
            71.817626953125,
            34.79125047210742
          ],
          [
            71.8121337890625,
            34.79125047210742
          ],
          [
            71.8011474609375,
            34.79125047210742
          ],
          [
            71.7901611328125,
            34.78673916270253
          ],
          [
            71.78466796875,
            34.78222760653013
          ],
          [
            71.7901611328125,
            34.773203753940734
          ],
          [
            71.795654296875,
            34.76417891445513
          ]
        ]
      },
      "properties": {
        "name": "N-45",
        "gcop_source_layer": "highways",
        "gcop_map_layer": "highways_label"
      }
    },
    {
      "type": "Feature",
      "geometry": {
        "type": "LineString",
        "coordinates": [
          [
            66.95068359375,
            30.363396239603745
          ],
          [
            66.9561767578125,
            30.363396239603745
          ],
          [
            66.9671630859375,
            30.36813582872057
          ],
          [
            66.9671630859375,
            30.372875188118044
          ],
          [
            66.97265625,
            30.372875188118044
          ],
          [
            66.97265625,
            30.377614317774785
          ],
          [
            66.9781494140625,
            30.377614317774785
          ],
          [
            66.983642578125,
            30.38235321766959
          ],
          [
            66.983642578125,
            30.387091887781125
          ],
          [
            66.99462890625,
            30.391830328088133
          ],
          [
            67.0001220703125,
            30.396568538569383
          ],
          [
            67.0001220703125,
            30.401306519203587
          ],
          [
            67.005615234375,
            30.41078179084589
          ],
          [
            67.0111083984375,
            30.41551908181151
          ],
          [
            67.0220947265625,
            30.424992973925598
          ],
          [
            67.0330810546875,
            30.424992973925598
          ],
          [
            67.049560546875,
            30.424992973925598
          ],
          [
            67.060546875,
            30.4297295750316
          ],
          [
            67.0770263671875,
            30.434465946141998
          ],
          [
            67.093505859375,
            30.44393799829116
          ],
          [
            67.0989990234375,
            30.453409130203596
          ],
          [
            67.1099853515625,
            30.458144351018078
          ],
          [
            67.12646484375,
            30.477082932837675
          ],
          [
            67.137451171875,
            30.486550842588485
          ],
          [
            67.1429443359375,
            30.486550842588485
          ],
          [
            67.1429443359375,
            30.491284452100174
          ],
          [
            67.1539306640625,
            30.491284452100174
          ],
          [
            67.181396484375,
            30.496017831341277
          ],
          [
            67.203369140625,
            30.51494904517773
          ],
          [
            67.2198486328125,
            30.53860787885455
          ],
          [
            67.225341796875,
            30.543338954230222
          ],
          [
            67.2418212890625,
            30.55280041345354
          ],
          [
            67.247314453125,
            30.557530797259176
          ],
          [
            67.2637939453125,
            30.566990873153344
          ],
          [
            67.2857666015625,
            30.581179257386978
          ],
          [
            67.291259765625,
            30.585908257485585
          ],
          [
            67.2967529296875,
            30.59063702689295
          ],
          [
            67.3077392578125,
            30.595365565588082
          ],
          [
            67.313232421875,
            30.600093873550065
          ],
          [
            67.3187255859375,
            30.60482195075798
          ],
          [
            67.32421875,
            30.614277412827747
          ],
          [
            67.3297119140625,
            30.614277412827747
          ],
          [
            67.3516845703125,
            30.619004797647804
          ],
          [
            67.39013671875,
            30.642638258763256
          ],
          [
            67.3956298828125,
            30.647364258243186
          ],
          [
            67.401123046875,
            30.652090026760007
          ],
          [
            67.412109375,
            30.661540870820915
          ],
          [
            67.423095703125,
            30.67099079077917
          ],
          [
            67.4285888671875,
            30.67099079077917
          ],
          [
            67.445068359375,
            30.685163937659567
          ],
          [
            67.4505615234375,
            30.689887857721203
          ],
          [
            67.4615478515625,
            30.685163937659567
          ],
          [
            67.4725341796875,
            30.689887857721203
          ],
          [
            67.47802734375,
            30.689887857721203
          ],
          [
            67.489013671875,
            30.708781226254118
          ],
          [
            67.5,
            30.718226523201352
          ],
          [
            67.5054931640625,
            30.718226523201352
          ],
          [
            67.532958984375,
            30.732392734006083
          ],
          [
            67.5384521484375,
            30.73711434162702
          ],
          [
            67.5439453125,
            30.73711434162702
          ],
          [
            67.5604248046875,
            30.73711434162702
          ],
          [
            67.5714111328125,
            30.741835717889785
          ],
          [
            67.5714111328125,
            30.746556862773616
          ],
          [
            67.5933837890625,
            30.75599845832167
          ],
          [
            67.620849609375,
            30.77015911578421
          ],
          [
            67.6318359375,
            30.779598396611533
          ],
          [
            67.6373291015625,
            30.78431768971889
          ],
          [
            67.65380859375,
            30.793755581217667
          ]
        ]
      },
      "properties": {
        "name": "N-50",
        "gcop_source_layer": "highways",
        "gcop_map_layer": "highways_label"
      }
    },
    {
      "type": "Feature",
      "geometry": {
        "type": "LineString",
        "coordinates": [
          [
            72.8778076171875,
            34.92647493584646
          ],
          [
            72.8778076171875,
            34.93097858831628
          ],
          [
            72.872314453125,
            34.93097858831628
          ],
          [
            72.872314453125,
            34.93548199355901
          ],
          [
            72.8668212890625,
            34.93548199355901
          ],
          [
            72.861328125,
            34.93548199355901
          ],
          [
            72.8558349609375,
            34.93097858831628
          ],
          [
            72.850341796875,
            34.93097858831628
          ],
          [
            72.8448486328125,
            34.92647493584646
          ],
          [
            72.83935546875,
            34.92647493584646
          ],
          [
            72.8338623046875,
            34.92197103616377
          ],
          [
            72.828369140625,
            34.92197103616377
          ],
          [
            72.828369140625,
            34.91746688928252
          ],
          [
            72.828369140625,
            34.91296249521697
          ],
          [
            72.8228759765625,
            34.91296249521697
          ],
          [
            72.8228759765625,
            34.908457853981375
          ],
          [
            72.8173828125,
            34.908457853981375
          ],
          [
            72.8118896484375,
            34.903952965590065
          ],
          [
            72.806396484375,
            34.903952965590065
          ],
          [
            72.806396484375,
            34.899447830057255
          ],
          [
            72.8009033203125,
            34.899447830057255
          ],
          [
            72.79541015625,
            34.89043681762452
          ],
          [
            72.7899169921875,
            34.89043681762452
          ],
          [
            72.784423828125,
            34.89043681762452
          ],
          [
            72.7789306640625,
            34.88593094075317
          ],
          [
            72.7734375,
            34.88593094075317
          ],
          [
            72.7679443359375,
            34.88593094075317
          ],
          [
            72.7679443359375,
            34.89043681762452
          ],
          [
            72.762451171875,
            34.89043681762452
          ],
          [
            72.762451171875,
            34.88593094075317
          ],
          [
            72.762451171875,
            34.88142481679756
          ],
          [
            72.762451171875,
            34.87691844577209
          ],
          [
            72.762451171875,
            34.867904962568716
          ],
          [
            72.7569580078125,
            34.86339785041953
          ],
          [
            72.75146484375,
            34.86339785041953
          ],
          [
            72.7459716796875,
            34.867904962568716
          ],
          [
            72.7459716796875,
            34.86339785041953
          ],
          [
            72.7349853515625,
            34.867904962568716
          ],
          [
            72.7294921875,
            34.867904962568716
          ],
          [
            72.7239990234375,
            34.867904962568716
          ],
          [
            72.718505859375,
            34.872411827691025
          ],
          [
            72.70751953125,
            34.87691844577209
          ],
          [
            72.7020263671875,
            34.87691844577209
          ],
          [
            72.696533203125,
            34.87691844577209
          ],
          [
            72.696533203125,
            34.88142481679756
          ],
          [
            72.696533203125,
            34.88593094075317
          ],
          [
            72.6910400390625,
            34.88593094075317
          ],
          [
            72.6910400390625,
            34.89043681762452
          ],
          [
            72.685546875,
            34.89043681762452
          ],
          [
            72.6800537109375,
            34.89494244739733
          ],
          [
            72.674560546875,
            34.899447830057255
          ],
          [
            72.66357421875,
            34.899447830057255
          ],
          [
            72.6580810546875,
            34.899447830057255
          ],
          [
            72.6470947265625,
            34.899447830057255
          ],
          [
            72.6416015625,
            34.903952965590065
          ],
          [
            72.6416015625,
            34.908457853981375
          ],
          [
            72.6361083984375,
            34.91296249521697
          ],
          [
            72.630615234375,
            34.92197103616377
          ],
          [
            72.630615234375,
            34.91746688928252
          ],
          [
            72.630615234375,
            34.91296249521697
          ],
          [
            72.6251220703125,
            34.91296249521697
          ],
          [
            72.6251220703125,
            34.908457853981375
          ],
          [
            72.630615234375,
            34.908457853981375
          ],
          [
            72.6251220703125,
            34.908457853981375
          ],
          [
            72.6251220703125,
            34.903952965590065
          ],
          [
            72.61962890625,
            34.903952965590065
          ],
          [
            72.6251220703125,
            34.899447830057255
          ],
          [
            72.61962890625,
            34.899447830057255
          ],
          [
            72.6251220703125,
            34.899447830057255
          ],
          [
            72.61962890625,
            34.89494244739733
          ],
          [
            72.6141357421875,
            34.89494244739733
          ],
          [
            72.61962890625,
            34.89494244739733
          ],
          [
            72.61962890625,
            34.89043681762452
          ],
          [
            72.6251220703125,
            34.89043681762452
          ],
          [
            72.61962890625,
            34.88593094075317
          ],
          [
            72.6141357421875,
            34.88593094075317
          ],
          [
            72.6141357421875,
            34.89043681762452
          ],
          [
            72.6141357421875,
            34.88593094075317
          ],
          [
            72.6141357421875,
            34.89043681762452
          ],
          [
            72.608642578125,
            34.88593094075317
          ],
          [
            72.6031494140625,
            34.89043681762452
          ],
          [
            72.59765625,
            34.88593094075317
          ],
          [
            72.59765625,
            34.89043681762452
          ],
          [
            72.59765625,
            34.88593094075317
          ],
          [
            72.5921630859375,
            34.88593094075317
          ],
          [
            72.59765625,
            34.88593094075317
          ],
          [
            72.59765625,
            34.88142481679756
          ],
          [
            72.5921630859375,
            34.88142481679756
          ],
          [
            72.5921630859375,
            34.88593094075317
          ],
          [
            72.586669921875,
            34.88593094075317
          ],
          [
            72.586669921875,
            34.89043681762452
          ],
          [
            72.5811767578125,
            34.89043681762452
          ],
          [
            72.57568359375,
            34.89043681762452
          ],
          [
            72.57568359375,
            34.89494244739733
          ],
          [
            72.5701904296875,
            34.89494244739733
          ],
          [
            72.5701904296875,
            34.899447830057255
          ],
          [
            72.564697265625,
            34.89494244739733
          ],
          [
            72.564697265625,
            34.899447830057255
          ],
          [
            72.5592041015625,
            34.89494244739733
          ],
          [
            72.5592041015625,
            34.899447830057255
          ],
          [
            72.5592041015625,
            34.903952965590065
          ],
          [
            72.542724609375,
            34.903952965590065
          ],
          [
            72.542724609375,
            34.908457853981375
          ],
          [
            72.5372314453125,
            34.91296249521697
          ],
          [
            72.53173828125,
            34.91296249521697
          ],
          [
            72.5372314453125,
            34.908457853981375
          ],
          [
            72.53173828125,
            34.908457853981375
          ],
          [
            72.53173828125,
            34.91296249521697
          ],
          [
            72.5262451171875,
            34.91746688928252
          ],
          [
            72.5262451171875,
            34.908457853981375
          ],
          [
            72.5262451171875,
            34.91296249521697
          ],
          [
            72.5262451171875,
            34.92197103616377
          ],
          [
            72.520751953125,
            34.92197103616377
          ],
          [
            72.5152587890625,
            34.92647493584646
          ],
          [
            72.509765625,
            34.92647493584646
          ],
          [
            72.4932861328125,
            34.93548199355901
          ],
          [
            72.48779296875,
            34.93548199355901
          ],
          [
            72.4822998046875,
            34.93548199355901
          ],
          [
            72.4713134765625,
            34.93548199355901
          ]
        ]
      },
      "properties": {
        "name": "N-90",
        "gcop_source_layer": "highways",
        "gcop_map_layer": "highways_label"
      }
    },
    {
      "type": "Feature",
      "geometry": {
        "type": "LineString",
        "coordinates": [
          [
            72.586669921875,
            35.48751102385377
          ],
          [
            72.586669921875,
            35.4830381340696
          ],
          [
            72.5921630859375,
            35.47856499535729
          ],
          [
            72.5921630859375,
            35.47409160773029
          ],
          [
            72.59765625,
            35.465144085785866
          ],
          [
            72.59765625,
            35.460669951495305
          ],
          [
            72.59765625,
            35.45172093634466
          ],
          [
            72.6031494140625,
            35.44277092585766
          ],
          [
            72.6031494140625,
            35.43829554739668
          ],
          [
            72.6031494140625,
            35.43381992014203
          ],
          [
            72.6031494140625,
            35.429344044107154
          ],
          [
            72.6031494140625,
            35.420391545750775
          ],
          [
            72.6031494140625,
            35.41591492345623
          ],
          [
            72.6031494140625,
            35.41143805243546
          ],
          [
            72.6031494140625,
            35.406960932702006
          ],
          [
            72.6031494140625,
            35.40248356426936
          ],
          [
            72.608642578125,
            35.39800594715108
          ],
          [
            72.6031494140625,
            35.39352808136067
          ],
          [
            72.6031494140625,
            35.38457160381763
          ],
          [
            72.6031494140625,
            35.380092992092145
          ],
          [
            72.6031494140625,
            35.37561413174875
          ],
          [
            72.6031494140625,
            35.3666556652625
          ],
          [
            72.6031494140625,
            35.362176059146805
          ],
          [
            72.6031494140625,
            35.357696204467516
          ],
          [
            72.608642578125,
            35.34425514918409
          ],
          [
            72.608642578125,
            35.33977430038645
          ],
          [
            72.6141357421875,
            35.330811857318196
          ],
          [
            72.6141357421875,
            35.32633026307484
          ],
          [
            72.6141357421875,
            35.31736632923787
          ],
          [
            72.6141357421875,
            35.303918565311704
          ],
          [
            72.608642578125,
            35.299435480545455
          ],
          [
            72.6141357421875,
            35.294952147406576
          ],
          [
            72.608642578125,
            35.294952147406576
          ],
          [
            72.608642578125,
            35.29046856590878
          ],
          [
            72.6031494140625,
            35.281500657891186
          ],
          [
            72.59765625,
            35.27253175660236
          ],
          [
            72.5921630859375,
            35.250105158539355
          ],
          [
            72.5811767578125,
            35.24113278166642
          ],
          [
            72.57568359375,
            35.23664622093196
          ],
          [
            72.57568359375,
            35.232159412017154
          ],
          [
            72.5701904296875,
            35.22767235493586
          ],
          [
            72.564697265625,
            35.21869749632886
          ],
          [
            72.5537109375,
            35.21420969483077
          ],
          [
            72.5537109375,
            35.20972164522138
          ],
          [
            72.5482177734375,
            35.205233347514536
          ],
          [
            72.542724609375,
            35.205233347514536
          ],
          [
            72.542724609375,
            35.200744801724014
          ],
          [
            72.542724609375,
            35.19625600786368
          ],
          [
            72.5372314453125,
            35.191766965947394
          ],
          [
            72.5372314453125,
            35.18727767598898
          ],
          [
            72.5372314453125,
            35.182788138002294
          ],
          [
            72.5372314453125,
            35.17829835200121
          ],
          [
            72.53173828125,
            35.17380831799959
          ],
          [
            72.53173828125,
            35.16482750605027
          ],
          [
            72.53173828125,
            35.15584570226544
          ],
          [
            72.53173828125,
            35.15135442846946
          ],
          [
            72.53173828125,
            35.1468629067563
          ],
          [
            72.5372314453125,
            35.1468629067563
          ],
          [
            72.5372314453125,
            35.142371137139904
          ],
          [
            72.53173828125,
            35.133386854253075
          ],
          [
            72.520751953125,
            35.11990857099681
          ],
          [
            72.5152587890625,
            35.11092180970475
          ],
          [
            72.5152587890625,
            35.106428057364255
          ],
          [
            72.509765625,
            35.106428057364255
          ],
          [
            72.5042724609375,
            35.101934057246055
          ],
          [
            72.498779296875,
            35.097439809364204
          ],
          [
            72.498779296875,
            35.09294531373263
          ],
          [
            72.498779296875,
            35.083955579276434
          ],
          [
            72.4932861328125,
            35.07946034047981
          ],
          [
            72.4932861328125,
            35.074964853989556
          ],
          [
            72.48779296875,
            35.074964853989556
          ],
          [
            72.4932861328125,
            35.07046911981966
          ],
          [
            72.48779296875,
            35.07046911981966
          ],
          [
            72.48779296875,
            35.06597313798417
          ],
          [
            72.4822998046875,
            35.06147690849717
          ],
          [
            72.476806640625,
            35.038992046780805
          ],
          [
            72.476806640625,
            35.02999636902565
          ],
          [
            72.4713134765625,
            35.02999636902565
          ],
          [
            72.476806640625,
            35.02549815883259
          ],
          [
            72.4713134765625,
            35.02549815883259
          ],
          [
            72.4713134765625,
            35.016500995886005
          ],
          [
            72.4713134765625,
            35.00300339527672
          ],
          [
            72.4713134765625,
            34.985003130171066
          ],
          [
            72.4713134765625,
            34.97150033361733
          ],
          [
            72.4713134765625,
            34.96699890670368
          ],
          [
            72.4713134765625,
            34.96249723244915
          ],
          [
            72.4713134765625,
            34.93548199355901
          ],
          [
            72.4658203125,
            34.93548199355901
          ],
          [
            72.4658203125,
            34.93097858831628
          ],
          [
            72.4603271484375,
            34.93097858831628
          ],
          [
            72.4603271484375,
            34.92647493584646
          ],
          [
            72.454833984375,
            34.91746688928252
          ],
          [
            72.4493408203125,
            34.91746688928252
          ],
          [
            72.4493408203125,
            34.91296249521697
          ],
          [
            72.4493408203125,
            34.903952965590065
          ],
          [
            72.44384765625,
            34.899447830057255
          ],
          [
            72.44384765625,
            34.89043681762452
          ],
          [
            72.4383544921875,
            34.872411827691025
          ],
          [
            72.4383544921875,
            34.86339785041953
          ],
          [
            72.44384765625,
            34.858890491257796
          ],
          [
            72.4383544921875,
            34.858890491257796
          ],
          [
            72.44384765625,
            34.84085858477276
          ],
          [
            72.4383544921875,
            34.81831314560942
          ],
          [
            72.4273681640625,
            34.80929324176266
          ],
          [
            72.432861328125,
            34.80929324176266
          ],
          [
            72.4273681640625,
            34.8047829195724
          ],
          [
            72.421875,
            34.800272350556824
          ],
          [
            72.4163818359375,
            34.79576153473033
          ],
          [
            72.410888671875,
            34.79576153473033
          ],
          [
            72.4053955078125,
            34.79576153473033
          ],
          [
            72.39990234375,
            34.79576153473033
          ],
          [
            72.3944091796875,
            34.79125047210742
          ],
          [
            72.388916015625,
            34.79125047210742
          ],
          [
            72.3779296875,
            34.79125047210742
          ],
          [
            72.366943359375,
            34.78673916270253
          ],
          [
            72.3614501953125,
            34.78673916270253
          ],
          [
            72.3614501953125,
            34.78222760653013
          ],
          [
            72.3614501953125,
            34.77771580360469
          ],
          [
            72.3614501953125,
            34.773203753940734
          ],
          [
            72.35595703125,
            34.773203753940734
          ],
          [
            72.3504638671875,
            34.773203753940734
          ],
          [
            72.3394775390625,
            34.768691457552706
          ],
          [
            72.333984375,
            34.768691457552706
          ],
          [
            72.3284912109375,
            34.76417891445513
          ],
          [
            72.322998046875,
            34.76417891445513
          ],
          [
            72.3175048828125,
            34.75966612466247
          ],
          [
            72.31201171875,
            34.75966612466247
          ],
          [
            72.3065185546875,
            34.75966612466247
          ],
          [
            72.301025390625,
            34.75515308818932
          ],
          [
            72.301025390625,
            34.7506398050501
          ],
          [
            72.2955322265625,
            34.7506398050501
          ],
          [
            72.2900390625,
            34.74161249883173
          ],
          [
            72.2845458984375,
            34.74161249883173
          ],
          [
            72.2900390625,
            34.73709847578162
          ],
          [
            72.26806640625,
            34.71000915922494
          ],
          [
            72.2625732421875,
            34.70549341022547
          ],
          [
            72.257080078125,
            34.7009774147201
          ],
          [
            72.2515869140625,
            34.69646117272349
          ],
          [
            72.235107421875,
            34.68291096793206
          ],
          [
            72.2296142578125,
            34.68291096793206
          ],
          [
            72.22412109375,
            34.673876265882726
          ],
          [
            72.2076416015625,
            34.673876265882726
          ],
          [
            72.1966552734375,
            34.673876265882726
          ],
          [
            72.191162109375,
            34.664840578219284
          ],
          [
            72.18017578125,
            34.664840578219284
          ],
          [
            72.1636962890625,
            34.655803905058974
          ],
          [
            72.1527099609375,
            34.651285198954156
          ],
          [
            72.147216796875,
            34.655803905058974
          ],
          [
            72.1417236328125,
            34.66032236481891
          ],
          [
            72.13623046875,
            34.66032236481891
          ],
          [
            72.1307373046875,
            34.664840578219284
          ],
          [
            72.125244140625,
            34.664840578219284
          ],
          [
            72.125244140625,
            34.66032236481891
          ],
          [
            72.1197509765625,
            34.66032236481891
          ],
          [
            72.1142578125,
            34.655803905058974
          ],
          [
            72.1142578125,
            34.66032236481891
          ],
          [
            72.1087646484375,
            34.655803905058974
          ],
          [
            72.103271484375,
            34.651285198954156
          ],
          [
            72.0867919921875,
            34.64676624651911
          ],
          [
            72.0703125,
            34.64676624651911
          ],
          [
            72.0648193359375,
            34.64676624651911
          ],
          [
            72.059326171875,
            34.642247047768535
          ],
          [
            72.0428466796875,
            34.642247047768535
          ],
          [
            72.0318603515625,
            34.642247047768535
          ]
        ]
      },
      "properties": {
        "name": "N-95",
        "gcop_source_layer": "highways",
        "gcop_map_layer": "highways_label"
      }
    },
    {
      "type": "Feature",
      "geometry": {
        "type": "LineString",
        "coordinates": [
          [
            70.7135009765625,
            31.395846541938496
          ],
          [
            70.6915283203125,
            31.35363694150098
          ],
          [
            70.68603515625,
            31.3020216901361
          ],
          [
            70.6805419921875,
            31.264465555752835
          ],
          [
            70.6365966796875,
            31.212801458338816
          ],
          [
            70.631103515625,
            31.208103321325254
          ],
          [
            70.631103515625,
            31.203404950917403
          ],
          [
            70.6365966796875,
            31.17990959866414
          ],
          [
            70.6475830078125,
            31.151707478133673
          ],
          [
            70.6585693359375,
            31.048227924549778
          ],
          [
            70.6805419921875,
            31.015278981711262
          ],
          [
            70.6805419921875,
            30.98702796028033
          ],
          [
            70.68603515625,
            30.949346915468567
          ],
          [
            70.6915283203125,
            30.925788712587007
          ],
          [
            70.68603515625,
            30.873940237887624
          ],
          [
            70.6805419921875,
            30.85507928696859
          ],
          [
            70.675048828125,
            30.8456474201826
          ],
          [
            70.675048828125,
            30.831497881307925
          ],
          [
            70.6805419921875,
            30.807910681366465
          ],
          [
            70.6585693359375,
            30.75599845832167
          ],
          [
            70.6585693359375,
            30.746556862773616
          ],
          [
            70.6585693359375,
            30.741835717889785
          ],
          [
            70.6585693359375,
            30.73711434162702
          ],
          [
            70.653076171875,
            30.713503990354965
          ],
          [
            70.6475830078125,
            30.708781226254118
          ],
          [
            70.6365966796875,
            30.708781226254118
          ],
          [
            70.6365966796875,
            30.7040582309195
          ],
          [
            70.6365966796875,
            30.685163937659567
          ],
          [
            70.653076171875,
            30.680439786468128
          ],
          [
            70.6585693359375,
            30.680439786468128
          ],
          [
            70.6585693359375,
            30.675715404167747
          ],
          [
            70.6640625,
            30.666265946323293
          ],
          [
            70.6640625,
            30.65681556429287
          ],
          [
            70.6640625,
            30.652090026760007
          ],
          [
            70.6695556640625,
            30.647364258243186
          ],
          [
            70.675048828125,
            30.63318556699761
          ],
          [
            70.6915283203125,
            30.566990873153344
          ],
          [
            70.718994140625,
            30.50075098029069
          ],
          [
            70.7244873046875,
            30.486550842588485
          ],
          [
            70.7244873046875,
            30.481817002827285
          ],
          [
            70.7244873046875,
            30.477082932837675
          ],
          [
            70.7244873046875,
            30.47234863264083
          ],
          [
            70.7244873046875,
            30.467614102257855
          ],
          [
            70.72998046875,
            30.448673679287566
          ],
          [
            70.7244873046875,
            30.434465946141998
          ],
          [
            70.7244873046875,
            30.401306519203587
          ],
          [
            70.7244873046875,
            30.38235321766959
          ],
          [
            70.7244873046875,
            30.372875188118044
          ],
          [
            70.7135009765625,
            30.358656420788776
          ],
          [
            70.7080078125,
            30.353916372297036
          ],
          [
            70.7025146484375,
            30.344435586368462
          ],
          [
            70.718994140625,
            30.325471259328083
          ],
          [
            70.718994140625,
            30.315987718557864
          ],
          [
            70.7244873046875,
            30.29701788337205
          ],
          [
            70.72998046875,
            30.287531589298723
          ],
          [
            70.72998046875,
            30.27804437780013
          ],
          [
            70.72998046875,
            30.23059456493219
          ],
          [
            70.72998046875,
            30.211608223816924
          ],
          [
            70.7244873046875,
            30.202113679097238
          ],
          [
            70.718994140625,
            30.19736606327224
          ],
          [
            70.7025146484375,
            30.168875561169088
          ],
          [
            70.697021484375,
            30.159376896356193
          ],
          [
            70.6805419921875,
            30.14037682159973
          ],
          [
            70.6640625,
            30.121373087823045
          ],
          [
            70.6695556640625,
            30.116621582819377
          ],
          [
            70.675048828125,
            30.111869849235248
          ],
          [
            70.68603515625,
            30.092860629528147
          ],
          [
            70.68603515625,
            30.083354648756156
          ],
          [
            70.697021484375,
            30.064339946244303
          ],
          [
            70.6915283203125,
            30.050076521698728
          ],
          [
            70.6585693359375,
            30.016787209111044
          ]
        ]
      },
      "properties": {
        "name": "N-55",
        "gcop_source_layer": "highways",
        "gcop_map_layer": "highways_label"
      }
    },
    {
      "type": "Feature",
      "geometry": {
        "type": "LineString",
        "coordinates": [
          [
            68.3514404296875,
            27.683528083787763
          ],
          [
            68.3514404296875,
            27.688392321785656
          ],
          [
            68.3624267578125,
            27.693256343091576
          ],
          [
            68.411865234375,
            27.73216070958091
          ],
          [
            68.4393310546875,
            27.74674626852638
          ],
          [
            68.44482421875,
            27.756468889550774
          ],
          [
            68.4503173828125,
            27.761329874505236
          ],
          [
            68.4613037109375,
            27.7661906423875
          ],
          [
            68.4832763671875,
            27.790491224830873
          ],
          [
            68.57666015625,
            27.819644755099446
          ],
          [
            68.6260986328125,
            27.824502916144823
          ],
          [
            68.631591796875,
            27.824502916144823
          ],
          [
            68.631591796875,
            27.829360859789787
          ],
          [
            68.6370849609375,
            27.8342185860092
          ],
          [
            68.66455078125,
            27.83907609477781
          ],
          [
            68.70849609375,
            27.843933386070518
          ]
        ]
      },
      "properties": {
        "name": "N-105",
        "gcop_source_layer": "highways",
        "gcop_map_layer": "highways_label"
      }
    },
    {
      "type": "Feature",
      "geometry": {
        "type": "LineString",
        "coordinates": [
          [
            67.9998779296875,
            29.008140362978153
          ],
          [
            68.0438232421875,
            28.897588157944497
          ],
          [
            68.082275390625,
            28.729130483430154
          ],
          [
            68.082275390625,
            28.724313406473485
          ],
          [
            68.3294677734375,
            28.405896722414823
          ],
          [
            68.3294677734375,
            28.401064827220893
          ],
          [
            68.31298828125,
            28.386567819657216
          ],
          [
            68.323974609375,
            28.37206882963163
          ],
          [
            68.3349609375,
            28.357567857801698
          ],
          [
            68.345947265625,
            28.347899442570935
          ],
          [
            68.3624267578125,
            28.3285599713617
          ],
          [
            68.367919921875,
            28.323724553546015
          ],
          [
            68.3734130859375,
            28.309216980457762
          ],
          [
            68.3734130859375,
            28.294707428421205
          ],
          [
            68.3843994140625,
            28.28019589809702
          ],
          [
            68.389892578125,
            28.27052044582541
          ],
          [
            68.3953857421875,
            28.27052044582541
          ],
          [
            68.411865234375,
            28.26568239014648
          ],
          [
            68.433837890625,
            28.251166905231486
          ],
          [
            68.4722900390625,
            28.241488817301672
          ],
          [
            68.5162353515625,
            28.188243641850306
          ],
          [
            68.5546875,
            28.144659671673153
          ],
          [
            68.565673828125,
            28.130127737874005
          ],
          [
            68.5986328125,
            28.07198030177986
          ],
          [
            68.62060546875,
            28.018650821833063
          ],
          [
            68.642578125,
            27.97014654331592
          ]
        ]
      },
      "properties": {
        "name": "N-65",
        "gcop_source_layer": "highways",
        "gcop_map_layer": "highways_label"
      }
    },
    {
      "type": "Feature",
      "geometry": {
        "type": "LineString",
        "coordinates": [
          [
            69.818115234375,
            30.434465946141998
          ],
          [
            69.8236083984375,
            30.434465946141998
          ],
          [
            69.8291015625,
            30.4297295750316
          ],
          [
            69.8345947265625,
            30.424992973925598
          ],
          [
            69.840087890625,
            30.424992973925598
          ],
          [
            69.840087890625,
            30.41551908181151
          ],
          [
            69.840087890625,
            30.41078179084589
          ],
          [
            69.840087890625,
            30.4060442699695
          ],
          [
            69.8345947265625,
            30.401306519203587
          ],
          [
            69.8345947265625,
            30.391830328088133
          ],
          [
            69.8345947265625,
            30.387091887781125
          ],
          [
            69.8291015625,
            30.387091887781125
          ],
          [
            69.8345947265625,
            30.38235321766959
          ],
          [
            69.8345947265625,
            30.36813582872057
          ],
          [
            69.8345947265625,
            30.363396239603745
          ],
          [
            69.8345947265625,
            30.358656420788776
          ],
          [
            69.840087890625,
            30.353916372297036
          ],
          [
            69.85107421875,
            30.339694848974247
          ],
          [
            69.85107421875,
            30.330212685432727
          ],
          [
            69.8565673828125,
            30.325471259328083
          ],
          [
            69.8565673828125,
            30.320729603696023
          ],
          [
            69.8565673828125,
            30.315987718557864
          ],
          [
            69.862060546875,
            30.30650325984884
          ],
          [
            69.8675537109375,
            30.30650325984884
          ],
          [
            69.8675537109375,
            30.29701788337205
          ],
          [
            69.8675537109375,
            30.29227485102426
          ],
          [
            69.873046875,
            30.287531589298723
          ],
          [
            69.884033203125,
            30.263811840754926
          ],
          [
            69.884033203125,
            30.249577240467644
          ],
          [
            69.8785400390625,
            30.225848323247703
          ],
          [
            69.8785400390625,
            30.221101852485987
          ],
          [
            69.8785400390625,
            30.202113679097238
          ],
          [
            69.884033203125,
            30.19736606327224
          ],
          [
            69.884033203125,
            30.192618218499277
          ],
          [
            69.8785400390625,
            30.17362455035854
          ],
          [
            69.8785400390625,
            30.168875561169088
          ],
          [
            69.884033203125,
            30.159376896356193
          ],
          [
            69.89501953125,
            30.15462722077598
          ],
          [
            69.9005126953125,
            30.149877316442073
          ],
          [
            69.906005859375,
            30.116621582819377
          ],
          [
            69.906005859375,
            30.097613277217135
          ],
          [
            69.906005859375,
            30.092860629528147
          ],
          [
            69.9114990234375,
            30.083354648756156
          ],
          [
            69.9114990234375,
            30.073847754270204
          ],
          [
            69.9224853515625,
            30.05483122485245
          ],
          [
            69.927978515625,
            30.045321590268856
          ],
          [
            69.927978515625,
            30.040566430584605
          ],
          [
            69.9444580078125,
            30.016787209111044
          ],
          [
            69.9554443359375,
            30.007273923504556
          ],
          [
            69.9554443359375,
            29.997759725578902
          ],
          [
            69.9554443359375,
            29.993002284551082
          ],
          [
            69.9609375,
            29.993002284551082
          ],
          [
            69.9609375,
            29.988244615509032
          ],
          [
            69.9554443359375,
            29.988244615509032
          ],
          [
            69.9554443359375,
            29.983486718474694
          ],
          [
            69.9609375,
            29.983486718474694
          ],
          [
            69.9609375,
            29.978728593469924
          ],
          [
            69.9609375,
            29.97397024051662
          ],
          [
            69.9664306640625,
            29.978728593469924
          ],
          [
            69.9664306640625,
            29.97397024051662
          ],
          [
            69.9664306640625,
            29.969211659636656
          ],
          [
            69.971923828125,
            29.97397024051662
          ],
          [
            69.971923828125,
            29.969211659636656
          ],
          [
            69.971923828125,
            29.95969381418452
          ],
          [
            69.971923828125,
            29.954934549656144
          ],
          [
            69.9774169921875,
            29.950175057288817
          ],
          [
            69.98291015625,
            29.94541533710445
          ],
          [
            69.9884033203125,
            29.94541533710445
          ],
          [
            69.993896484375,
            29.94541533710445
          ],
          [
            69.9993896484375,
            29.950175057288817
          ],
          [
            70.0048828125,
            29.950175057288817
          ],
          [
            70.015869140625,
            29.954934549656144
          ],
          [
            70.0048828125,
            29.954934549656144
          ],
          [
            70.0103759765625,
            29.954934549656144
          ],
          [
            70.015869140625,
            29.954934549656144
          ],
          [
            70.0103759765625,
            29.95969381418452
          ],
          [
            70.015869140625,
            29.954934549656144
          ],
          [
            70.0213623046875,
            29.954934549656144
          ],
          [
            70.02685546875,
            29.954934549656144
          ],
          [
            70.0213623046875,
            29.954934549656144
          ],
          [
            70.02685546875,
            29.954934549656144
          ],
          [
            70.0323486328125,
            29.954934549656144
          ],
          [
            70.0433349609375,
            29.95969381418452
          ],
          [
            70.0543212890625,
            29.964452850852
          ],
          [
            70.059814453125,
            29.964452850852
          ],
          [
            70.059814453125,
            29.969211659636656
          ],
          [
            70.059814453125,
            29.964452850852
          ],
          [
            70.059814453125,
            29.969211659636656
          ],
          [
            70.07080078125,
            29.969211659636656
          ],
          [
            70.0762939453125,
            29.969211659636656
          ],
          [
            70.0762939453125,
            29.964452850852
          ],
          [
            70.081787109375,
            29.969211659636656
          ],
          [
            70.0872802734375,
            29.964452850852
          ],
          [
            70.0927734375,
            29.964452850852
          ],
          [
            70.0927734375,
            29.95969381418452
          ],
          [
            70.0982666015625,
            29.95969381418452
          ],
          [
            70.0982666015625,
            29.954934549656144
          ],
          [
            70.103759765625,
            29.954934549656144
          ],
          [
            70.103759765625,
            29.950175057288817
          ],
          [
            70.11474609375,
            29.94541533710445
          ],
          [
            70.1312255859375,
            29.94541533710445
          ],
          [
            70.13671875,
            29.94541533710445
          ],
          [
            70.13671875,
            29.950175057288817
          ],
          [
            70.1422119140625,
            29.954934549656144
          ],
          [
            70.1422119140625,
            29.95969381418452
          ],
          [
            70.147705078125,
            29.964452850852
          ],
          [
            70.1531982421875,
            29.964452850852
          ],
          [
            70.15869140625,
            29.964452850852
          ],
          [
            70.1641845703125,
            29.964452850852
          ],
          [
            70.1751708984375,
            29.95969381418452
          ],
          [
            70.1806640625,
            29.954934549656144
          ],
          [
            70.191650390625,
            29.954934549656144
          ],
          [
            70.1971435546875,
            29.954934549656144
          ],
          [
            70.20263671875,
            29.954934549656144
          ],
          [
            70.2081298828125,
            29.950175057288817
          ],
          [
            70.213623046875,
            29.954934549656144
          ],
          [
            70.2191162109375,
            29.954934549656144
          ],
          [
            70.235595703125,
            29.954934549656144
          ],
          [
            70.2685546875,
            29.969211659636656
          ],
          [
            70.2685546875,
            29.97397024051662
          ],
          [
            70.279541015625,
            29.97397024051662
          ],
          [
            70.2850341796875,
            29.97397024051662
          ],
          [
            70.29052734375,
            29.978728593469924
          ],
          [
            70.3070068359375,
            29.97397024051662
          ],
          [
            70.3289794921875,
            29.978728593469924
          ],
          [
            70.3399658203125,
            29.978728593469924
          ],
          [
            70.345458984375,
            29.97397024051662
          ],
          [
            70.3509521484375,
            29.97397024051662
          ],
          [
            70.3564453125,
            29.97397024051662
          ],
          [
            70.367431640625,
            29.97397024051662
          ],
          [
            70.3729248046875,
            29.97397024051662
          ],
          [
            70.4168701171875,
            29.978728593469924
          ],
          [
            70.4443359375,
            29.983486718474694
          ],
          [
            70.4498291015625,
            29.988244615509032
          ],
          [
            70.6256103515625,
            30.021543509740027
          ],
          [
            70.6365966796875,
            30.031055426540206
          ],
          [
            70.64208984375,
            30.031055426540206
          ],
          [
            70.6695556640625,
            30.05483122485245
          ]
        ]
      },
      "properties": {
        "name": "N-70",
        "gcop_source_layer": "highways",
        "gcop_map_layer": "highways_label"
      }
    },
    {
      "type": "Feature",
      "geometry": {
        "type": "LineString",
        "coordinates": [
          [
            73.1085205078125,
            33.71063227149209
          ],
          [
            73.1195068359375,
            33.7197707748314
          ],
          [
            73.125,
            33.7197707748314
          ],
          [
            73.135986328125,
            33.7197707748314
          ],
          [
            73.1414794921875,
            33.72890830547334
          ],
          [
            73.1524658203125,
            33.73347670599253
          ],
          [
            73.157958984375,
            33.73347670599253
          ],
          [
            73.1689453125,
            33.73347670599253
          ],
          [
            73.1744384765625,
            33.73804486328906
          ],
          [
            73.19091796875,
            33.74718044814986
          ],
          [
            73.1964111328125,
            33.75174787568194
          ],
          [
            73.212890625,
            33.760882000869174
          ],
          [
            73.2183837890625,
            33.760882000869174
          ],
          [
            73.2183837890625,
            33.76544869849222
          ],
          [
            73.223876953125,
            33.76544869849222
          ],
          [
            73.23486328125,
            33.76544869849222
          ],
          [
            73.23486328125,
            33.77001515278013
          ],
          [
            73.2403564453125,
            33.77458136371689
          ],
          [
            73.2513427734375,
            33.77914733128647
          ],
          [
            73.2623291015625,
            33.78371305547283
          ],
          [
            73.2843017578125,
            33.792843773631844
          ],
          [
            73.289794921875,
            33.79740876757249
          ],
          [
            73.2952880859375,
            33.80197351806589
          ],
          [
            73.30078125,
            33.80653802509606
          ],
          [
            73.3062744140625,
            33.81110228864701
          ],
          [
            73.311767578125,
            33.815666308702774
          ],
          [
            73.32275390625,
            33.815666308702774
          ],
          [
            73.32275390625,
            33.82023008524739
          ],
          [
            73.3282470703125,
            33.82023008524739
          ],
          [
            73.333740234375,
            33.82023008524739
          ],
          [
            73.333740234375,
            33.82479361826488
          ],
          [
            73.3447265625,
            33.829356907739324
          ],
          [
            73.3502197265625,
            33.829356907739324
          ],
          [
            73.355712890625,
            33.8339199536547
          ],
          [
            73.3612060546875,
            33.8339199536547
          ],
          [
            73.3612060546875,
            33.83848275599513
          ],
          [
            73.36669921875,
            33.8430453147447
          ],
          [
            73.3721923828125,
            33.8430453147447
          ],
          [
            73.3721923828125,
            33.84760762988742
          ],
          [
            73.377685546875,
            33.84760762988742
          ],
          [
            73.377685546875,
            33.852169701407405
          ],
          [
            73.377685546875,
            33.85673152928874
          ],
          [
            73.377685546875,
            33.852169701407405
          ],
          [
            73.377685546875,
            33.84760762988742
          ],
          [
            73.377685546875,
            33.8430453147447
          ],
          [
            73.3721923828125,
            33.83848275599513
          ],
          [
            73.3721923828125,
            33.8339199536547
          ],
          [
            73.3721923828125,
            33.83848275599513
          ],
          [
            73.377685546875,
            33.83848275599513
          ],
          [
            73.377685546875,
            33.8430453147447
          ],
          [
            73.3831787109375,
            33.8430453147447
          ],
          [
            73.3831787109375,
            33.84760762988742
          ],
          [
            73.3831787109375,
            33.852169701407405
          ],
          [
            73.388671875,
            33.85673152928874
          ],
          [
            73.3831787109375,
            33.86129311351553
          ],
          [
            73.3831787109375,
            33.865854454071865
          ],
          [
            73.388671875,
            33.865854454071865
          ],
          [
            73.388671875,
            33.87041555094183
          ],
          [
            73.3941650390625,
            33.87041555094183
          ],
          [
            73.3941650390625,
            33.87497640410959
          ],
          [
            73.399658203125,
            33.87953701355924
          ],
          [
            73.399658203125,
            33.884097379274905
          ],
          [
            73.399658203125,
            33.88865750124074
          ],
          [
            73.399658203125,
            33.893217379440884
          ],
          [
            73.4051513671875,
            33.88865750124074
          ],
          [
            73.41064453125,
            33.893217379440884
          ],
          [
            73.41064453125,
            33.89777701385947
          ],
          [
            73.4161376953125,
            33.89777701385947
          ],
          [
            73.4161376953125,
            33.90233640448068
          ],
          [
            73.421630859375,
            33.906895551288656
          ],
          [
            73.421630859375,
            33.90233640448068
          ],
          [
            73.4271240234375,
            33.893217379440884
          ],
          [
            73.4271240234375,
            33.884097379274905
          ],
          [
            73.4326171875,
            33.88865750124074
          ],
          [
            73.4326171875,
            33.893217379440884
          ],
          [
            73.4326171875,
            33.89777701385947
          ],
          [
            73.4326171875,
            33.90233640448068
          ],
          [
            73.4381103515625,
            33.906895551288656
          ],
          [
            73.443603515625,
            33.906895551288656
          ],
          [
            73.4381103515625,
            33.91145445426761
          ],
          [
            73.443603515625,
            33.92057152867508
          ],
          [
            73.4490966796875,
            33.92057152867508
          ],
          [
            73.4490966796875,
            33.92512970007199
          ],
          [
            73.45458984375,
            33.92512970007199
          ],
          [
            73.4600830078125,
            33.92057152867508
          ],
          [
            73.465576171875,
            33.92057152867508
          ],
          [
            73.465576171875,
            33.92512970007199
          ],
          [
            73.4600830078125,
            33.92512970007199
          ],
          [
            73.4600830078125,
            33.9296876275766
          ],
          [
            73.4600830078125,
            33.93424531117313
          ],
          [
            73.465576171875,
            33.93424531117313
          ],
          [
            73.465576171875,
            33.93880275084578
          ],
          [
            73.4765625,
            33.9479168983564
          ],
          [
            73.4710693359375,
            33.95247360616284
          ],
          [
            73.465576171875,
            33.95247360616284
          ],
          [
            73.4710693359375,
            33.95247360616284
          ],
          [
            73.4710693359375,
            33.95703006998231
          ],
          [
            73.4710693359375,
            33.96158628979907
          ],
          [
            73.4710693359375,
            33.96614226559744
          ],
          [
            73.4710693359375,
            33.970697997361626
          ],
          [
            73.4765625,
            33.970697997361626
          ],
          [
            73.4820556640625,
            33.970697997361626
          ],
          [
            73.487548828125,
            33.97525348507591
          ],
          [
            73.4930419921875,
            33.97525348507591
          ],
          [
            73.49853515625,
            33.979808728724564
          ],
          [
            73.49853515625,
            33.98436372829188
          ],
          [
            73.4930419921875,
            33.98436372829188
          ],
          [
            73.487548828125,
            33.98891848376216
          ],
          [
            73.4820556640625,
            33.98891848376216
          ],
          [
            73.4820556640625,
            33.993472995119674
          ],
          [
            73.487548828125,
            33.99802726234877
          ],
          [
            73.487548828125,
            34.00258128543372
          ],
          [
            73.487548828125,
            34.011688599108524
          ],
          [
            73.4930419921875,
            34.011688599108524
          ],
          [
            73.49853515625,
            34.016241889667015
          ],
          [
            73.5040283203125,
            34.016241889667015
          ],
          [
            73.49853515625,
            34.02079493601873
          ],
          [
            73.4930419921875,
            34.02534773814796
          ],
          [
            73.4930419921875,
            34.02990029603906
          ],
          [
            73.49853515625,
            34.02990029603906
          ],
          [
            73.49853515625,
            34.03445260967645
          ],
          [
            73.49853515625,
            34.03900467904445
          ],
          [
            73.49853515625,
            34.04355650412744
          ],
          [
            73.5040283203125,
            34.04810808490984
          ],
          [
            73.49853515625,
            34.05265942137599
          ],
          [
            73.5040283203125,
            34.0572105135103
          ],
          [
            73.49853515625,
            34.0572105135103
          ],
          [
            73.5040283203125,
            34.06176136129719
          ],
          [
            73.49853515625,
            34.06631196472105
          ],
          [
            73.4930419921875,
            34.070862323766306
          ],
          [
            73.4930419921875,
            34.0754124384174
          ],
          [
            73.49853515625,
            34.0754124384174
          ],
          [
            73.49853515625,
            34.079962308658736
          ],
          [
            73.49853515625,
            34.08451193447476
          ],
          [
            73.49853515625,
            34.093610452768715
          ],
          [
            73.49853515625,
            34.098159345215535
          ]
        ]
      },
      "properties": {
        "name": "N-75",
        "gcop_source_layer": "highways",
        "gcop_map_layer": "highways_label"
      }
    },
    {
      "type": "Feature",
      "geometry": {
        "type": "LineString",
        "coordinates": [
          [
            72.9107666015625,
            33.651208299204995
          ],
          [
            72.9052734375,
            33.646635523437155
          ],
          [
            72.8997802734375,
            33.63748924317082
          ],
          [
            72.894287109375,
            33.63748924317082
          ],
          [
            72.8887939453125,
            33.63291573870478
          ],
          [
            72.88330078125,
            33.6283419913718
          ],
          [
            72.8778076171875,
            33.62376800118811
          ],
          [
            72.872314453125,
            33.61919376817005
          ],
          [
            72.8668212890625,
            33.614619292333785
          ],
          [
            72.8558349609375,
            33.610044573695646
          ],
          [
            72.850341796875,
            33.610044573695646
          ],
          [
            72.850341796875,
            33.6008944080788
          ],
          [
            72.83935546875,
            33.596318961132695
          ],
          [
            72.828369140625,
            33.596318961132695
          ],
          [
            72.8228759765625,
            33.596318961132695
          ],
          [
            72.8118896484375,
            33.596318961132695
          ],
          [
            72.79541015625,
            33.6008944080788
          ],
          [
            72.784423828125,
            33.596318961132695
          ],
          [
            72.7789306640625,
            33.6008944080788
          ],
          [
            72.7679443359375,
            33.596318961132695
          ],
          [
            72.7459716796875,
            33.596318961132695
          ],
          [
            72.718505859375,
            33.596318961132695
          ],
          [
            72.7130126953125,
            33.596318961132695
          ],
          [
            72.7020263671875,
            33.596318961132695
          ],
          [
            72.6910400390625,
            33.59174327144986
          ],
          [
            72.685546875,
            33.59174327144986
          ],
          [
            72.6800537109375,
            33.59174327144986
          ],
          [
            72.6690673828125,
            33.59174327144986
          ],
          [
            72.6580810546875,
            33.582591163939185
          ],
          [
            72.652587890625,
            33.57801474614399
          ],
          [
            72.6470947265625,
            33.57343808567735
          ],
          [
            72.6416015625,
            33.568861182555565
          ],
          [
            72.6361083984375,
            33.559706648411975
          ],
          [
            72.6251220703125,
            33.559706648411975
          ],
          [
            72.6141357421875,
            33.568861182555565
          ],
          [
            72.608642578125,
            33.568861182555565
          ],
          [
            72.5592041015625,
            33.5459730276919
          ],
          [
            72.5482177734375,
            33.54139466898275
          ],
          [
            72.5372314453125,
            33.5459730276919
          ],
          [
            72.53173828125,
            33.54139466898275
          ],
          [
            72.5152587890625,
            33.53681606773303
          ],
          [
            72.454833984375,
            33.50017852824229
          ],
          [
            72.4383544921875,
            33.48643545099988
          ],
          [
            72.4163818359375,
            33.47727218776036
          ],
          [
            72.410888671875,
            33.47727218776036
          ],
          [
            72.3834228515625,
            33.49101671911272
          ],
          [
            72.333984375,
            33.495597744865705
          ],
          [
            72.322998046875,
            33.495597744865705
          ],
          [
            72.3065185546875,
            33.50017852824229
          ],
          [
            72.301025390625,
            33.50017852824229
          ],
          [
            72.2955322265625,
            33.50475906922608
          ],
          [
            72.279052734375,
            33.5184992376561
          ],
          [
            72.2735595703125,
            33.5184992376561
          ],
          [
            72.18017578125,
            33.50017852824229
          ],
          [
            72.1636962890625,
            33.495597744865705
          ],
          [
            72.1527099609375,
            33.495597744865705
          ],
          [
            72.13623046875,
            33.495597744865705
          ],
          [
            72.125244140625,
            33.48643545099988
          ],
          [
            72.0977783203125,
            33.47727218776036
          ]
        ]
      },
      "properties": {
        "name": "N-80",
        "gcop_source_layer": "highways",
        "gcop_map_layer": "highways_label"
      }
    },
    {
      "type": "Feature",
      "geometry": {
        "type": "LineString",
        "coordinates": [
          [
            67.4505615234375,
            24.14675359470307
          ],
          [
            67.4505615234375,
            24.141740980504338
          ],
          [
            67.4560546875,
            24.131715162462953
          ],
          [
            67.4615478515625,
            24.131715162462953
          ],
          [
            67.467041015625,
            24.1367281697474
          ],
          [
            67.4725341796875,
            24.14675359470307
          ],
          [
            67.47802734375,
            24.151766012312976
          ],
          [
            67.4835205078125,
            24.151766012312976
          ],
          [
            67.5164794921875,
            24.156778233303413
          ],
          [
            67.5164794921875,
            24.151766012312976
          ],
          [
            67.52197265625,
            24.151766012312976
          ],
          [
            67.5274658203125,
            24.156778233303413
          ],
          [
            67.532958984375,
            24.156778233303413
          ],
          [
            67.532958984375,
            24.161790257643716
          ],
          [
            67.5384521484375,
            24.16680208530323
          ],
          [
            67.5439453125,
            24.171813716251364
          ],
          [
            67.5439453125,
            24.17682515045749
          ],
          [
            67.5439453125,
            24.181836387890982
          ],
          [
            67.5439453125,
            24.19185827231766
          ],
          [
            67.554931640625,
            24.196868919249653
          ],
          [
            67.5604248046875,
            24.21189967855325
          ],
          [
            67.56591796875,
            24.216909537721747
          ],
          [
            67.56591796875,
            24.22191919987297
          ],
          [
            67.5714111328125,
            24.22191919987297
          ],
          [
            67.598876953125,
            24.236947003917507
          ],
          [
            67.60986328125,
            24.24195587769421
          ],
          [
            67.6153564453125,
            24.24696455430093
          ],
          [
            67.620849609375,
            24.251973033707202
          ],
          [
            67.620849609375,
            24.256981315882484
          ],
          [
            67.620849609375,
            24.266997288418167
          ],
          [
            67.6153564453125,
            24.27200497871759
          ],
          [
            67.6153564453125,
            24.287026865376433
          ],
          [
            67.6153564453125,
            24.292033766081374
          ],
          [
            67.60986328125,
            24.292033766081374
          ],
          [
            67.60986328125,
            24.297040469311554
          ],
          [
            67.6043701171875,
            24.307053283225912
          ],
          [
            67.6153564453125,
            24.317065306876046
          ],
          [
            67.620849609375,
            24.34209190699893
          ],
          [
            67.620849609375,
            24.352101162808907
          ],
          [
            67.60986328125,
            24.362109627260622
          ],
          [
            67.6043701171875,
            24.407137917727667
          ],
          [
            67.5823974609375,
            24.46215069371526
          ],
          [
            67.587890625,
            24.467150664738995
          ],
          [
            67.6043701171875,
            24.482149386474262
          ],
          [
            67.60986328125,
            24.50214490121087
          ],
          [
            67.60986328125,
            24.512141466217628
          ],
          [
            67.620849609375,
            24.532132210302734
          ],
          [
            67.6318359375,
            24.542126388899305
          ],
          [
            67.6318359375,
            24.547123179730747
          ],
          [
            67.6263427734375,
            24.552119771544213
          ],
          [
            67.6263427734375,
            24.55711616430962
          ],
          [
            67.587890625,
            24.64202435786399
          ],
          [
            67.5933837890625,
            24.711905448466084
          ],
          [
            67.587890625,
            24.731864277701717
          ],
          [
            67.5933837890625,
            24.741842491684054
          ]
        ]
      },
      "properties": {
        "name": "N-110",
        "gcop_source_layer": "highways",
        "gcop_map_layer": "highways_label"
      }
    },
    {
      "type": "Feature",
      "geometry": {
        "type": "LineString",
        "coordinates": [
          [
            68.3184814453125,
            26.39679020510266
          ],
          [
            68.3184814453125,
            26.39186967176903
          ],
          [
            68.3294677734375,
            26.382027976025356
          ],
          [
            68.3294677734375,
            26.36726386012937
          ],
          [
            68.3514404296875,
            26.332806922897873
          ],
          [
            68.3349609375,
            26.318036522949072
          ],
          [
            68.3294677734375,
            26.283564932531377
          ],
          [
            68.3349609375,
            26.283564932531377
          ],
          [
            68.3404541015625,
            26.283564932531377
          ],
          [
            68.35693359375,
            26.2638622801111
          ],
          [
            68.35693359375,
            26.224446945634313
          ],
          [
            68.3349609375,
            26.21951908908396
          ],
          [
            68.3074951171875,
            26.199805575765808
          ],
          [
            68.291015625,
            26.194876675795214
          ],
          [
            68.291015625,
            26.1899475672235
          ],
          [
            68.291015625,
            26.180088724387304
          ],
          [
            68.291015625,
            26.175158990178133
          ],
          [
            68.2745361328125,
            26.160368536718508
          ],
          [
            68.258056640625,
            26.160368536718508
          ],
          [
            68.2525634765625,
            26.155437968713542
          ]
        ]
      },
      "properties": {
        "name": "N-305",
        "gcop_source_layer": "highways",
        "gcop_map_layer": "highways_label"
      }
    },
    {
      "type": "Feature",
      "geometry": {
        "type": "LineString",
        "coordinates": [
          [
            70.257568359375,
            25.730632525531917
          ],
          [
            70.235595703125,
            25.725683932942644
          ],
          [
            70.2301025390625,
            25.72073513441211
          ],
          [
            70.224609375,
            25.72073513441211
          ],
          [
            70.2191162109375,
            25.72073513441211
          ],
          [
            70.2081298828125,
            25.7108369196406
          ],
          [
            70.20263671875,
            25.705887503456367
          ],
          [
            70.1971435546875,
            25.695988053632746
          ],
          [
            70.191650390625,
            25.69103802005013
          ],
          [
            70.1641845703125,
            25.67123582857704
          ],
          [
            70.1531982421875,
            25.67123582857704
          ],
          [
            70.147705078125,
            25.67123582857704
          ],
          [
            70.1422119140625,
            25.67123582857704
          ],
          [
            70.125732421875,
            25.661333498952686
          ],
          [
            70.1202392578125,
            25.656382025768067
          ],
          [
            70.1092529296875,
            25.65143034703975
          ],
          [
            70.081787109375,
            25.641526373065773
          ],
          [
            70.07080078125,
            25.6316215772585
          ],
          [
            70.059814453125,
            25.62171595984576
          ],
          [
            70.048828125,
            25.611809521055477
          ],
          [
            70.0433349609375,
            25.611809521055477
          ],
          [
            70.0323486328125,
            25.606855993715044
          ],
          [
            70.02685546875,
            25.601902261115725
          ],
          [
            70.0103759765625,
            25.596948323286142
          ],
          [
            69.9993896484375,
            25.601902261115725
          ],
          [
            69.9884033203125,
            25.601902261115725
          ],
          [
            69.9774169921875,
            25.601902261115725
          ],
          [
            69.971923828125,
            25.596948323286142
          ],
          [
            69.949951171875,
            25.591994180254716
          ],
          [
            69.9334716796875,
            25.58208527870069
          ],
          [
            69.927978515625,
            25.58208527870069
          ],
          [
            69.906005859375,
            25.57217555668211
          ],
          [
            69.89501953125,
            25.562265014427496
          ],
          [
            69.85107421875,
            25.532528468534437
          ],
          [
            69.840087890625,
            25.527571660479637
          ],
          [
            69.8345947265625,
            25.527571660479637
          ],
          [
            69.8291015625,
            25.527571660479637
          ],
          [
            69.8291015625,
            25.522614647623286
          ],
          [
            69.818115234375,
            25.51765742999403
          ],
          [
            69.818115234375,
            25.507742380531397
          ],
          [
            69.818115234375,
            25.50278454875533
          ],
          [
            69.8126220703125,
            25.497826512321026
          ],
          [
            69.796142578125,
            25.487909825592325
          ],
          [
            69.78515625,
            25.487909825592325
          ],
          [
            69.7796630859375,
            25.487909825592325
          ],
          [
            69.730224609375,
            25.413508608042292
          ],
          [
            69.7467041015625,
            25.383735254706863
          ],
          [
            69.7412109375,
            25.373809171543982
          ],
          [
            69.7357177734375,
            25.368845824082797
          ],
          [
            69.7357177734375,
            25.363882272740256
          ],
          [
            69.730224609375,
            25.363882272740256
          ],
          [
            69.5654296875,
            25.418470119273124
          ],
          [
            69.5269775390625,
            25.43831412221138
          ],
          [
            69.5159912109375,
            25.43831412221138
          ],
          [
            69.4610595703125,
            25.448234898086497
          ],
          [
            69.3951416015625,
            25.458154856592074
          ]
        ]
      },
      "properties": {
        "name": "N-120",
        "gcop_source_layer": "highways",
        "gcop_map_layer": "highways_label"
      }
    },
    {
      "type": "Feature",
      "geometry": {
        "type": "LineString",
        "coordinates": [
          [
            68.203125,
            27.561851783388505
          ],
          [
            68.192138671875,
            27.571590861376308
          ],
          [
            68.0712890625,
            27.581329075043357
          ],
          [
            68.0548095703125,
            27.586197857692667
          ],
          [
            68.0438232421875,
            27.586197857692667
          ],
          [
            68.02734375,
            27.586197857692667
          ],
          [
            68.016357421875,
            27.600802908597018
          ],
          [
            68.0108642578125,
            27.605670826465442
          ],
          [
            68.00537109375,
            27.610538528074827
          ],
          [
            67.994384765625,
            27.610538528074827
          ],
          [
            67.9559326171875,
            27.75160768754938
          ],
          [
            67.906494140625,
            27.843933386070518
          ],
          [
            67.9119873046875,
            27.848790459862073
          ]
        ]
      },
      "properties": {
        "name": "N-455",
        "gcop_source_layer": "highways",
        "gcop_map_layer": "highways_label"
      }
    },
    {
      "type": "Feature",
      "geometry": {
        "type": "LineString",
        "coordinates": [
          [
            68.291015625,
            27.80020993741826
          ],
          [
            68.35693359375,
            27.673798957817638
          ],
          [
            68.3624267578125,
            27.664068965384516
          ]
        ]
      },
      "properties": {
        "name": "N-655",
        "gcop_source_layer": "highways",
        "gcop_map_layer": "highways_label"
      }
    },
    {
      "type": "Feature",
      "geometry": {
        "type": "LineString",
        "coordinates": [
          [
            72.8118896484375,
            33.71063227149209
          ],
          [
            72.8118896484375,
            33.715201644740844
          ],
          [
            72.8173828125,
            33.72433966174761
          ],
          [
            72.8173828125,
            33.73347670599253
          ],
          [
            72.8173828125,
            33.73804486328906
          ],
          [
            72.8173828125,
            33.74718044814986
          ],
          [
            72.8173828125,
            33.75174787568194
          ],
          [
            72.8338623046875,
            33.76544869849222
          ],
          [
            72.8448486328125,
            33.77001515278013
          ],
          [
            72.8558349609375,
            33.77001515278013
          ],
          [
            72.8668212890625,
            33.77458136371689
          ],
          [
            72.872314453125,
            33.77458136371689
          ],
          [
            72.872314453125,
            33.77001515278013
          ],
          [
            72.8778076171875,
            33.77458136371689
          ],
          [
            72.8887939453125,
            33.78371305547283
          ],
          [
            72.8887939453125,
            33.788278536259966
          ],
          [
            72.8997802734375,
            33.788278536259966
          ],
          [
            72.9052734375,
            33.788278536259966
          ],
          [
            72.9052734375,
            33.79740876757249
          ],
          [
            72.9107666015625,
            33.79740876757249
          ],
          [
            72.916259765625,
            33.80197351806589
          ],
          [
            72.9217529296875,
            33.81110228864701
          ],
          [
            72.9217529296875,
            33.82023008524739
          ],
          [
            72.92724609375,
            33.82479361826488
          ],
          [
            72.9327392578125,
            33.829356907739324
          ],
          [
            72.9327392578125,
            33.8339199536547
          ],
          [
            72.9217529296875,
            33.8339199536547
          ],
          [
            72.9107666015625,
            33.8339199536547
          ],
          [
            72.9052734375,
            33.8339199536547
          ],
          [
            72.9052734375,
            33.83848275599513
          ],
          [
            72.9052734375,
            33.8430453147447
          ],
          [
            72.9107666015625,
            33.84760762988742
          ],
          [
            72.916259765625,
            33.85673152928874
          ],
          [
            72.916259765625,
            33.87041555094183
          ],
          [
            72.9107666015625,
            33.87041555094183
          ],
          [
            72.916259765625,
            33.87953701355924
          ],
          [
            72.916259765625,
            33.884097379274905
          ],
          [
            72.9217529296875,
            33.893217379440884
          ],
          [
            72.916259765625,
            33.89777701385947
          ],
          [
            72.9217529296875,
            33.90233640448068
          ],
          [
            72.916259765625,
            33.91145445426761
          ],
          [
            72.9107666015625,
            33.91145445426761
          ],
          [
            72.9107666015625,
            33.9160131134017
          ],
          [
            72.9052734375,
            33.92512970007199
          ],
          [
            72.9052734375,
            33.93424531117313
          ],
          [
            72.9052734375,
            33.93880275084578
          ],
          [
            72.916259765625,
            33.94335994657882
          ],
          [
            72.916259765625,
            33.95247360616284
          ],
          [
            72.9217529296875,
            33.96158628979907
          ],
          [
            72.9217529296875,
            33.979808728724564
          ],
          [
            72.92724609375,
            33.979808728724564
          ],
          [
            72.9327392578125,
            33.993472995119674
          ]
        ]
      },
      "properties": {
        "name": "N-125",
        "gcop_source_layer": "highways",
        "gcop_map_layer": "highways_label"
      }
    },
    {
      "type": "Feature",
      "geometry": {
        "type": "LineString",
        "coordinates": [
          [
            68.13720703125,
            27.332735136859142
          ],
          [
            68.1317138671875,
            27.327855149448382
          ],
          [
            68.126220703125,
            27.337614909451986
          ],
          [
            68.1207275390625,
            27.35713185112583
          ],
          [
            68.115234375,
            27.36201054924028
          ],
          [
            68.115234375,
            27.366889032381323
          ],
          [
            68.1207275390625,
            27.371767300523047
          ],
          [
            68.126220703125,
            27.371767300523047
          ],
          [
            68.1756591796875,
            27.405909155361044
          ],
          [
            68.1756591796875,
            27.415662034560995
          ],
          [
            68.1756591796875,
            27.42053815128712
          ],
          [
            68.18115234375,
            27.430289738862598
          ],
          [
            68.18115234375,
            27.444915505146938
          ],
          [
            68.18115234375,
            27.454664938983143
          ],
          [
            68.18115234375,
            27.45953933271791
          ],
          [
            68.1866455078125,
            27.45953933271791
          ],
          [
            68.1976318359375,
            27.493654053703125
          ],
          [
            68.214111328125,
            27.542371035269653
          ]
        ]
      },
      "properties": {
        "name": "N-155",
        "gcop_source_layer": "highways",
        "gcop_map_layer": "highways_label"
      }
    },
    {
      "type": "Feature",
      "geometry": {
        "type": "LineString",
        "coordinates": [
          [
            67.91748046875,
            27.381523191705057
          ],
          [
            67.972412109375,
            27.415662034560995
          ],
          [
            68.1097412109375,
            27.48878116893799
          ],
          [
            68.18115234375,
            27.53262936554833
          ],
          [
            68.1866455078125,
            27.53750030835947
          ]
        ]
      },
      "properties": {
        "name": "N-255",
        "gcop_source_layer": "highways",
        "gcop_map_layer": "highways_label"
      }
    },
    {
      "type": "Feature",
      "geometry": {
        "type": "LineString",
        "coordinates": [
          [
            75.3497314453125,
            35.51881428123059
          ],
          [
            75.3497314453125,
            35.509871738383964
          ],
          [
            75.3497314453125,
            35.505400093441324
          ],
          [
            75.3607177734375,
            35.49198366469642
          ],
          [
            75.3607177734375,
            35.48751102385377
          ],
          [
            75.3607177734375,
            35.47856499535729
          ],
          [
            75.3607177734375,
            35.47409160773029
          ],
          [
            75.3662109375,
            35.46961797120201
          ],
          [
            75.3717041015625,
            35.46961797120201
          ],
          [
            75.377197265625,
            35.46961797120201
          ],
          [
            75.38818359375,
            35.47856499535729
          ],
          [
            75.3936767578125,
            35.47856499535729
          ],
          [
            75.399169921875,
            35.47856499535729
          ],
          [
            75.41015625,
            35.47856499535729
          ],
          [
            75.41015625,
            35.47409160773029
          ],
          [
            75.421142578125,
            35.46961797120201
          ],
          [
            75.4266357421875,
            35.465144085785866
          ],
          [
            75.43212890625,
            35.465144085785866
          ],
          [
            75.4376220703125,
            35.460669951495305
          ],
          [
            75.443115234375,
            35.460669951495305
          ],
          [
            75.4541015625,
            35.460669951495305
          ],
          [
            75.4595947265625,
            35.456195568343745
          ],
          [
            75.465087890625,
            35.43829554739668
          ],
          [
            75.4705810546875,
            35.43381992014203
          ],
          [
            75.4705810546875,
            35.429344044107154
          ],
          [
            75.4705810546875,
            35.42486791930558
          ],
          [
            75.4705810546875,
            35.420391545750775
          ],
          [
            75.465087890625,
            35.420391545750775
          ],
          [
            75.4705810546875,
            35.41591492345623
          ],
          [
            75.47607421875,
            35.41143805243546
          ],
          [
            75.4815673828125,
            35.406960932702006
          ],
          [
            75.47607421875,
            35.40248356426936
          ],
          [
            75.47607421875,
            35.39352808136067
          ],
          [
            75.4815673828125,
            35.38457160381763
          ],
          [
            75.4925537109375,
            35.380092992092145
          ],
          [
            75.498046875,
            35.37561413174875
          ],
          [
            75.5035400390625,
            35.37561413174875
          ],
          [
            75.5035400390625,
            35.3666556652625
          ],
          [
            75.5035400390625,
            35.362176059146805
          ],
          [
            75.509033203125,
            35.357696204467516
          ],
          [
            75.509033203125,
            35.35321610123823
          ],
          [
            75.52001953125,
            35.34425514918409
          ],
          [
            75.531005859375,
            35.32633026307484
          ],
          [
            75.5364990234375,
            35.32184842037685
          ],
          [
            75.5364990234375,
            35.31736632923787
          ],
          [
            75.5419921875,
            35.31288398967159
          ],
          [
            75.5474853515625,
            35.303918565311704
          ],
          [
            75.5694580078125,
            35.294952147406576
          ],
          [
            75.5859375,
            35.294952147406576
          ],
          [
            75.6134033203125,
            35.294952147406576
          ]
        ]
      },
      "properties": {
        "name": "S-1",
        "gcop_source_layer": "highways",
        "gcop_map_layer": "highways_label"
      }
    },
    {
      "type": "Feature",
      "geometry": {
        "type": "LineString",
        "coordinates": [
          [
            73.4710693359375,
            34.357041600760724
          ],
          [
            73.465576171875,
            34.35250666867596
          ],
          [
            73.465576171875,
            34.34797149124496
          ],
          [
            73.465576171875,
            34.343436068482944
          ],
          [
            73.4710693359375,
            34.338900400404995
          ],
          [
            73.4710693359375,
            34.334364487026306
          ],
          [
            73.465576171875,
            34.334364487026306
          ],
          [
            73.465576171875,
            34.32982832836203
          ],
          [
            73.4710693359375,
            34.32529192442733
          ],
          [
            73.4765625,
            34.3207552752374
          ],
          [
            73.4765625,
            34.31621838080741
          ],
          [
            73.4820556640625,
            34.30714385628805
          ],
          [
            73.4765625,
            34.298068350990846
          ],
          [
            73.4765625,
            34.28899186503753
          ],
          [
            73.4820556640625,
            34.28445325435288
          ],
          [
            73.4820556640625,
            34.279914398549934
          ],
          [
            73.487548828125,
            34.275375297643876
          ],
          [
            73.4820556640625,
            34.27083595165
          ],
          [
            73.4765625,
            34.26629636058354
          ],
          [
            73.4765625,
            34.26175652445981
          ],
          [
            73.4710693359375,
            34.26175652445981
          ],
          [
            73.4710693359375,
            34.252676117101515
          ],
          [
            73.4765625,
            34.24813554589754
          ],
          [
            73.4765625,
            34.243594729697406
          ],
          [
            73.4820556640625,
            34.23451236236987
          ],
          [
            73.487548828125,
            34.220886974290124
          ],
          [
            73.4930419921875,
            34.21634468843466
          ],
          [
            73.4930419921875,
            34.21180215769026
          ],
          [
            73.49853515625,
            34.20725938207231
          ],
          [
            73.5040283203125,
            34.202716361596174
          ],
          [
            73.49853515625,
            34.202716361596174
          ],
          [
            73.49853515625,
            34.19817309627726
          ],
          [
            73.49853515625,
            34.19362958613084
          ],
          [
            73.4930419921875,
            34.189085831172406
          ],
          [
            73.4930419921875,
            34.18454183141725
          ],
          [
            73.4930419921875,
            34.17999758688083
          ],
          [
            73.4930419921875,
            34.175453097578526
          ],
          [
            73.4930419921875,
            34.16636338473789
          ],
          [
            73.4930419921875,
            34.161818161230386
          ],
          [
            73.4930419921875,
            34.15727269301868
          ],
          [
            73.4930419921875,
            34.152726980118175
          ],
          [
            73.4930419921875,
            34.14818102254435
          ],
          [
            73.4930419921875,
            34.14363482031264
          ],
          [
            73.4930419921875,
            34.13908837343848
          ],
          [
            73.49853515625,
            34.134541681937364
          ],
          [
            73.49853515625,
            34.129994745824774
          ],
          [
            73.4930419921875,
            34.12544756511612
          ],
          [
            73.49853515625,
            34.11180455556898
          ],
          [
            73.49853515625,
            34.10725639663117
          ],
          [
            73.49853515625,
            34.102707993174874
          ],
          [
            73.49853515625,
            34.098159345215535
          ],
          [
            73.49853515625,
            34.093610452768715
          ]
        ]
      },
      "properties": {
        "name": "S-2",
        "gcop_source_layer": "highways",
        "gcop_map_layer": "highways_label"
      }
    },
    {
      "type": "Feature",
      "geometry": {
        "type": "LineString",
        "coordinates": [
          [
            73.4710693359375,
            34.35250666867596
          ],
          [
            73.4765625,
            34.35250666867596
          ],
          [
            73.4820556640625,
            34.34797149124496
          ],
          [
            73.4820556640625,
            34.343436068482944
          ],
          [
            73.487548828125,
            34.343436068482944
          ],
          [
            73.4930419921875,
            34.343436068482944
          ],
          [
            73.49853515625,
            34.334364487026306
          ],
          [
            73.509521484375,
            34.334364487026306
          ],
          [
            73.509521484375,
            34.32982832836203
          ],
          [
            73.5150146484375,
            34.32529192442733
          ],
          [
            73.5205078125,
            34.3207552752374
          ],
          [
            73.531494140625,
            34.31168124115257
          ],
          [
            73.5369873046875,
            34.31168124115257
          ],
          [
            73.54248046875,
            34.30714385628805
          ],
          [
            73.5479736328125,
            34.30260622622906
          ],
          [
            73.5479736328125,
            34.298068350990846
          ],
          [
            73.5479736328125,
            34.29353023058857
          ],
          [
            73.5589599609375,
            34.28899186503753
          ],
          [
            73.564453125,
            34.28899186503753
          ],
          [
            73.564453125,
            34.28445325435288
          ],
          [
            73.5699462890625,
            34.279914398549934
          ],
          [
            73.5699462890625,
            34.27083595165
          ],
          [
            73.575439453125,
            34.27083595165
          ],
          [
            73.575439453125,
            34.26629636058354
          ],
          [
            73.5809326171875,
            34.26175652445981
          ],
          [
            73.58642578125,
            34.252676117101515
          ],
          [
            73.5919189453125,
            34.252676117101515
          ],
          [
            73.5919189453125,
            34.24813554589754
          ],
          [
            73.597412109375,
            34.243594729697406
          ],
          [
            73.6029052734375,
            34.23905366851639
          ],
          [
            73.6083984375,
            34.23905366851639
          ],
          [
            73.6138916015625,
            34.22997081127308
          ],
          [
            73.6248779296875,
            34.21634468843466
          ],
          [
            73.6358642578125,
            34.21180215769026
          ],
          [
            73.6358642578125,
            34.20725938207231
          ],
          [
            73.641357421875,
            34.202716361596174
          ],
          [
            73.6468505859375,
            34.202716361596174
          ],
          [
            73.6578369140625,
            34.19817309627726
          ],
          [
            73.6578369140625,
            34.19362958613084
          ],
          [
            73.663330078125,
            34.19362958613084
          ],
          [
            73.663330078125,
            34.189085831172406
          ],
          [
            73.6688232421875,
            34.19362958613084
          ],
          [
            73.6688232421875,
            34.189085831172406
          ],
          [
            73.6798095703125,
            34.18454183141725
          ],
          [
            73.685302734375,
            34.18454183141725
          ],
          [
            73.685302734375,
            34.17999758688083
          ],
          [
            73.685302734375,
            34.18454183141725
          ],
          [
            73.6907958984375,
            34.18454183141725
          ],
          [
            73.6962890625,
            34.17999758688083
          ],
          [
            73.6907958984375,
            34.17999758688083
          ],
          [
            73.6962890625,
            34.17999758688083
          ],
          [
            73.7017822265625,
            34.17999758688083
          ],
          [
            73.707275390625,
            34.17999758688083
          ],
          [
            73.71826171875,
            34.175453097578526
          ],
          [
            73.7237548828125,
            34.175453097578526
          ],
          [
            73.729248046875,
            34.175453097578526
          ],
          [
            73.7347412109375,
            34.17090836352574
          ],
          [
            73.740234375,
            34.16636338473789
          ],
          [
            73.740234375,
            34.17090836352574
          ],
          [
            73.7457275390625,
            34.17090836352574
          ],
          [
            73.751220703125,
            34.17090836352574
          ],
          [
            73.7677001953125,
            34.175453097578526
          ],
          [
            73.773193359375,
            34.175453097578526
          ],
          [
            73.7786865234375,
            34.175453097578526
          ],
          [
            73.7841796875,
            34.17090836352574
          ],
          [
            73.7896728515625,
            34.17090836352574
          ],
          [
            73.795166015625,
            34.17090836352574
          ],
          [
            73.8006591796875,
            34.17090836352574
          ],
          [
            73.80615234375,
            34.16636338473789
          ],
          [
            73.817138671875,
            34.16636338473789
          ],
          [
            73.8226318359375,
            34.161818161230386
          ],
          [
            73.8226318359375,
            34.15727269301868
          ],
          [
            73.828125,
            34.15727269301868
          ],
          [
            73.8336181640625,
            34.152726980118175
          ],
          [
            73.8446044921875,
            34.14818102254435
          ],
          [
            73.85009765625,
            34.13908837343848
          ],
          [
            73.85009765625,
            34.134541681937364
          ],
          [
            73.861083984375,
            34.134541681937364
          ],
          [
            73.8665771484375,
            34.129994745824774
          ],
          [
            73.8665771484375,
            34.12544756511612
          ],
          [
            73.8720703125,
            34.12090013982697
          ],
          [
            73.8775634765625,
            34.12090013982697
          ],
          [
            73.8775634765625,
            34.11635246997275
          ],
          [
            73.883056640625,
            34.11180455556898
          ]
        ]
      },
      "properties": {
        "name": "S-3",
        "gcop_source_layer": "highways",
        "gcop_map_layer": "highways_label"
      }
    },
    {
      "type": "Feature",
      "geometry": {
        "type": "LineString",
        "coordinates": [
          [
            67.65380859375,
            27.877928333679492
          ],
          [
            67.6153564453125,
            27.877928333679492
          ],
          [
            67.6043701171875,
            27.882783884259112
          ],
          [
            67.5933837890625,
            27.93132741229364
          ],
          [
            67.576904296875,
            27.936180566769394
          ],
          [
            67.554931640625,
            27.965294915211132
          ],
          [
            67.5274658203125,
            27.97984914504167
          ],
          [
            67.5054931640625,
            28.008951712550953
          ],
          [
            67.5,
            28.008951712550953
          ],
          [
            67.4835205078125,
            28.023500048883022
          ],
          [
            67.4835205078125,
            28.02834905750575
          ],
          [
            67.47802734375,
            28.042894772561624
          ],
          [
            67.4560546875,
            28.081673729044283
          ],
          [
            67.4505615234375,
            28.09621222943811
          ],
          [
            67.4395751953125,
            28.110748760633527
          ],
          [
            67.4395751953125,
            28.115593833316765
          ],
          [
            67.4395751953125,
            28.120438687101057
          ],
          [
            67.43408203125,
            28.120438687101057
          ],
          [
            67.4285888671875,
            28.115593833316765
          ],
          [
            67.401123046875,
            28.09136628140695
          ],
          [
            67.401123046875,
            28.086520114600717
          ],
          [
            67.401123046875,
            28.06713326012151
          ],
          [
            67.401123046875,
            28.06228599981219
          ],
          [
            67.401123046875,
            28.057438520876673
          ],
          [
            67.3956298828125,
            28.042894772561624
          ],
          [
            67.3956298828125,
            28.02834905750575
          ],
          [
            67.3956298828125,
            28.023500048883022
          ],
          [
            67.3956298828125,
            28.018650821833063
          ],
          [
            67.3956298828125,
            28.013801376380712
          ],
          [
            67.3956298828125,
            28.008951712550953
          ],
          [
            67.39013671875,
            28.004101830368654
          ],
          [
            67.3846435546875,
            27.99440141104617
          ],
          [
            67.3846435546875,
            27.98470011861268
          ],
          [
            67.3736572265625,
            27.965294915211132
          ],
          [
            67.3736572265625,
            27.960443068978336
          ],
          [
            67.3681640625,
            27.955591004642557
          ],
          [
            67.3681640625,
            27.94588622176194
          ],
          [
            67.3681640625,
            27.950738722228763
          ],
          [
            67.3681640625,
            27.94588622176194
          ],
          [
            67.3681640625,
            27.941033503267164
          ],
          [
            67.3681640625,
            27.936180566769394
          ],
          [
            67.3681640625,
            27.93132741229364
          ],
          [
            67.3681640625,
            27.936180566769394
          ],
          [
            67.3681640625,
            27.93132741229364
          ],
          [
            67.3626708984375,
            27.93132741229364
          ],
          [
            67.3626708984375,
            27.936180566769394
          ],
          [
            67.357177734375,
            27.936180566769394
          ],
          [
            67.357177734375,
            27.93132741229364
          ],
          [
            67.357177734375,
            27.936180566769394
          ],
          [
            67.3516845703125,
            27.93132741229364
          ],
          [
            67.34619140625,
            27.93132741229364
          ],
          [
            67.34619140625,
            27.926474039865013
          ],
          [
            67.3406982421875,
            27.93132741229364
          ],
          [
            67.3406982421875,
            27.936180566769394
          ],
          [
            67.34619140625,
            27.936180566769394
          ],
          [
            67.3406982421875,
            27.941033503267164
          ],
          [
            67.335205078125,
            27.941033503267164
          ],
          [
            67.3297119140625,
            27.94588622176194
          ],
          [
            67.3297119140625,
            27.950738722228763
          ],
          [
            67.3297119140625,
            27.960443068978336
          ],
          [
            67.3297119140625,
            27.955591004642557
          ],
          [
            67.32421875,
            27.960443068978336
          ],
          [
            67.3187255859375,
            27.955591004642557
          ],
          [
            67.32421875,
            27.94588622176194
          ],
          [
            67.32421875,
            27.936180566769394
          ],
          [
            67.32421875,
            27.93132741229364
          ],
          [
            67.3187255859375,
            27.93132741229364
          ],
          [
            67.313232421875,
            27.93132741229364
          ],
          [
            67.3077392578125,
            27.92162044950844
          ],
          [
            67.3077392578125,
            27.90705837112199
          ],
          [
            67.3077392578125,
            27.902203909304404
          ],
          [
            67.30224609375,
            27.88763921713651
          ],
          [
            67.2967529296875,
            27.88763921713651
          ],
          [
            67.2967529296875,
            27.882783884259112
          ],
          [
            67.2967529296875,
            27.877928333679492
          ],
          [
            67.2967529296875,
            27.873072565422788
          ],
          [
            67.291259765625,
            27.873072565422788
          ],
          [
            67.291259765625,
            27.86821657951407
          ],
          [
            67.2857666015625,
            27.86821657951407
          ],
          [
            67.2747802734375,
            27.86336037597853
          ],
          [
            67.2747802734375,
            27.858503954841254
          ],
          [
            67.269287109375,
            27.85364731612738
          ],
          [
            67.2637939453125,
            27.848790459862073
          ],
          [
            67.25830078125,
            27.843933386070518
          ],
          [
            67.2528076171875,
            27.83907609477781
          ],
          [
            67.2528076171875,
            27.8342185860092
          ],
          [
            67.247314453125,
            27.829360859789787
          ],
          [
            67.2418212890625,
            27.8342185860092
          ],
          [
            67.2308349609375,
            27.83907609477781
          ],
          [
            67.2308349609375,
            27.843933386070518
          ],
          [
            67.225341796875,
            27.843933386070518
          ],
          [
            67.2198486328125,
            27.83907609477781
          ],
          [
            67.2088623046875,
            27.83907609477781
          ],
          [
            67.1978759765625,
            27.83907609477781
          ],
          [
            67.1923828125,
            27.8342185860092
          ],
          [
            67.1868896484375,
            27.829360859789787
          ],
          [
            67.181396484375,
            27.824502916144823
          ],
          [
            67.1759033203125,
            27.819644755099446
          ],
          [
            67.1759033203125,
            27.80992778090838
          ],
          [
            67.1759033203125,
            27.805068967813085
          ],
          [
            67.1649169921875,
            27.785631542688833
          ],
          [
            67.159423828125,
            27.780771643348217
          ],
          [
            67.1649169921875,
            27.7661906423875
          ],
          [
            67.159423828125,
            27.74674626852638
          ],
          [
            67.1429443359375,
            27.717573198352596
          ],
          [
            67.1429443359375,
            27.707847106603438
          ],
          [
            67.137451171875,
            27.702983735525862
          ],
          [
            67.1319580078125,
            27.702983735525862
          ],
          [
            67.1209716796875,
            27.702983735525862
          ],
          [
            67.1209716796875,
            27.707847106603438
          ],
          [
            67.1099853515625,
            27.707847106603438
          ],
          [
            67.1044921875,
            27.707847106603438
          ],
          [
            67.0880126953125,
            27.717573198352596
          ],
          [
            67.08251953125,
            27.727298422724658
          ],
          [
            67.0770263671875,
            27.73702277951682
          ],
          [
            67.0660400390625,
            27.74188463250708
          ],
          [
            67.049560546875,
            27.77105119317227
          ],
          [
            67.049560546875,
            27.775911526834264
          ],
          [
            67.0440673828125,
            27.7661906423875
          ],
          [
            67.0440673828125,
            27.761329874505236
          ],
          [
            67.03857421875,
            27.761329874505236
          ],
          [
            67.027587890625,
            27.7661906423875
          ],
          [
            67.0220947265625,
            27.7661906423875
          ],
          [
            67.0166015625,
            27.75160768754938
          ],
          [
            67.0001220703125,
            27.74674626852638
          ],
          [
            67.0001220703125,
            27.74188463250708
          ],
          [
            66.99462890625,
            27.73702277951682
          ],
          [
            66.9781494140625,
            27.727298422724658
          ],
          [
            66.9451904296875,
            27.727298422724658
          ],
          [
            66.9342041015625,
            27.73216070958091
          ],
          [
            66.9287109375,
            27.73216070958091
          ],
          [
            66.9232177734375,
            27.727298422724658
          ],
          [
            66.9232177734375,
            27.72243591897343
          ],
          [
            66.9232177734375,
            27.717573198352596
          ],
          [
            66.917724609375,
            27.712710260887476
          ],
          [
            66.90673828125,
            27.707847106603438
          ],
          [
            66.9012451171875,
            27.702983735525862
          ],
          [
            66.895751953125,
            27.702983735525862
          ],
          [
            66.8792724609375,
            27.702983735525862
          ],
          [
            66.8572998046875,
            27.6981201476801
          ],
          [
            66.8133544921875,
            27.693256343091576
          ],
          [
            66.807861328125,
            27.693256343091576
          ],
          [
            66.807861328125,
            27.688392321785656
          ],
          [
            66.8023681640625,
            27.688392321785656
          ],
          [
            66.7913818359375,
            27.688392321785656
          ],
          [
            66.7913818359375,
            27.693256343091576
          ],
          [
            66.7913818359375,
            27.6981201476801
          ],
          [
            66.763916015625,
            27.707847106603438
          ],
          [
            66.7474365234375,
            27.72243591897343
          ],
          [
            66.7364501953125,
            27.727298422724658
          ],
          [
            66.7254638671875,
            27.73216070958091
          ],
          [
            66.7144775390625,
            27.727298422724658
          ],
          [
            66.7034912109375,
            27.727298422724658
          ],
          [
            66.6925048828125,
            27.73216070958091
          ],
          [
            66.68701171875,
            27.73702277951682
          ],
          [
            66.654052734375,
            27.74188463250708
          ],
          [
            66.6485595703125,
            27.74188463250708
          ],
          [
            66.64306640625,
            27.74674626852638
          ]
        ]
      },
      "properties": {
        "name": "M-8",
        "gcop_source_layer": "highways",
        "gcop_map_layer": "highways_label"
      }
    },
    {
      "type": "Feature",
      "geometry": {
        "type": "LineString",
        "coordinates": [
          [
            73.5150146484375,
            33.050112271849656
          ],
          [
            73.5260009765625,
            33.045507814909996
          ],
          [
            73.531494140625,
            33.0409031172409
          ],
          [
            73.54248046875,
            33.045507814909996
          ],
          [
            73.5479736328125,
            33.045507814909996
          ],
          [
            73.553466796875,
            33.0409031172409
          ],
          [
            73.564453125,
            33.03629817885955
          ],
          [
            73.5699462890625,
            33.03169299978312
          ],
          [
            73.5809326171875,
            33.03169299978312
          ],
          [
            73.5919189453125,
            33.03169299978312
          ],
          [
            73.6358642578125,
            33.0178760185549
          ],
          [
            73.6578369140625,
            33.008663494575586
          ],
          [
            73.6688232421875,
            32.99484290420989
          ],
          [
            73.7127685546875,
            32.948758637154214
          ],
          [
            73.71826171875,
            32.925707488760395
          ],
          [
            73.71826171875,
            32.91648534731439
          ],
          [
            73.7347412109375,
            32.90726224488304
          ],
          [
            73.7457275390625,
            32.90726224488304
          ],
          [
            73.76220703125,
            32.89342578969233
          ],
          [
            73.7841796875,
            32.884200285405484
          ],
          [
            73.7841796875,
            32.87958717306631
          ],
          [
            73.80615234375,
            32.861132322810946
          ],
          [
            73.8116455078125,
            32.85651801010957
          ],
          [
            73.8226318359375,
            32.85190345738802
          ],
          [
            73.828125,
            32.838058359277056
          ],
          [
            73.828125,
            32.833442846649504
          ],
          [
            73.85009765625,
            32.82882709408909
          ],
          [
            73.8665771484375,
            32.81036168486901
          ],
          [
            73.905029296875,
            32.76418137510082
          ],
          [
            74.0203857421875,
            32.620870183181125
          ],
          [
            74.0478515625,
            32.59310597426534
          ],
          [
            74.0863037109375,
            32.55607364492026
          ],
          [
            74.0863037109375,
            32.55144352864431
          ],
          [
            74.091796875,
            32.54681317351513
          ],
          [
            74.091796875,
            32.54218257955074
          ],
          [
            74.0972900390625,
            32.500496489244824
          ],
          [
            74.091796875,
            32.500496489244824
          ],
          [
            74.0972900390625,
            32.49586350791503
          ],
          [
            74.102783203125,
            32.4726950220615
          ],
          [
            74.11376953125,
            32.45415593941475
          ],
          [
            74.11376953125,
            32.44024912337551
          ],
          [
            74.1192626953125,
            32.426340161546406
          ],
          [
            74.1412353515625,
            32.324275588876546
          ],
          [
            74.146728515625,
            32.30570601389428
          ],
          [
            74.1522216796875,
            32.27784451498272
          ],
          [
            74.1741943359375,
            32.20350534542368
          ],
          [
            74.168701171875,
            32.19885712788491
          ],
          [
            74.146728515625,
            32.18491105051798
          ],
          [
            74.146728515625,
            32.15701248607007
          ],
          [
            74.1632080078125,
            32.11980111179328
          ],
          [
            74.20166015625,
            32.09188262002178
          ],
          [
            74.2291259765625,
            31.94283997285308
          ]
        ]
      },
      "properties": {
        "name": "N-5",
        "gcop_source_layer": "highways",
        "gcop_map_layer": "highways_label"
      }
    },
    {
      "type": "Feature",
      "geometry": {
        "type": "LineString",
        "coordinates": [
          [
            67.060546875,
            24.861518533567946
          ],
          [
            67.071533203125,
            24.861518533567946
          ],
          [
            67.08251953125,
            24.866502526926908
          ],
          [
            67.093505859375,
            24.87646991083153
          ],
          [
            67.1044921875,
            24.87646991083153
          ],
          [
            67.115478515625,
            24.886436490787716
          ],
          [
            67.12646484375,
            24.886436490787716
          ],
          [
            67.1319580078125,
            24.886436490787716
          ],
          [
            67.1649169921875,
            24.886436490787716
          ],
          [
            67.1759033203125,
            24.886436490787716
          ],
          [
            67.181396484375,
            24.88145330131796
          ],
          [
            67.1923828125,
            24.87646991083153
          ],
          [
            67.203369140625,
            24.866502526926908
          ],
          [
            67.2088623046875,
            24.85653433931067
          ],
          [
            67.21435546875,
            24.85653433931067
          ],
          [
            67.2418212890625,
            24.85653433931067
          ],
          [
            67.247314453125,
            24.851549944184725
          ],
          [
            67.30224609375,
            24.866502526926908
          ],
          [
            67.3187255859375,
            24.861518533567946
          ],
          [
            67.3406982421875,
            24.85653433931067
          ],
          [
            67.3736572265625,
            24.866502526926908
          ],
          [
            67.379150390625,
            24.866502526926908
          ],
          [
            67.4285888671875,
            24.846565348219755
          ],
          [
            67.4285888671875,
            24.84158055144536
          ],
          [
            67.43408203125,
            24.84158055144536
          ],
          [
            67.43408203125,
            24.836595553891186
          ],
          [
            67.4505615234375,
            24.836595553891186
          ],
          [
            67.5054931640625,
            24.811667555461852
          ],
          [
            67.5714111328125,
            24.74683129841206
          ],
          [
            67.5823974609375,
            24.741842491684054
          ],
          [
            67.5933837890625,
            24.741842491684054
          ],
          [
            67.6043701171875,
            24.731864277701717
          ],
          [
            67.60986328125,
            24.726874870506975
          ],
          [
            67.65380859375,
            24.731864277701717
          ]
        ]
      },
      "properties": {
        "name": "N-5",
        "gcop_source_layer": "highways",
        "gcop_map_layer": "highways_label"
      }
    },
    {
      "type": "Feature",
      "geometry": {
        "type": "LineString",
        "coordinates": [
          [
            73.487548828125,
            30.78431768971889
          ],
          [
            73.443603515625,
            30.789036751261165
          ],
          [
            73.421630859375,
            30.793755581217667
          ],
          [
            73.2843017578125,
            30.72767089504768
          ],
          [
            73.27880859375,
            30.722948824772516
          ],
          [
            73.1964111328125,
            30.680439786468128
          ],
          [
            73.1854248046875,
            30.680439786468128
          ],
          [
            73.157958984375,
            30.67099079077917
          ],
          [
            73.1524658203125,
            30.661540870820915
          ],
          [
            73.0865478515625,
            30.642638258763256
          ],
          [
            73.0755615234375,
            30.647364258243186
          ],
          [
            72.938232421875,
            30.609549797190837
          ],
          [
            72.9327392578125,
            30.60482195075798
          ],
          [
            72.92724609375,
            30.60482195075798
          ],
          [
            72.9217529296875,
            30.600093873550065
          ],
          [
            72.9217529296875,
            30.595365565588082
          ],
          [
            72.9107666015625,
            30.585908257485585
          ],
          [
            72.9052734375,
            30.585908257485585
          ],
          [
            72.8997802734375,
            30.59063702689295
          ],
          [
            72.8997802734375,
            30.595365565588082
          ],
          [
            72.894287109375,
            30.595365565588082
          ],
          [
            72.79541015625,
            30.566990873153344
          ],
          [
            72.7899169921875,
            30.562260950499436
          ],
          [
            72.7734375,
            30.557530797259176
          ],
          [
            72.718505859375,
            30.543338954230222
          ],
          [
            72.718505859375,
            30.53860787885455
          ],
          [
            72.718505859375,
            30.533876572997627
          ],
          [
            72.7130126953125,
            30.529145036680404
          ],
          [
            72.70751953125,
            30.524413269923983
          ],
          [
            72.696533203125,
            30.51968127274941
          ],
          [
            72.6800537109375,
            30.51968127274941
          ],
          [
            72.6690673828125,
            30.524413269923983
          ],
          [
            72.66357421875,
            30.529145036680404
          ],
          [
            72.5537109375,
            30.496017831341277
          ],
          [
            72.5537109375,
            30.491284452100174
          ],
          [
            72.542724609375,
            30.496017831341277
          ],
          [
            72.542724609375,
            30.491284452100174
          ],
          [
            72.520751953125,
            30.486550842588485
          ],
          [
            72.4713134765625,
            30.47234863264083
          ],
          [
            72.4603271484375,
            30.47234863264083
          ],
          [
            72.454833984375,
            30.467614102257855
          ],
          [
            72.4493408203125,
            30.462879341709893
          ],
          [
            72.3944091796875,
            30.448673679287566
          ],
          [
            72.366943359375,
            30.458144351018078
          ],
          [
            72.3504638671875,
            30.458144351018078
          ],
          [
            72.322998046875,
            30.4392020872356
          ],
          [
            72.3175048828125,
            30.424992973925598
          ],
          [
            72.235107421875,
            30.401306519203587
          ],
          [
            72.2296142578125,
            30.401306519203587
          ],
          [
            72.2186279296875,
            30.396568538569383
          ],
          [
            72.1636962890625,
            30.377614317774785
          ],
          [
            72.158203125,
            30.377614317774785
          ],
          [
            72.1417236328125,
            30.38235321766959
          ],
          [
            72.13623046875,
            30.38235321766959
          ],
          [
            72.1307373046875,
            30.377614317774785
          ],
          [
            72.1307373046875,
            30.36813582872057
          ],
          [
            72.1142578125,
            30.363396239603745
          ],
          [
            72.0428466796875,
            30.344435586368462
          ],
          [
            72.0263671875,
            30.334953881988568
          ],
          [
            72.0208740234375,
            30.334953881988568
          ],
          [
            71.949462890625,
            30.315987718557864
          ],
          [
            71.9439697265625,
            30.315987718557864
          ],
          [
            71.9384765625,
            30.315987718557864
          ],
          [
            71.8670654296875,
            30.320729603696023
          ],
          [
            71.8505859375,
            30.325471259328083
          ],
          [
            71.751708984375,
            30.334953881988568
          ],
          [
            71.7132568359375,
            30.315987718557864
          ],
          [
            71.685791015625,
            30.301760686320705
          ],
          [
            71.6802978515625,
            30.301760686320705
          ],
          [
            71.6693115234375,
            30.30650325984884
          ],
          [
            71.6583251953125,
            30.301760686320705
          ],
          [
            71.641845703125,
            30.29227485102426
          ],
          [
            71.6363525390625,
            30.287531589298723
          ],
          [
            71.6253662109375,
            30.282788098216884
          ],
          [
            71.619873046875,
            30.263811840754926
          ],
          [
            71.56494140625,
            30.235340577517945
          ],
          [
            71.56494140625,
            30.202113679097238
          ],
          [
            71.56494140625,
            30.192618218499277
          ],
          [
            71.5704345703125,
            30.187870144799817
          ],
          [
            71.5704345703125,
            30.178373310707883
          ],
          [
            71.5594482421875,
            30.168875561169088
          ],
          [
            71.5594482421875,
            30.1641263431611
          ],
          [
            71.5484619140625,
            30.1641263431611
          ],
          [
            71.54296875,
            30.1641263431611
          ],
          [
            71.54296875,
            30.159376896356193
          ],
          [
            71.5374755859375,
            30.15462722077598
          ],
          [
            71.531982421875,
            30.149877316442073
          ],
          [
            71.5264892578125,
            30.145127183376133
          ],
          [
            71.4990234375,
            30.145127183376133
          ],
          [
            71.4935302734375,
            30.145127183376133
          ],
          [
            71.4935302734375,
            30.00251693857068
          ],
          [
            71.531982421875,
            29.87399221123566
          ],
          [
            71.5924072265625,
            29.65464247966365
          ],
          [
            71.597900390625,
            29.645094649860752
          ],
          [
            71.60888671875,
            29.602118211647337
          ],
          [
            71.6253662109375,
            29.58778865990996
          ],
          [
            71.65283203125,
            29.573457073017565
          ],
          [
            71.65283203125,
            29.563901551414418
          ],
          [
            71.6473388671875,
            29.540008792525455
          ],
          [
            71.6363525390625,
            29.51611038606228
          ],
          [
            71.6473388671875,
            29.473079031558157
          ],
          [
            71.6473388671875,
            29.468296641713223
          ],
          [
            71.641845703125,
            29.463514026304708
          ],
          [
            71.641845703125,
            29.449164826924672
          ],
          [
            71.65283203125,
            29.430029404571755
          ],
          [
            71.630859375,
            29.382175075145284
          ],
          [
            71.6253662109375,
            29.37738840347899
          ],
          [
            71.6033935546875,
            29.363027037783752
          ],
          [
            71.597900390625,
            29.358239465729355
          ],
          [
            71.597900390625,
            29.348663646523633
          ],
          [
            71.5869140625,
            29.34387539941801
          ],
          [
            71.5704345703125,
            29.329509308364706
          ],
          [
            71.56494140625,
            29.324720161511024
          ],
          [
            71.5594482421875,
            29.319930789777587
          ],
          [
            71.5484619140625,
            29.305561325527705
          ],
          [
            71.5374755859375,
            29.305561325527705
          ],
          [
            71.52099609375,
            29.30077105450428
          ],
          [
            71.4935302734375,
            29.276816328368568
          ],
          [
            71.488037109375,
            29.27202470909843
          ],
          [
            71.4605712890625,
            29.243270277106987
          ],
          [
            71.4495849609375,
            29.233683670282787
          ],
          [
            71.444091796875,
            29.228890030194222
          ],
          [
            71.422119140625,
            29.219302076779456
          ],
          [
            71.3946533203125,
            29.20012347764498
          ],
          [
            71.3507080078125,
            29.17614518255975
          ],
          [
            71.3397216796875,
            29.171348850951503
          ],
          [
            71.334228515625,
            29.166552295200148
          ],
          [
            71.3067626953125,
            29.1569585113607
          ],
          [
            71.2957763671875,
            29.1569585113607
          ],
          [
            71.2847900390625,
            29.152161283318918
          ],
          [
            71.279296875,
            29.142566155107062
          ],
          [
            71.268310546875,
            29.132970130878633
          ],
          [
            71.2628173828125,
            29.132970130878633
          ],
          [
            71.25732421875,
            29.132970130878633
          ],
          [
            71.246337890625,
            29.132970130878633
          ],
          [
            71.2298583984375,
            29.142566155107062
          ],
          [
            71.2078857421875,
            29.132970130878633
          ],
          [
            71.202392578125,
            29.132970130878633
          ],
          [
            71.19140625,
            29.128171782816196
          ],
          [
            71.1859130859375,
            29.128171782816196
          ],
          [
            71.16943359375,
            29.118574414910867
          ],
          [
            71.1529541015625,
            29.113775395114388
          ],
          [
            71.1474609375,
            29.10897615145302
          ],
          [
            71.136474609375,
            29.104176683949987
          ],
          [
            71.1090087890625,
            29.09457707751183
          ],
          [
            71.0760498046875,
            29.08977693862319
          ],
          [
            71.0650634765625,
            29.08497657598592
          ],
          [
            71.048583984375,
            29.08977693862319
          ],
          [
            71.0430908203125,
            29.08497657598592
          ],
          [
            71.0321044921875,
            29.09457707751183
          ],
          [
            71.0211181640625,
            29.08977693862319
          ],
          [
            71.0101318359375,
            29.08977693862319
          ],
          [
            71.004638671875,
            29.09457707751183
          ],
          [
            71.004638671875,
            29.099376992628493
          ],
          [
            70.982666015625,
            29.099376992628493
          ],
          [
            70.9771728515625,
            29.099376992628493
          ],
          [
            70.960693359375,
            29.099376992628493
          ],
          [
            70.9332275390625,
            29.099376992628493
          ],
          [
            70.9002685546875,
            29.09457707751183
          ]
        ]
      },
      "properties": {
        "name": "N-5",
        "gcop_source_layer": "highways",
        "gcop_map_layer": "highways_label"
      }
    },
    {
      "type": "Feature",
      "geometry": {
        "type": "LineString",
        "coordinates": [
          [
            73.9324951171875,
            35.08845057036537
          ],
          [
            73.927001953125,
            35.083955579276434
          ],
          [
            73.927001953125,
            35.07946034047981
          ],
          [
            73.9324951171875,
            35.07946034047981
          ],
          [
            73.93798828125,
            35.07946034047981
          ],
          [
            73.93798828125,
            35.074964853989556
          ],
          [
            73.93798828125,
            35.07046911981966
          ],
          [
            73.93798828125,
            35.06597313798417
          ],
          [
            73.93798828125,
            35.06147690849717
          ],
          [
            73.93798828125,
            35.05698043137265
          ],
          [
            73.93798828125,
            35.05248370662467
          ],
          [
            73.93798828125,
            35.038992046780805
          ],
          [
            73.93798828125,
            35.03449433167977
          ],
          [
            73.93798828125,
            35.02999636902565
          ],
          [
            73.93798828125,
            35.02549815883259
          ],
          [
            73.93798828125,
            35.020999701114675
          ],
          [
            73.93798828125,
            35.016500995886005
          ],
          [
            73.9434814453125,
            35.012002043160706
          ],
          [
            73.93798828125,
            35.00300339527672
          ],
          [
            73.9434814453125,
            35.00300339527672
          ],
          [
            73.93798828125,
            35.00300339527672
          ],
          [
            73.9324951171875,
            34.99400375757577
          ],
          [
            73.9324951171875,
            34.985003130171066
          ],
          [
            73.9324951171875,
            34.98050244536519
          ],
          [
            73.927001953125,
            34.97150033361733
          ],
          [
            73.9215087890625,
            34.96699890670368
          ],
          [
            73.9215087890625,
            34.96249723244915
          ],
          [
            73.916015625,
            34.95799531086793
          ],
          [
            73.905029296875,
            34.95349314197422
          ],
          [
            73.89404296875,
            34.94899072578227
          ],
          [
            73.883056640625,
            34.94448806230625
          ],
          [
            73.8775634765625,
            34.94448806230625
          ],
          [
            73.8720703125,
            34.94448806230625
          ],
          [
            73.8665771484375,
            34.939985151560435
          ],
          [
            73.861083984375,
            34.939985151560435
          ],
          [
            73.8555908203125,
            34.939985151560435
          ],
          [
            73.85009765625,
            34.939985151560435
          ],
          [
            73.85009765625,
            34.93548199355901
          ],
          [
            73.839111328125,
            34.93548199355901
          ],
          [
            73.828125,
            34.93097858831628
          ],
          [
            73.8226318359375,
            34.92647493584646
          ],
          [
            73.8226318359375,
            34.92197103616377
          ],
          [
            73.8226318359375,
            34.91746688928252
          ],
          [
            73.817138671875,
            34.91746688928252
          ],
          [
            73.817138671875,
            34.91296249521697
          ],
          [
            73.8116455078125,
            34.91296249521697
          ],
          [
            73.80615234375,
            34.91296249521697
          ],
          [
            73.80615234375,
            34.91746688928252
          ],
          [
            73.80615234375,
            34.91296249521697
          ],
          [
            73.8006591796875,
            34.91746688928252
          ],
          [
            73.795166015625,
            34.91746688928252
          ],
          [
            73.7896728515625,
            34.91746688928252
          ],
          [
            73.7841796875,
            34.91746688928252
          ],
          [
            73.7841796875,
            34.92197103616377
          ],
          [
            73.7841796875,
            34.92647493584646
          ],
          [
            73.7786865234375,
            34.92647493584646
          ],
          [
            73.7786865234375,
            34.93097858831628
          ],
          [
            73.7786865234375,
            34.92647493584646
          ],
          [
            73.773193359375,
            34.92647493584646
          ],
          [
            73.773193359375,
            34.93548199355901
          ],
          [
            73.7677001953125,
            34.93548199355901
          ],
          [
            73.7677001953125,
            34.93097858831628
          ],
          [
            73.7677001953125,
            34.93548199355901
          ],
          [
            73.76220703125,
            34.93548199355901
          ],
          [
            73.7567138671875,
            34.93548199355901
          ],
          [
            73.751220703125,
            34.93548199355901
          ],
          [
            73.751220703125,
            34.93097858831628
          ],
          [
            73.7457275390625,
            34.93548199355901
          ],
          [
            73.7457275390625,
            34.93097858831628
          ],
          [
            73.740234375,
            34.93548199355901
          ],
          [
            73.7347412109375,
            34.93548199355901
          ],
          [
            73.729248046875,
            34.939985151560435
          ],
          [
            73.71826171875,
            34.939985151560435
          ],
          [
            73.707275390625,
            34.939985151560435
          ],
          [
            73.7017822265625,
            34.939985151560435
          ],
          [
            73.6907958984375,
            34.93548199355901
          ],
          [
            73.685302734375,
            34.93097858831628
          ],
          [
            73.6798095703125,
            34.92647493584646
          ],
          [
            73.6688232421875,
            34.93097858831628
          ],
          [
            73.663330078125,
            34.93097858831628
          ],
          [
            73.6578369140625,
            34.92647493584646
          ],
          [
            73.6578369140625,
            34.91746688928252
          ],
          [
            73.6578369140625,
            34.91296249521697
          ],
          [
            73.65234375,
            34.908457853981375
          ],
          [
            73.6468505859375,
            34.903952965590065
          ],
          [
            73.6468505859375,
            34.899447830057255
          ],
          [
            73.6468505859375,
            34.89494244739733
          ],
          [
            73.641357421875,
            34.88593094075317
          ],
          [
            73.6358642578125,
            34.88593094075317
          ],
          [
            73.6358642578125,
            34.88142481679756
          ],
          [
            73.63037109375,
            34.88142481679756
          ],
          [
            73.6248779296875,
            34.88142481679756
          ],
          [
            73.6248779296875,
            34.87691844577209
          ],
          [
            73.6138916015625,
            34.867904962568716
          ],
          [
            73.6029052734375,
            34.867904962568716
          ],
          [
            73.6029052734375,
            34.86339785041953
          ],
          [
            73.597412109375,
            34.854382885097905
          ],
          [
            73.575439453125,
            34.849875031954184
          ],
          [
            73.5699462890625,
            34.849875031954184
          ],
          [
            73.564453125,
            34.849875031954184
          ],
          [
            73.553466796875,
            34.845366931840985
          ],
          [
            73.5479736328125,
            34.84085858477276
          ],
          [
            73.5369873046875,
            34.836349990763864
          ],
          [
            73.5260009765625,
            34.82733206198159
          ],
          [
            73.5260009765625,
            34.822822727237025
          ],
          [
            73.5205078125,
            34.822822727237025
          ],
          [
            73.5150146484375,
            34.81831314560942
          ],
          [
            73.509521484375,
            34.80929324176266
          ],
          [
            73.5150146484375,
            34.800272350556824
          ],
          [
            73.5150146484375,
            34.79576153473033
          ],
          [
            73.5205078125,
            34.78673916270253
          ],
          [
            73.5260009765625,
            34.77771580360469
          ],
          [
            73.5260009765625,
            34.773203753940734
          ],
          [
            73.5260009765625,
            34.768691457552706
          ],
          [
            73.5260009765625,
            34.76417891445513
          ],
          [
            73.5260009765625,
            34.75966612466247
          ],
          [
            73.5260009765625,
            34.7506398050501
          ],
          [
            73.5205078125,
            34.7461262752594
          ],
          [
            73.5150146484375,
            34.74161249883173
          ],
          [
            73.509521484375,
            34.73709847578162
          ],
          [
            73.5040283203125,
            34.728069689872314
          ],
          [
            73.509521484375,
            34.72355492704219
          ],
          [
            73.5205078125,
            34.719039917647876
          ],
          [
            73.5260009765625,
            34.72355492704219
          ],
          [
            73.531494140625,
            34.72355492704219
          ],
          [
            73.5479736328125,
            34.72355492704219
          ],
          [
            73.5589599609375,
            34.728069689872314
          ],
          [
            73.5699462890625,
            34.72355492704219
          ],
          [
            73.575439453125,
            34.719039917647876
          ],
          [
            73.575439453125,
            34.70549341022547
          ],
          [
            73.575439453125,
            34.7009774147201
          ],
          [
            73.575439453125,
            34.69194468425019
          ],
          [
            73.5699462890625,
            34.68291096793206
          ],
          [
            73.564453125,
            34.67839374011646
          ],
          [
            73.564453125,
            34.673876265882726
          ],
          [
            73.553466796875,
            34.66935854524543
          ],
          [
            73.5479736328125,
            34.66935854524543
          ],
          [
            73.54248046875,
            34.66935854524543
          ],
          [
            73.5369873046875,
            34.664840578219284
          ],
          [
            73.531494140625,
            34.664840578219284
          ],
          [
            73.5260009765625,
            34.664840578219284
          ],
          [
            73.5205078125,
            34.655803905058974
          ],
          [
            73.5150146484375,
            34.655803905058974
          ],
          [
            73.509521484375,
            34.655803905058974
          ],
          [
            73.5040283203125,
            34.655803905058974
          ],
          [
            73.49853515625,
            34.655803905058974
          ]
        ]
      },
      "properties": {
        "name": "N-15",
        "gcop_source_layer": "highways",
        "gcop_map_layer": "highways_label"
      }
    },
    {
      "type": "Feature",
      "geometry": {
        "type": "LineString",
        "coordinates": [
          [
            75.4376220703125,
            36.85325222344018
          ],
          [
            75.4266357421875,
            36.84885660848691
          ],
          [
            75.4266357421875,
            36.84446074079564
          ],
          [
            75.4156494140625,
            36.840064620377674
          ],
          [
            75.41015625,
            36.840064620377674
          ],
          [
            75.4046630859375,
            36.840064620377674
          ],
          [
            75.3936767578125,
            36.835668247244385
          ],
          [
            75.38818359375,
            36.840064620377674
          ],
          [
            75.3936767578125,
            36.835668247244385
          ],
          [
            75.38818359375,
            36.835668247244385
          ],
          [
            75.3936767578125,
            36.835668247244385
          ],
          [
            75.377197265625,
            36.835668247244385
          ],
          [
            75.3717041015625,
            36.83127162140714
          ],
          [
            75.3662109375,
            36.83127162140714
          ],
          [
            75.3607177734375,
            36.82687474287728
          ],
          [
            75.3497314453125,
            36.8224776116662
          ],
          [
            75.34423828125,
            36.81808022778526
          ],
          [
            75.3497314453125,
            36.81808022778526
          ],
          [
            75.34423828125,
            36.81808022778526
          ],
          [
            75.3497314453125,
            36.81808022778526
          ],
          [
            75.333251953125,
            36.813682591245865
          ],
          [
            75.3277587890625,
            36.813682591245865
          ],
          [
            75.333251953125,
            36.813682591245865
          ],
          [
            75.3167724609375,
            36.81808022778526
          ],
          [
            75.2947998046875,
            36.83127162140714
          ],
          [
            75.289306640625,
            36.83127162140714
          ],
          [
            75.289306640625,
            36.82687474287728
          ],
          [
            75.2838134765625,
            36.82687474287728
          ],
          [
            75.2783203125,
            36.83127162140714
          ],
          [
            75.2783203125,
            36.835668247244385
          ],
          [
            75.267333984375,
            36.83127162140714
          ],
          [
            75.2618408203125,
            36.835668247244385
          ],
          [
            75.25634765625,
            36.83127162140714
          ],
          [
            75.2508544921875,
            36.835668247244385
          ],
          [
            75.245361328125,
            36.835668247244385
          ],
          [
            75.2398681640625,
            36.835668247244385
          ],
          [
            75.234375,
            36.835668247244385
          ],
          [
            75.2288818359375,
            36.840064620377674
          ],
          [
            75.2288818359375,
            36.84446074079564
          ],
          [
            75.223388671875,
            36.84446074079564
          ],
          [
            75.2178955078125,
            36.84885660848691
          ],
          [
            75.201416015625,
            36.85325222344018
          ],
          [
            75.1959228515625,
            36.85764758564406
          ],
          [
            75.1904296875,
            36.85764758564406
          ],
          [
            75.179443359375,
            36.86204269508728
          ],
          [
            75.1739501953125,
            36.86643755175845
          ],
          [
            75.1629638671875,
            36.87522650673951
          ],
          [
            75.1519775390625,
            36.87522650673951
          ],
          [
            75.1409912109375,
            36.87522650673951
          ],
          [
            75.135498046875,
            36.8708321556463
          ],
          [
            75.1300048828125,
            36.8708321556463
          ],
          [
            75.1190185546875,
            36.86643755175845
          ],
          [
            75.113525390625,
            36.86643755175845
          ],
          [
            75.1080322265625,
            36.86643755175845
          ],
          [
            75.0860595703125,
            36.86204269508728
          ],
          [
            75.08056640625,
            36.86204269508728
          ],
          [
            75.0750732421875,
            36.86204269508728
          ],
          [
            75.0750732421875,
            36.85764758564406
          ],
          [
            75.0640869140625,
            36.85764758564406
          ],
          [
            75.05859375,
            36.85764758564406
          ],
          [
            75.0531005859375,
            36.85764758564406
          ],
          [
            75.047607421875,
            36.86204269508728
          ],
          [
            75.03662109375,
            36.85764758564406
          ],
          [
            75.0311279296875,
            36.86204269508728
          ],
          [
            75.025634765625,
            36.86204269508728
          ],
          [
            75.0201416015625,
            36.85764758564406
          ],
          [
            75.0146484375,
            36.86204269508728
          ],
          [
            75.0091552734375,
            36.86643755175845
          ],
          [
            74.9981689453125,
            36.86204269508728
          ],
          [
            74.99267578125,
            36.85325222344018
          ],
          [
            74.9871826171875,
            36.85325222344018
          ],
          [
            74.9761962890625,
            36.84885660848691
          ],
          [
            74.9761962890625,
            36.840064620377674
          ],
          [
            74.9761962890625,
            36.83127162140714
          ],
          [
            74.9761962890625,
            36.82687474287728
          ],
          [
            74.970703125,
            36.82687474287728
          ],
          [
            74.9652099609375,
            36.81808022778526
          ],
          [
            74.9652099609375,
            36.813682591245865
          ],
          [
            74.9652099609375,
            36.8092847020594
          ],
          [
            74.959716796875,
            36.804886560237236
          ],
          [
            74.959716796875,
            36.80048816579081
          ],
          [
            74.959716796875,
            36.796089518731506
          ],
          [
            74.9542236328125,
            36.796089518731506
          ],
          [
            74.9542236328125,
            36.79169061907076
          ],
          [
            74.94873046875,
            36.796089518731506
          ],
          [
            74.9432373046875,
            36.79169061907076
          ],
          [
            74.937744140625,
            36.796089518731506
          ],
          [
            74.9322509765625,
            36.79169061907076
          ],
          [
            74.915771484375,
            36.796089518731506
          ],
          [
            74.9102783203125,
            36.796089518731506
          ],
          [
            74.90478515625,
            36.78729146682001
          ],
          [
            74.8992919921875,
            36.78729146682001
          ],
          [
            74.893798828125,
            36.79169061907076
          ],
          [
            74.8883056640625,
            36.78729146682001
          ],
          [
            74.8828125,
            36.78729146682001
          ],
          [
            74.8773193359375,
            36.78729146682001
          ],
          [
            74.8773193359375,
            36.78289206199065
          ],
          [
            74.871826171875,
            36.78289206199065
          ],
          [
            74.871826171875,
            36.77849240459416
          ],
          [
            74.8663330078125,
            36.77849240459416
          ],
          [
            74.86083984375,
            36.77409249464195
          ],
          [
            74.849853515625,
            36.76529191711623
          ],
          [
            74.849853515625,
            36.756490329505155
          ],
          [
            74.8443603515625,
            36.752089156946326
          ],
          [
            74.8388671875,
            36.752089156946326
          ],
          [
            74.8333740234375,
            36.752089156946326
          ],
          [
            74.8333740234375,
            36.747687731900555
          ],
          [
            74.827880859375,
            36.747687731900555
          ],
          [
            74.8223876953125,
            36.74328605437938
          ],
          [
            74.8223876953125,
            36.73448194195683
          ],
          [
            74.81689453125,
            36.725676819770655
          ],
          [
            74.8114013671875,
            36.721273880045004
          ],
          [
            74.805908203125,
            36.71687068791303
          ],
          [
            74.805908203125,
            36.71246724338626
          ],
          [
            74.8114013671875,
            36.70806354647624
          ],
          [
            74.81689453125,
            36.70806354647624
          ],
          [
            74.81689453125,
            36.70365959719456
          ],
          [
            74.8223876953125,
            36.70365959719456
          ],
          [
            74.81689453125,
            36.69485094156225
          ],
          [
            74.827880859375,
            36.677230602346214
          ],
          [
            74.8333740234375,
            36.677230602346214
          ],
          [
            74.8333740234375,
            36.67282488678656
          ],
          [
            74.8388671875,
            36.67282488678656
          ],
          [
            74.8388671875,
            36.66841891894785
          ],
          [
            74.8388671875,
            36.6640126988417
          ],
          [
            74.849853515625,
            36.6551995018735
          ],
          [
            74.849853515625,
            36.64638529597498
          ],
          [
            74.849853515625,
            36.64197781470594
          ],
          [
            74.849853515625,
            36.62434536776988
          ],
          [
            74.8553466796875,
            36.61993662562922
          ],
          [
            74.86083984375,
            36.61993662562922
          ],
          [
            74.8663330078125,
            36.61111838494165
          ],
          [
            74.8663330078125,
            36.60670888641815
          ],
          [
            74.8663330078125,
            36.602299135790446
          ]
        ]
      },
      "properties": {
        "name": "N-35",
        "gcop_source_layer": "highways",
        "gcop_map_layer": "highways_label"
      }
    },
    {
      "type": "Feature",
      "geometry": {
        "type": "LineString",
        "coordinates": [
          [
            74.8663330078125,
            36.602299135790446
          ],
          [
            74.86083984375,
            36.602299135790446
          ],
          [
            74.86083984375,
            36.597889133070225
          ],
          [
            74.86083984375,
            36.59347887826918
          ],
          [
            74.8443603515625,
            36.58906837139911
          ],
          [
            74.8388671875,
            36.58906837139911
          ],
          [
            74.8388671875,
            36.58465761247169
          ],
          [
            74.8333740234375,
            36.58465761247169
          ],
          [
            74.827880859375,
            36.57583533849176
          ],
          [
            74.81689453125,
            36.58465761247169
          ],
          [
            74.805908203125,
            36.58024660149866
          ],
          [
            74.8004150390625,
            36.58024660149866
          ],
          [
            74.8004150390625,
            36.57583533849176
          ],
          [
            74.794921875,
            36.57142382346278
          ],
          [
            74.7894287109375,
            36.57142382346278
          ],
          [
            74.7894287109375,
            36.56701205642341
          ],
          [
            74.794921875,
            36.56260003738545
          ],
          [
            74.8004150390625,
            36.54936246839779
          ],
          [
            74.805908203125,
            36.544949441483226
          ],
          [
            74.8114013671875,
            36.54053616262898
          ],
          [
            74.81689453125,
            36.531708849148686
          ],
          [
            74.81689453125,
            36.52729481454624
          ],
          [
            74.8223876953125,
            36.52729481454624
          ],
          [
            74.8333740234375,
            36.52729481454624
          ],
          [
            74.8388671875,
            36.52729481454624
          ],
          [
            74.8443603515625,
            36.522880528051374
          ],
          [
            74.8553466796875,
            36.52729481454624
          ],
          [
            74.86083984375,
            36.522880528051374
          ],
          [
            74.8663330078125,
            36.522880528051374
          ],
          [
            74.8663330078125,
            36.5184659896759
          ],
          [
            74.8663330078125,
            36.51405119943165
          ],
          [
            74.871826171875,
            36.50963615733049
          ],
          [
            74.8773193359375,
            36.50963615733049
          ],
          [
            74.8828125,
            36.50080531760479
          ],
          [
            74.8883056640625,
            36.50080531760479
          ],
          [
            74.8828125,
            36.49638952000399
          ],
          [
            74.8828125,
            36.49197347059368
          ],
          [
            74.8828125,
            36.48314061639212
          ],
          [
            74.893798828125,
            36.47430675509523
          ],
          [
            74.893798828125,
            36.469889446815756
          ],
          [
            74.8883056640625,
            36.46547188679814
          ],
          [
            74.893798828125,
            36.46105407505431
          ],
          [
            74.893798828125,
            36.4566360115962
          ],
          [
            74.8992919921875,
            36.4566360115962
          ],
          [
            74.90478515625,
            36.4566360115962
          ],
          [
            74.8992919921875,
            36.4566360115962
          ],
          [
            74.90478515625,
            36.4566360115962
          ],
          [
            74.90478515625,
            36.45221769643571
          ],
          [
            74.8992919921875,
            36.45221769643571
          ],
          [
            74.893798828125,
            36.447799129584794
          ],
          [
            74.893798828125,
            36.45221769643571
          ],
          [
            74.8883056640625,
            36.45221769643571
          ],
          [
            74.8883056640625,
            36.44338031105541
          ],
          [
            74.8828125,
            36.44338031105541
          ],
          [
            74.871826171875,
            36.43454191900892
          ],
          [
            74.871826171875,
            36.43012234551577
          ],
          [
            74.871826171875,
            36.42570252039198
          ],
          [
            74.8773193359375,
            36.4212824436495
          ],
          [
            74.8828125,
            36.416862115300304
          ],
          [
            74.8828125,
            36.412441535356436
          ],
          [
            74.8773193359375,
            36.408020703829834
          ],
          [
            74.871826171875,
            36.39917828607655
          ],
          [
            74.871826171875,
            36.39475669987385
          ],
          [
            74.8663330078125,
            36.37264499608118
          ],
          [
            74.86083984375,
            36.36822190085111
          ],
          [
            74.8553466796875,
            36.35495110643484
          ],
          [
            74.8553466796875,
            36.35052700542764
          ],
          [
            74.8663330078125,
            36.34167804918316
          ],
          [
            74.871826171875,
            36.32840272942266
          ],
          [
            74.871826171875,
            36.32397712011263
          ],
          [
            74.849853515625,
            36.31069878418269
          ],
          [
            74.8443603515625,
            36.31069878418269
          ],
          [
            74.8388671875,
            36.301845303684345
          ],
          [
            74.8333740234375,
            36.301845303684345
          ],
          [
            74.8223876953125,
            36.30627216957993
          ],
          [
            74.81689453125,
            36.30627216957993
          ],
          [
            74.805908203125,
            36.30627216957993
          ],
          [
            74.8004150390625,
            36.30627216957993
          ],
          [
            74.794921875,
            36.301845303684345
          ],
          [
            74.794921875,
            36.30627216957993
          ],
          [
            74.7894287109375,
            36.30627216957993
          ],
          [
            74.7894287109375,
            36.301845303684345
          ],
          [
            74.783935546875,
            36.29741818650811
          ],
          [
            74.7784423828125,
            36.29741818650811
          ],
          [
            74.77294921875,
            36.29741818650811
          ],
          [
            74.7674560546875,
            36.29741818650811
          ],
          [
            74.761962890625,
            36.301845303684345
          ],
          [
            74.7564697265625,
            36.301845303684345
          ],
          [
            74.7509765625,
            36.301845303684345
          ],
          [
            74.7454833984375,
            36.29741818650811
          ],
          [
            74.739990234375,
            36.29741818650811
          ],
          [
            74.7344970703125,
            36.29741818650811
          ],
          [
            74.7235107421875,
            36.29299081806339
          ],
          [
            74.718017578125,
            36.29299081806339
          ],
          [
            74.718017578125,
            36.29741818650811
          ],
          [
            74.7125244140625,
            36.301845303684345
          ],
          [
            74.7125244140625,
            36.30627216957993
          ],
          [
            74.7015380859375,
            36.30627216957993
          ],
          [
            74.696044921875,
            36.31069878418269
          ],
          [
            74.6905517578125,
            36.31069878418269
          ],
          [
            74.68505859375,
            36.3151251474805
          ],
          [
            74.674072265625,
            36.31069878418269
          ],
          [
            74.674072265625,
            36.3151251474805
          ],
          [
            74.6685791015625,
            36.31069878418269
          ],
          [
            74.6685791015625,
            36.3151251474805
          ],
          [
            74.6630859375,
            36.3151251474805
          ],
          [
            74.6630859375,
            36.31955125946119
          ],
          [
            74.6575927734375,
            36.31955125946119
          ],
          [
            74.652099609375,
            36.3151251474805
          ],
          [
            74.6466064453125,
            36.3151251474805
          ],
          [
            74.6356201171875,
            36.31069878418269
          ],
          [
            74.6356201171875,
            36.3151251474805
          ],
          [
            74.630126953125,
            36.3151251474805
          ],
          [
            74.619140625,
            36.30627216957993
          ],
          [
            74.6136474609375,
            36.30627216957993
          ],
          [
            74.608154296875,
            36.301845303684345
          ],
          [
            74.608154296875,
            36.29741818650811
          ],
          [
            74.6026611328125,
            36.29741818650811
          ],
          [
            74.59716796875,
            36.29741818650811
          ],
          [
            74.586181640625,
            36.301845303684345
          ]
        ]
      },
      "properties": {
        "name": "N-35",
        "gcop_source_layer": "highways",
        "gcop_map_layer": "highways_label"
      }
    },
    {
      "type": "Feature",
      "geometry": {
        "type": "LineString",
        "coordinates": [
          [
            74.59716796875,
            35.759886049336615
          ],
          [
            74.59716796875,
            35.764343479667176
          ],
          [
            74.59716796875,
            35.7688006602384
          ],
          [
            74.608154296875,
            35.75542836925963
          ],
          [
            74.6136474609375,
            35.75097043944926
          ],
          [
            74.619140625,
            35.75097043944926
          ],
          [
            74.619140625,
            35.75542836925963
          ],
          [
            74.630126953125,
            35.75542836925963
          ],
          [
            74.6356201171875,
            35.759886049336615
          ],
          [
            74.64111328125,
            35.759886049336615
          ],
          [
            74.64111328125,
            35.764343479667176
          ],
          [
            74.64111328125,
            35.7688006602384
          ],
          [
            74.6356201171875,
            35.77325759103725
          ],
          [
            74.6356201171875,
            35.77771427205079
          ],
          [
            74.630126953125,
            35.77771427205079
          ],
          [
            74.6246337890625,
            35.782170703266075
          ],
          [
            74.619140625,
            35.7866268846701
          ],
          [
            74.6246337890625,
            35.799993929885275
          ],
          [
            74.630126953125,
            35.799993929885275
          ],
          [
            74.630126953125,
            35.804449111914906
          ],
          [
            74.64111328125,
            35.808904044068626
          ],
          [
            74.64111328125,
            35.813358726333504
          ],
          [
            74.6466064453125,
            35.813358726333504
          ],
          [
            74.652099609375,
            35.82672127366604
          ],
          [
            74.6575927734375,
            35.82672127366604
          ],
          [
            74.6630859375,
            35.83117495624653
          ],
          [
            74.6685791015625,
            35.83117495624653
          ],
          [
            74.674072265625,
            35.83117495624653
          ],
          [
            74.6905517578125,
            35.8356283888737
          ],
          [
            74.70703125,
            35.8356283888737
          ],
          [
            74.7125244140625,
            35.84008157153468
          ],
          [
            74.718017578125,
            35.84453450421661
          ],
          [
            74.7235107421875,
            35.8489871869066
          ],
          [
            74.7344970703125,
            35.85343961959181
          ],
          [
            74.739990234375,
            35.8489871869066
          ],
          [
            74.739990234375,
            35.84453450421661
          ],
          [
            74.7454833984375,
            35.84453450421661
          ],
          [
            74.739990234375,
            35.84008157153468
          ],
          [
            74.739990234375,
            35.8356283888737
          ],
          [
            74.739990234375,
            35.81781315869661
          ],
          [
            74.739990234375,
            35.813358726333504
          ],
          [
            74.739990234375,
            35.808904044068626
          ],
          [
            74.739990234375,
            35.804449111914906
          ],
          [
            74.7344970703125,
            35.799993929885275
          ],
          [
            74.72900390625,
            35.795538497992624
          ],
          [
            74.72900390625,
            35.79108281624994
          ],
          [
            74.7344970703125,
            35.7866268846701
          ],
          [
            74.7344970703125,
            35.79108281624994
          ],
          [
            74.739990234375,
            35.79108281624994
          ],
          [
            74.7454833984375,
            35.782170703266075
          ],
          [
            74.7509765625,
            35.77771427205079
          ],
          [
            74.7564697265625,
            35.77325759103725
          ],
          [
            74.761962890625,
            35.764343479667176
          ],
          [
            74.7564697265625,
            35.75097043944926
          ],
          [
            74.7454833984375,
            35.746512259918504
          ],
          [
            74.739990234375,
            35.74205383068036
          ],
          [
            74.7454833984375,
            35.733136223133926
          ],
          [
            74.739990234375,
            35.724217616914146
          ],
          [
            74.739990234375,
            35.71975793933433
          ],
          [
            74.739990234375,
            35.724217616914146
          ],
          [
            74.739990234375,
            35.71975793933433
          ],
          [
            74.7454833984375,
            35.71529801212529
          ],
          [
            74.7564697265625,
            35.71083783530008
          ],
          [
            74.761962890625,
            35.71083783530008
          ],
          [
            74.77294921875,
            35.71529801212529
          ],
          [
            74.7784423828125,
            35.71529801212529
          ],
          [
            74.7894287109375,
            35.71529801212529
          ],
          [
            74.7894287109375,
            35.71083783530008
          ],
          [
            74.8004150390625,
            35.71083783530008
          ],
          [
            74.81689453125,
            35.71529801212529
          ],
          [
            74.81689453125,
            35.71975793933433
          ],
          [
            74.8223876953125,
            35.71975793933433
          ],
          [
            74.827880859375,
            35.71975793933433
          ],
          [
            74.8388671875,
            35.71083783530008
          ],
          [
            74.8443603515625,
            35.71529801212529
          ],
          [
            74.8443603515625,
            35.71083783530008
          ],
          [
            74.8553466796875,
            35.71083783530008
          ],
          [
            74.86083984375,
            35.71083783530008
          ],
          [
            74.871826171875,
            35.706377408871774
          ],
          [
            74.8883056640625,
            35.70191673285339
          ],
          [
            74.90478515625,
            35.69745580725804
          ],
          [
            74.9102783203125,
            35.6929946320988
          ],
          [
            74.915771484375,
            35.69745580725804
          ],
          [
            74.915771484375,
            35.6929946320988
          ],
          [
            74.9212646484375,
            35.688533207388744
          ],
          [
            74.915771484375,
            35.67068501330236
          ],
          [
            74.9212646484375,
            35.67068501330236
          ],
          [
            74.9212646484375,
            35.66175941929505
          ],
          [
            74.9267578125,
            35.65729624809629
          ],
          [
            74.9267578125,
            35.65283282745163
          ],
          [
            74.937744140625,
            35.64836915737426
          ],
          [
            74.937744140625,
            35.64390523787732
          ],
          [
            74.9432373046875,
            35.64390523787732
          ],
          [
            74.94873046875,
            35.63944106897394
          ],
          [
            74.94873046875,
            35.63497665067729
          ],
          [
            74.9542236328125,
            35.63497665067729
          ],
          [
            74.9652099609375,
            35.6305119830006
          ],
          [
            74.9761962890625,
            35.6305119830006
          ],
          [
            74.9761962890625,
            35.63497665067729
          ],
          [
            74.981689453125,
            35.6305119830006
          ],
          [
            74.9871826171875,
            35.6305119830006
          ],
          [
            74.9871826171875,
            35.62604706595698
          ],
          [
            75.003662109375,
            35.62604706595698
          ],
          [
            75.0091552734375,
            35.62604706595698
          ],
          [
            75.0201416015625,
            35.62604706595698
          ],
          [
            75.025634765625,
            35.6305119830006
          ],
          [
            75.025634765625,
            35.63497665067729
          ],
          [
            75.0311279296875,
            35.63497665067729
          ],
          [
            75.047607421875,
            35.63497665067729
          ],
          [
            75.0531005859375,
            35.63497665067729
          ],
          [
            75.05859375,
            35.63497665067729
          ],
          [
            75.0640869140625,
            35.63497665067729
          ]
        ]
      },
      "properties": {
        "name": "S-1",
        "gcop_source_layer": "highways",
        "gcop_map_layer": "highways_label"
      }
    },
    {
      "type": "Feature",
      "geometry": {
        "type": "LineString",
        "coordinates": [
          [
            68.170166015625,
            26.88288045572338
          ],
          [
            68.126220703125,
            26.843677401113
          ],
          [
            68.1207275390625,
            26.843677401113
          ],
          [
            68.0657958984375,
            26.73579902043167
          ],
          [
            67.9998779296875,
            26.66218684325854
          ],
          [
            67.9779052734375,
            26.57870226910056
          ],
          [
            67.972412109375,
            26.573789513879802
          ],
          [
            67.972412109375,
            26.52956523826758
          ],
          [
            67.972412109375,
            26.519735305660788
          ],
          [
            67.9779052734375,
            26.509904531413923
          ],
          [
            67.9833984375,
            26.495156792444035
          ],
          [
            67.9779052734375,
            26.485323915048284
          ],
          [
            67.9833984375,
            26.480407161007278
          ],
          [
            68.0987548828125,
            26.308188543153676
          ],
          [
            68.104248046875,
            26.303264239389534
          ],
          [
            68.1097412109375,
            26.298339726417737
          ],
          [
            68.115234375,
            26.298339726417737
          ],
          [
            68.1976318359375,
            26.194876675795214
          ],
          [
            68.214111328125,
            26.180088724387304
          ],
          [
            68.2305908203125,
            26.165298896316045
          ],
          [
            68.2525634765625,
            26.155437968713542
          ],
          [
            68.258056640625,
            26.13571361317392
          ],
          [
            68.2745361328125,
            26.120918159599725
          ],
          [
            68.291015625,
            26.11105348290954
          ],
          [
            68.302001953125,
            26.091321632191125
          ],
          [
            68.3349609375,
            26.046912801683987
          ],
          [
            68.3734130859375,
            25.97286069592394
          ],
          [
            68.411865234375,
            25.859223554761385
          ],
          [
            68.4173583984375,
            25.83944940206318
          ],
          [
            68.4283447265625,
            25.8345053473399
          ],
          [
            68.4283447265625,
            25.81967194390404
          ],
          [
            68.433837890625,
            25.814727063097408
          ],
          [
            68.5107421875,
            25.74547706736861
          ],
          [
            68.5107421875,
            25.715786129968635
          ],
          [
            68.5052490234375,
            25.681137335685307
          ],
          [
            68.499755859375,
            25.66628476656517
          ],
          [
            68.499755859375,
            25.646478462796154
          ],
          [
            68.48876953125,
            25.6316215772585
          ],
          [
            68.48876953125,
            25.62666887123855
          ],
          [
            68.4613037109375,
            25.606855993715044
          ],
          [
            68.44482421875,
            25.601902261115725
          ],
          [
            68.44482421875,
            25.596948323286142
          ],
          [
            68.433837890625,
            25.557309435783125
          ],
          [
            68.433837890625,
            25.532528468534437
          ],
          [
            68.4228515625,
            25.492868271257123
          ],
          [
            68.411865234375,
            25.48295117535531
          ],
          [
            68.40087890625,
            25.477992320574813
          ],
          [
            68.389892578125,
            25.458154856592074
          ],
          [
            68.37890625,
            25.418470119273124
          ],
          [
            68.37890625,
            25.413508608042292
          ],
          [
            68.3734130859375,
            25.408546892670557
          ],
          [
            68.35693359375,
            25.403584973186696
          ],
          [
            68.3514404296875,
            25.398622849619585
          ],
          [
            68.3404541015625,
            25.38869799035082
          ],
          [
            68.3349609375,
            25.383735254706863
          ],
          [
            68.3349609375,
            25.378772315094963
          ],
          [
            68.3294677734375,
            25.378772315094963
          ],
          [
            68.323974609375,
            25.378772315094963
          ],
          [
            68.3184814453125,
            25.378772315094963
          ],
          [
            68.31298828125,
            25.368845824082797
          ],
          [
            68.2855224609375,
            25.35891851754525
          ]
        ]
      },
      "properties": {
        "name": "N-5",
        "gcop_source_layer": "highways",
        "gcop_map_layer": "highways_label"
      }
    },
    {
      "type": "Feature",
      "geometry": {
        "type": "LineString",
        "coordinates": [
          [
            66.9232177734375,
            30.045321590268856
          ],
          [
            66.9451904296875,
            30.045321590268856
          ],
          [
            66.983642578125,
            30.040566430584605
          ],
          [
            66.983642578125,
            30.0262995822237
          ],
          [
            66.983642578125,
            30.021543509740027
          ],
          [
            66.983642578125,
            30.012030680358606
          ],
          [
            66.9891357421875,
            30.007273923504556
          ],
          [
            66.99462890625,
            29.997759725578902
          ],
          [
            67.0001220703125,
            29.993002284551082
          ],
          [
            67.005615234375,
            29.983486718474694
          ],
          [
            67.0111083984375,
            29.978728593469924
          ],
          [
            67.0166015625,
            29.978728593469924
          ],
          [
            67.0220947265625,
            29.978728593469924
          ],
          [
            67.027587890625,
            29.978728593469924
          ],
          [
            67.08251953125,
            29.93113480986868
          ],
          [
            67.093505859375,
            29.926374178635754
          ],
          [
            67.093505859375,
            29.92161331969561
          ],
          [
            67.12646484375,
            29.89780561015587
          ],
          [
            67.1319580078125,
            29.89780561015587
          ],
          [
            67.1319580078125,
            29.90256760730233
          ],
          [
            67.137451171875,
            29.912090918781473
          ],
          [
            67.1484375,
            29.916852233070173
          ],
          [
            67.1539306640625,
            29.92161331969561
          ],
          [
            67.1539306640625,
            29.926374178635754
          ],
          [
            67.159423828125,
            29.93113480986868
          ],
          [
            67.159423828125,
            29.935895213372447
          ],
          [
            67.1649169921875,
            29.935895213372447
          ],
          [
            67.17041015625,
            29.935895213372447
          ],
          [
            67.1759033203125,
            29.940655389125
          ],
          [
            67.181396484375,
            29.940655389125
          ],
          [
            67.1923828125,
            29.940655389125
          ],
          [
            67.1978759765625,
            29.935895213372447
          ],
          [
            67.203369140625,
            29.93113480986868
          ],
          [
            67.21435546875,
            29.93113480986868
          ],
          [
            67.21435546875,
            29.926374178635754
          ],
          [
            67.2198486328125,
            29.926374178635754
          ],
          [
            67.236328125,
            29.92161331969561
          ],
          [
            67.247314453125,
            29.92161331969561
          ],
          [
            67.247314453125,
            29.916852233070173
          ],
          [
            67.2528076171875,
            29.916852233070173
          ],
          [
            67.2637939453125,
            29.90732937685155
          ],
          [
            67.2637939453125,
            29.89780561015587
          ],
          [
            67.269287109375,
            29.89304338543417
          ],
          [
            67.2802734375,
            29.883518253353174
          ],
          [
            67.2857666015625,
            29.883518253353174
          ],
          [
            67.291259765625,
            29.878755346037977
          ],
          [
            67.30224609375,
            29.878755346037977
          ],
          [
            67.3077392578125,
            29.87399221123566
          ],
          [
            67.313232421875,
            29.864465259257997
          ],
          [
            67.3187255859375,
            29.84540862642845
          ],
          [
            67.32421875,
            29.84064389983442
          ],
          [
            67.3187255859375,
            29.83587894592995
          ],
          [
            67.32421875,
            29.831113764737154
          ],
          [
            67.3297119140625,
            29.826348356278118
          ],
          [
            67.3297119140625,
            29.81681685764994
          ],
          [
            67.335205078125,
            29.81681685764994
          ],
          [
            67.3406982421875,
            29.812050767525065
          ],
          [
            67.34619140625,
            29.807284450222497
          ],
          [
            67.3516845703125,
            29.79775113417307
          ],
          [
            67.3681640625,
            29.76914573606669
          ],
          [
            67.3736572265625,
            29.759608787303804
          ],
          [
            67.3736572265625,
            29.754839972510936
          ],
          [
            67.3736572265625,
            29.74053216675361
          ],
          [
            67.379150390625,
            29.71668128723107
          ],
          [
            67.379150390625,
            29.711910431038035
          ],
          [
            67.379150390625,
            29.70713934813415
          ],
          [
            67.3846435546875,
            29.69759650228319
          ],
          [
            67.39013671875,
            29.692824739380754
          ],
          [
            67.401123046875,
            29.67850809103362
          ],
          [
            67.4066162109375,
            29.65941605491237
          ],
          [
            67.4176025390625,
            29.62599627366079
          ],
          [
            67.423095703125,
            29.6116701151974
          ],
          [
            67.423095703125,
            29.60689427653149
          ],
          [
            67.43408203125,
            29.602118211647337
          ],
          [
            67.43408203125,
            29.59734192056736
          ],
          [
            67.4505615234375,
            29.58778865990996
          ]
        ]
      },
      "properties": {
        "name": "N-65",
        "gcop_source_layer": "highways",
        "gcop_map_layer": "highways_label"
      }
    },
    {
      "type": "Feature",
      "geometry": {
        "type": "LineString",
        "coordinates": [
          [
            67.4505615234375,
            29.58778865990996
          ],
          [
            67.4505615234375,
            29.583011690377504
          ],
          [
            67.4560546875,
            29.583011690377504
          ],
          [
            67.467041015625,
            29.568679425235132
          ],
          [
            67.4725341796875,
            29.563901551414418
          ],
          [
            67.47802734375,
            29.544787796199472
          ],
          [
            67.4835205078125,
            29.540008792525455
          ],
          [
            67.4835205078125,
            29.535229562948473
          ],
          [
            67.4835205078125,
            29.51611038606228
          ],
          [
            67.4835205078125,
            29.501768632523266
          ],
          [
            67.4835205078125,
            29.48742484748479
          ],
          [
            67.4835205078125,
            29.473079031558157
          ],
          [
            67.489013671875,
            29.468296641713223
          ],
          [
            67.4945068359375,
            29.468296641713223
          ],
          [
            67.4945068359375,
            29.463514026304708
          ],
          [
            67.489013671875,
            29.458731185355347
          ],
          [
            67.4945068359375,
            29.458731185355347
          ],
          [
            67.4945068359375,
            29.45394811888775
          ],
          [
            67.5,
            29.458731185355347
          ],
          [
            67.5054931640625,
            29.463514026304708
          ],
          [
            67.5164794921875,
            29.463514026304708
          ],
          [
            67.52197265625,
            29.468296641713223
          ],
          [
            67.5274658203125,
            29.473079031558157
          ],
          [
            67.532958984375,
            29.477861195816843
          ],
          [
            67.532958984375,
            29.48742484748479
          ],
          [
            67.5384521484375,
            29.492206334848717
          ],
          [
            67.554931640625,
            29.501768632523266
          ],
          [
            67.56591796875,
            29.501768632523266
          ],
          [
            67.5823974609375,
            29.492206334848717
          ],
          [
            67.587890625,
            29.48742484748479
          ],
          [
            67.5933837890625,
            29.48742484748479
          ],
          [
            67.60986328125,
            29.48742484748479
          ],
          [
            67.6153564453125,
            29.492206334848717
          ],
          [
            67.620849609375,
            29.48742484748479
          ],
          [
            67.6318359375,
            29.492206334848717
          ],
          [
            67.6373291015625,
            29.492206334848717
          ],
          [
            67.65380859375,
            29.496987596535774
          ]
        ]
      },
      "properties": {
        "name": "N-65",
        "gcop_source_layer": "highways",
        "gcop_map_layer": "highways_label"
      }
    },
    {
      "type": "Feature",
      "geometry": {
        "type": "LineString",
        "coordinates": [
          [
            68.642578125,
            27.97014654331592
          ],
          [
            68.642578125,
            27.960443068978336
          ],
          [
            68.6480712890625,
            27.960443068978336
          ],
          [
            68.653564453125,
            27.941033503267164
          ],
          [
            68.6480712890625,
            27.936180566769394
          ],
          [
            68.675537109375,
            27.892494332286603
          ],
          [
            68.7030029296875,
            27.85364731612738
          ],
          [
            68.7799072265625,
            27.780771643348217
          ],
          [
            68.807373046875,
            27.75160768754938
          ],
          [
            68.818359375,
            27.73702277951682
          ],
          [
            68.818359375,
            27.727298422724658
          ],
          [
            68.807373046875,
            27.72243591897343
          ],
          [
            68.807373046875,
            27.717573198352596
          ],
          [
            68.8348388671875,
            27.707847106603438
          ],
          [
            68.84033203125,
            27.6981201476801
          ],
          [
            68.84033203125,
            27.693256343091576
          ],
          [
            68.84033203125,
            27.688392321785656
          ],
          [
            68.8458251953125,
            27.668934069896224
          ],
          [
            68.8458251953125,
            27.659203644307922
          ]
        ]
      },
      "properties": {
        "name": "N-65",
        "gcop_source_layer": "highways",
        "gcop_map_layer": "highways_label"
      }
    },
    {
      "type": "Feature",
      "geometry": {
        "type": "LineString",
        "coordinates": [
          [
            68.8458251953125,
            27.659203644307922
          ],
          [
            68.84033203125,
            27.654338106691895
          ],
          [
            68.84033203125,
            27.649472352561872
          ],
          [
            68.8348388671875,
            27.64460638194332
          ],
          [
            68.8348388671875,
            27.639740194861716
          ],
          [
            68.829345703125,
            27.639740194861716
          ],
          [
            68.8018798828125,
            27.620273282414246
          ],
          [
            68.785400390625,
            27.59593477449505
          ],
          [
            68.763427734375,
            27.591066424185087
          ],
          [
            68.741455078125,
            27.561851783388505
          ],
          [
            68.73046875,
            27.54724154625326
          ],
          [
            68.70849609375,
            27.53262936554833
          ],
          [
            68.6920166015625,
            27.508271413876017
          ],
          [
            68.6865234375,
            27.493654053703125
          ],
          [
            68.6700439453125,
            27.474161220879893
          ],
          [
            68.6370849609375,
            27.444915505146938
          ],
          [
            68.6151123046875,
            27.42541405272958
          ],
          [
            68.5931396484375,
            27.415662034560995
          ],
          [
            68.5821533203125,
            27.410785702577016
          ],
          [
            68.5821533203125,
            27.405909155361044
          ],
          [
            68.565673828125,
            27.391278222579274
          ],
          [
            68.5601806640625,
            27.386400814693573
          ],
          [
            68.5382080078125,
            27.371767300523047
          ],
          [
            68.5382080078125,
            27.36201054924028
          ],
          [
            68.53271484375,
            27.34737381008027
          ],
          [
            68.53271484375,
            27.337614909451986
          ],
          [
            68.5272216796875,
            27.327855149448382
          ],
          [
            68.521728515625,
            27.318094530276994
          ],
          [
            68.5162353515625,
            27.2936892248524
          ],
          [
            68.499755859375,
            27.279043466068245
          ],
          [
            68.499755859375,
            27.269278554175017
          ],
          [
            68.4832763671875,
            27.25462957780006
          ],
          [
            68.455810546875,
            27.244862521497282
          ],
          [
            68.4228515625,
            27.220441130076168
          ],
          [
            68.4228515625,
            27.215556209029685
          ],
          [
            68.4228515625,
            27.21067107379004
          ],
          [
            68.4173583984375,
            27.20578572438332
          ],
          [
            68.4063720703125,
            27.196014383173306
          ],
          [
            68.40087890625,
            27.181355765758894
          ],
          [
            68.367919921875,
            27.147144835991796
          ],
          [
            68.3184814453125,
            27.083582461484355
          ],
          [
            68.3074951171875,
            27.083582461484355
          ],
          [
            68.302001953125,
            27.083582461484355
          ],
          [
            68.2305908203125,
            27.06401754660871
          ],
          [
            68.22509765625,
            27.06401754660871
          ],
          [
            68.2196044921875,
            27.05912578437406
          ],
          [
            68.2086181640625,
            27.049341619870347
          ],
          [
            68.1976318359375,
            26.922069916732795
          ],
          [
            68.192138671875,
            26.917171977972316
          ],
          [
            68.1866455078125,
            26.917171977972316
          ],
          [
            68.1866455078125,
            26.912273826625594
          ],
          [
            68.1866455078125,
            26.89757809733392
          ],
          [
            68.170166015625,
            26.88288045572338
          ]
        ]
      },
      "properties": {
        "name": "N-5",
        "gcop_source_layer": "highways",
        "gcop_map_layer": "highways_label"
      }
    },
    {
      "type": "Feature",
      "geometry": {
        "type": "LineString",
        "coordinates": [
          [
            70.6695556640625,
            30.05483122485245
          ],
          [
            70.675048828125,
            30.059585699708208
          ],
          [
            70.697021484375,
            30.064339946244303
          ],
          [
            70.7025146484375,
            30.064339946244303
          ],
          [
            70.7354736328125,
            30.069093964438878
          ],
          [
            70.751953125,
            30.069093964438878
          ],
          [
            70.762939453125,
            30.059585699708208
          ],
          [
            70.7684326171875,
            30.059585699708208
          ],
          [
            70.8453369140625,
            30.064339946244303
          ],
          [
            70.8837890625,
            30.092860629528147
          ],
          [
            70.8892822265625,
            30.092860629528147
          ],
          [
            70.927734375,
            30.07860131571654
          ],
          [
            70.9332275390625,
            30.073847754270204
          ],
          [
            70.938720703125,
            30.073847754270204
          ],
          [
            70.94970703125,
            30.073847754270204
          ],
          [
            70.960693359375,
            30.073847754270204
          ],
          [
            70.982666015625,
            30.07860131571654
          ],
          [
            71.004638671875,
            30.073847754270204
          ],
          [
            71.0760498046875,
            30.07860131571654
          ],
          [
            71.0870361328125,
            30.07860131571654
          ],
          [
            71.1090087890625,
            30.073847754270204
          ],
          [
            71.1419677734375,
            30.073847754270204
          ],
          [
            71.1474609375,
            30.073847754270204
          ],
          [
            71.1749267578125,
            30.092860629528147
          ],
          [
            71.1859130859375,
            30.107117887092386
          ],
          [
            71.19140625,
            30.107117887092386
          ],
          [
            71.202392578125,
            30.111869849235248
          ],
          [
            71.21337890625,
            30.107117887092386
          ],
          [
            71.224365234375,
            30.097613277217135
          ],
          [
            71.2408447265625,
            30.07860131571654
          ],
          [
            71.246337890625,
            30.07860131571654
          ],
          [
            71.2518310546875,
            30.07860131571654
          ],
          [
            71.2628173828125,
            30.07860131571654
          ],
          [
            71.2957763671875,
            30.073847754270204
          ],
          [
            71.312255859375,
            30.073847754270204
          ],
          [
            71.334228515625,
            30.07860131571654
          ],
          [
            71.3397216796875,
            30.083354648756156
          ],
          [
            71.34521484375,
            30.107117887092386
          ],
          [
            71.34521484375,
            30.12612436422458
          ],
          [
            71.3507080078125,
            30.130875412002325
          ],
          [
            71.356201171875,
            30.130875412002325
          ],
          [
            71.4056396484375,
            30.159376896356193
          ],
          [
            71.4166259765625,
            30.178373310707883
          ],
          [
            71.4385986328125,
            30.18312184219552
          ]
        ]
      },
      "properties": {
        "name": "N-70",
        "gcop_source_layer": "highways",
        "gcop_map_layer": "highways_label"
      }
    },
    {
      "type": "Feature",
      "geometry": {
        "type": "LineString",
        "coordinates": [
          [
            70.9002685546875,
            29.09457707751183
          ],
          [
            70.828857421875,
            29.036960648558264
          ],
          [
            70.81787109375,
            29.02255151116836
          ],
          [
            70.8013916015625,
            29.01774801849605
          ],
          [
            70.77392578125,
            28.993727204618935
          ],
          [
            70.7354736328125,
            28.969700808694157
          ],
          [
            70.72998046875,
            28.960088688006792
          ],
          [
            70.68603515625,
            28.9120147012556
          ],
          [
            70.6585693359375,
            28.892778864518306
          ],
          [
            70.609130859375,
            28.863918426224558
          ],
          [
            70.543212890625,
            28.806173508854783
          ],
          [
            70.543212890625,
            28.80135998648177
          ],
          [
            70.5377197265625,
            28.796546241769192
          ],
          [
            70.5267333984375,
            28.79173227474078
          ],
          [
            70.4827880859375,
            28.753212537990336
          ],
          [
            70.4498291015625,
            28.724313406473485
          ],
          [
            70.433349609375,
            28.70504287929191
          ],
          [
            70.411376953125,
            28.676130433078256
          ],
          [
            70.3948974609375,
            28.66649117698661
          ],
          [
            70.3839111328125,
            28.656851034203413
          ],
          [
            70.3729248046875,
            28.647210004919998
          ],
          [
            70.33447265625,
            28.61828159998386
          ],
          [
            70.3179931640625,
            28.60863702661557
          ],
          [
            70.3070068359375,
            28.594168506232606
          ],
          [
            70.2960205078125,
            28.579697994029345
          ],
          [
            70.29052734375,
            28.5700498796474
          ],
          [
            70.257568359375,
            28.531448576319235
          ],
          [
            70.2520751953125,
            28.52662241864813
          ],
          [
            70.235595703125,
            28.497660832963476
          ],
          [
            70.2301025390625,
            28.468691297348144
          ],
          [
            70.224609375,
            28.46386226886912
          ],
          [
            70.2191162109375,
            28.45903301972804
          ],
          [
            70.213623046875,
            28.444543948574818
          ],
          [
            70.213623046875,
            28.434883464940086
          ],
          [
            70.1751708984375,
            28.381735043223088
          ],
          [
            70.1422119140625,
            28.343064904825482
          ],
          [
            70.13671875,
            28.343064904825482
          ],
          [
            70.1202392578125,
            28.343064904825482
          ],
          [
            70.1092529296875,
            28.338230147025868
          ],
          [
            70.103759765625,
            28.333395169196464
          ],
          [
            70.103759765625,
            28.3285599713617
          ],
          [
            70.0982666015625,
            28.314053058069618
          ],
          [
            70.0872802734375,
            28.294707428421205
          ],
          [
            70.07080078125,
            28.294707428421205
          ],
          [
            69.9993896484375,
            28.26568239014648
          ],
          [
            69.9884033203125,
            28.256005619824975
          ],
          [
            69.971923828125,
            28.260844114804826
          ],
          [
            69.971923828125,
            28.256005619824975
          ],
          [
            69.9664306640625,
            28.251166905231486
          ],
          [
            69.9664306640625,
            28.246327971048842
          ],
          [
            69.85107421875,
            28.197926557226154
          ],
          [
            69.8291015625,
            28.193085209185227
          ],
          [
            69.78515625,
            28.178559849396976
          ],
          [
            69.774169921875,
            28.178559849396976
          ],
          [
            69.7686767578125,
            28.173717624327864
          ],
          [
            69.7412109375,
            28.16887518006334
          ],
          [
            69.730224609375,
            28.154346532344007
          ]
        ]
      },
      "properties": {
        "name": "N-5",
        "gcop_source_layer": "highways",
        "gcop_map_layer": "highways_label"
      }
    },
    {
      "type": "Feature",
      "geometry": {
        "type": "LineString",
        "coordinates": [
          [
            75.0640869140625,
            35.63497665067729
          ],
          [
            75.0640869140625,
            35.6305119830006
          ],
          [
            75.0640869140625,
            35.621581899559686
          ],
          [
            75.0750732421875,
            35.59925232772949
          ],
          [
            75.0750732421875,
            35.59478566548724
          ],
          [
            75.08056640625,
            35.59478566548724
          ],
          [
            75.1025390625,
            35.59925232772949
          ],
          [
            75.113525390625,
            35.60371874069732
          ],
          [
            75.1190185546875,
            35.60371874069732
          ],
          [
            75.1300048828125,
            35.60371874069732
          ],
          [
            75.146484375,
            35.60371874069732
          ],
          [
            75.157470703125,
            35.59925232772949
          ],
          [
            75.1629638671875,
            35.59478566548724
          ],
          [
            75.16845703125,
            35.59478566548724
          ],
          [
            75.1739501953125,
            35.59031875398378
          ],
          [
            75.1849365234375,
            35.59031875398378
          ],
          [
            75.1959228515625,
            35.59031875398378
          ],
          [
            75.1959228515625,
            35.59478566548724
          ],
          [
            75.1959228515625,
            35.59925232772949
          ],
          [
            75.201416015625,
            35.59925232772949
          ],
          [
            75.2069091796875,
            35.59925232772949
          ],
          [
            75.2069091796875,
            35.60371874069732
          ],
          [
            75.21240234375,
            35.59925232772949
          ],
          [
            75.2178955078125,
            35.59925232772949
          ],
          [
            75.2178955078125,
            35.60371874069732
          ],
          [
            75.2178955078125,
            35.59925232772949
          ],
          [
            75.223388671875,
            35.59925232772949
          ],
          [
            75.2288818359375,
            35.59478566548724
          ],
          [
            75.234375,
            35.59031875398378
          ],
          [
            75.2398681640625,
            35.59478566548724
          ],
          [
            75.2398681640625,
            35.59031875398378
          ],
          [
            75.245361328125,
            35.59031875398378
          ],
          [
            75.2508544921875,
            35.58585159323236
          ],
          [
            75.25634765625,
            35.58585159323236
          ],
          [
            75.2728271484375,
            35.581384183246215
          ],
          [
            75.2783203125,
            35.581384183246215
          ],
          [
            75.2838134765625,
            35.581384183246215
          ],
          [
            75.289306640625,
            35.581384183246215
          ],
          [
            75.30029296875,
            35.58585159323236
          ],
          [
            75.311279296875,
            35.59031875398378
          ],
          [
            75.3167724609375,
            35.59031875398378
          ],
          [
            75.322265625,
            35.59478566548724
          ],
          [
            75.3277587890625,
            35.59478566548724
          ],
          [
            75.333251953125,
            35.59031875398378
          ],
          [
            75.3387451171875,
            35.58585159323236
          ],
          [
            75.3387451171875,
            35.572448615622804
          ],
          [
            75.3387451171875,
            35.5635120512197
          ],
          [
            75.34423828125,
            35.55904339525897
          ],
          [
            75.34423828125,
            35.55457449014311
          ],
          [
            75.3497314453125,
            35.55010533588552
          ],
          [
            75.34423828125,
            35.55010533588552
          ],
          [
            75.34423828125,
            35.536696378395035
          ],
          [
            75.3497314453125,
            35.53222622770336
          ],
          [
            75.3497314453125,
            35.52775582793653
          ],
          [
            75.34423828125,
            35.52775582793653
          ],
          [
            75.3497314453125,
            35.523285179107816
          ],
          [
            75.3497314453125,
            35.51881428123059
          ]
        ]
      },
      "properties": {
        "name": "S-1",
        "gcop_source_layer": "highways",
        "gcop_map_layer": "highways_label"
      }
    },
    {
      "type": "Feature",
      "geometry": {
        "type": "LineString",
        "coordinates": [
          [
            74.091796875,
            35.43381992014203
          ],
          [
            74.0972900390625,
            35.429344044107154
          ],
          [
            74.091796875,
            35.42486791930558
          ],
          [
            74.0972900390625,
            35.420391545750775
          ],
          [
            74.0972900390625,
            35.41591492345623
          ],
          [
            74.0972900390625,
            35.420391545750775
          ],
          [
            74.0972900390625,
            35.41591492345623
          ],
          [
            74.1082763671875,
            35.41143805243546
          ],
          [
            74.102783203125,
            35.40248356426936
          ],
          [
            74.102783203125,
            35.39800594715108
          ],
          [
            74.1082763671875,
            35.40248356426936
          ],
          [
            74.11376953125,
            35.406960932702006
          ],
          [
            74.11376953125,
            35.41143805243546
          ],
          [
            74.1192626953125,
            35.41143805243546
          ],
          [
            74.124755859375,
            35.406960932702006
          ],
          [
            74.1412353515625,
            35.406960932702006
          ],
          [
            74.1412353515625,
            35.40248356426936
          ],
          [
            74.1412353515625,
            35.39800594715108
          ],
          [
            74.1412353515625,
            35.39352808136067
          ],
          [
            74.1412353515625,
            35.38904996691167
          ],
          [
            74.146728515625,
            35.38457160381763
          ],
          [
            74.1412353515625,
            35.37113502280101
          ],
          [
            74.1412353515625,
            35.3666556652625
          ],
          [
            74.1412353515625,
            35.362176059146805
          ],
          [
            74.1357421875,
            35.35321610123823
          ],
          [
            74.1357421875,
            35.34873574947255
          ],
          [
            74.1357421875,
            35.34425514918409
          ],
          [
            74.1412353515625,
            35.33977430038645
          ],
          [
            74.1357421875,
            35.335293203093286
          ],
          [
            74.1302490234375,
            35.330811857318196
          ],
          [
            74.1302490234375,
            35.31288398967159
          ],
          [
            74.124755859375,
            35.308401401691626
          ],
          [
            74.1302490234375,
            35.303918565311704
          ],
          [
            74.124755859375,
            35.308401401691626
          ],
          [
            74.1192626953125,
            35.303918565311704
          ],
          [
            74.11376953125,
            35.299435480545455
          ],
          [
            74.11376953125,
            35.294952147406576
          ],
          [
            74.1082763671875,
            35.29046856590878
          ],
          [
            74.102783203125,
            35.28598473606576
          ],
          [
            74.102783203125,
            35.281500657891186
          ],
          [
            74.0972900390625,
            35.281500657891186
          ],
          [
            74.0972900390625,
            35.27701633139884
          ],
          [
            74.091796875,
            35.26804693351555
          ],
          [
            74.091796875,
            35.2635618621521
          ],
          [
            74.091796875,
            35.25907654252575
          ],
          [
            74.0863037109375,
            35.25459097465024
          ],
          [
            74.0863037109375,
            35.250105158539355
          ],
          [
            74.06982421875,
            35.24113278166642
          ],
          [
            74.06982421875,
            35.232159412017154
          ],
          [
            74.058837890625,
            35.21869749632886
          ],
          [
            74.0478515625,
            35.205233347514536
          ],
          [
            74.0478515625,
            35.20972164522138
          ],
          [
            74.0478515625,
            35.205233347514536
          ],
          [
            74.0478515625,
            35.200744801724014
          ],
          [
            74.0423583984375,
            35.18727767598898
          ],
          [
            74.0423583984375,
            35.182788138002294
          ],
          [
            74.0478515625,
            35.182788138002294
          ],
          [
            74.0423583984375,
            35.182788138002294
          ],
          [
            74.0478515625,
            35.17829835200121
          ],
          [
            74.0533447265625,
            35.17829835200121
          ],
          [
            74.0478515625,
            35.17829835200121
          ],
          [
            74.0533447265625,
            35.17380831799959
          ],
          [
            74.0478515625,
            35.17380831799959
          ],
          [
            74.0533447265625,
            35.169318036011305
          ],
          [
            74.0478515625,
            35.17380831799959
          ],
          [
            74.0533447265625,
            35.169318036011305
          ],
          [
            74.0478515625,
            35.169318036011305
          ],
          [
            74.0533447265625,
            35.16482750605027
          ],
          [
            74.0478515625,
            35.16482750605027
          ],
          [
            74.0478515625,
            35.160336728130346
          ],
          [
            74.0478515625,
            35.16482750605027
          ],
          [
            74.0478515625,
            35.160336728130346
          ],
          [
            74.0478515625,
            35.15584570226544
          ],
          [
            74.0478515625,
            35.15135442846946
          ],
          [
            74.0478515625,
            35.15584570226544
          ],
          [
            74.0423583984375,
            35.15135442846946
          ],
          [
            74.0478515625,
            35.1468629067563
          ],
          [
            74.0423583984375,
            35.1468629067563
          ],
          [
            74.0423583984375,
            35.142371137139904
          ],
          [
            74.0313720703125,
            35.142371137139904
          ],
          [
            74.02587890625,
            35.133386854253075
          ],
          [
            74.0093994140625,
            35.133386854253075
          ],
          [
            74.00390625,
            35.12440157992043
          ],
          [
            73.9984130859375,
            35.11990857099681
          ],
          [
            73.992919921875,
            35.11990857099681
          ],
          [
            73.98193359375,
            35.11092180970475
          ],
          [
            73.9764404296875,
            35.11092180970475
          ],
          [
            73.9764404296875,
            35.106428057364255
          ],
          [
            73.970947265625,
            35.101934057246055
          ],
          [
            73.9654541015625,
            35.097439809364204
          ],
          [
            73.9599609375,
            35.097439809364204
          ],
          [
            73.9544677734375,
            35.097439809364204
          ],
          [
            73.948974609375,
            35.09294531373263
          ],
          [
            73.9434814453125,
            35.09294531373263
          ],
          [
            73.9434814453125,
            35.08845057036537
          ],
          [
            73.9324951171875,
            35.08845057036537
          ]
        ]
      },
      "properties": {
        "name": "N-15",
        "gcop_source_layer": "highways",
        "gcop_map_layer": "highways_label"
      }
    },
    {
      "type": "Feature",
      "geometry": {
        "type": "LineString",
        "coordinates": [
          [
            73.49853515625,
            34.655803905058974
          ],
          [
            73.49853515625,
            34.66032236481891
          ],
          [
            73.4930419921875,
            34.66032236481891
          ],
          [
            73.487548828125,
            34.66032236481891
          ],
          [
            73.4820556640625,
            34.66032236481891
          ],
          [
            73.4820556640625,
            34.664840578219284
          ],
          [
            73.4765625,
            34.66032236481891
          ],
          [
            73.4710693359375,
            34.66032236481891
          ],
          [
            73.4600830078125,
            34.664840578219284
          ],
          [
            73.4600830078125,
            34.66032236481891
          ],
          [
            73.4490966796875,
            34.66032236481891
          ],
          [
            73.443603515625,
            34.655803905058974
          ],
          [
            73.443603515625,
            34.651285198954156
          ],
          [
            73.4381103515625,
            34.64676624651911
          ],
          [
            73.4326171875,
            34.63772760271712
          ],
          [
            73.4326171875,
            34.633207911379586
          ],
          [
            73.4381103515625,
            34.633207911379586
          ],
          [
            73.443603515625,
            34.633207911379586
          ],
          [
            73.443603515625,
            34.62868797377061
          ],
          [
            73.443603515625,
            34.633207911379586
          ],
          [
            73.4326171875,
            34.62868797377061
          ],
          [
            73.4271240234375,
            34.62868797377061
          ],
          [
            73.421630859375,
            34.6241677899049
          ],
          [
            73.4161376953125,
            34.6241677899049
          ],
          [
            73.421630859375,
            34.619647359797185
          ],
          [
            73.4271240234375,
            34.619647359797185
          ],
          [
            73.421630859375,
            34.615126683462194
          ],
          [
            73.421630859375,
            34.619647359797185
          ],
          [
            73.4161376953125,
            34.615126683462194
          ],
          [
            73.41064453125,
            34.619647359797185
          ],
          [
            73.41064453125,
            34.6241677899049
          ],
          [
            73.41064453125,
            34.619647359797185
          ],
          [
            73.4051513671875,
            34.619647359797185
          ],
          [
            73.399658203125,
            34.615126683462194
          ],
          [
            73.3941650390625,
            34.615126683462194
          ],
          [
            73.3941650390625,
            34.610605760914666
          ],
          [
            73.388671875,
            34.610605760914666
          ],
          [
            73.388671875,
            34.60608459216931
          ],
          [
            73.3831787109375,
            34.60608459216931
          ],
          [
            73.3831787109375,
            34.60156317724089
          ],
          [
            73.3721923828125,
            34.60156317724089
          ],
          [
            73.3721923828125,
            34.597041516144174
          ],
          [
            73.3721923828125,
            34.59251960889388
          ],
          [
            73.3721923828125,
            34.58799745550482
          ],
          [
            73.377685546875,
            34.58799745550482
          ],
          [
            73.377685546875,
            34.58347505599177
          ],
          [
            73.3721923828125,
            34.58347505599177
          ],
          [
            73.36669921875,
            34.58799745550482
          ],
          [
            73.36669921875,
            34.58347505599177
          ],
          [
            73.3612060546875,
            34.57895241036948
          ],
          [
            73.3612060546875,
            34.574429518652735
          ],
          [
            73.3612060546875,
            34.56990638085635
          ],
          [
            73.3612060546875,
            34.56538299699511
          ],
          [
            73.355712890625,
            34.56085936708385
          ],
          [
            73.355712890625,
            34.55633549113736
          ],
          [
            73.355712890625,
            34.551811369170494
          ],
          [
            73.355712890625,
            34.54728700119803
          ],
          [
            73.3502197265625,
            34.551811369170494
          ],
          [
            73.3502197265625,
            34.542762387234845
          ],
          [
            73.3447265625,
            34.53823752729578
          ],
          [
            73.3502197265625,
            34.53371242139565
          ],
          [
            73.3447265625,
            34.52466147177172
          ]
        ]
      },
      "properties": {
        "name": "N-15",
        "gcop_source_layer": "highways",
        "gcop_map_layer": "highways_label"
      }
    },
    {
      "type": "Feature",
      "geometry": {
        "type": "LineString",
        "coordinates": [
          [
            74.2291259765625,
            31.94283997285308
          ],
          [
            74.2510986328125,
            31.835565983656224
          ],
          [
            74.2620849609375,
            31.74685416292141
          ],
          [
            74.28955078125,
            31.620643692450557
          ],
          [
            74.28955078125,
            31.615965936476073
          ],
          [
            74.300537109375,
            31.60193125799097
          ],
          [
            74.300537109375,
            31.597252561706668
          ],
          [
            74.3060302734375,
            31.592573630393332
          ],
          [
            74.3060302734375,
            31.57853542647338
          ],
          [
            74.3060302734375,
            31.564495107991192
          ],
          [
            74.3060302734375,
            31.55981453201842
          ],
          [
            74.3060302734375,
            31.55513372117204
          ],
          [
            74.300537109375,
            31.550452675471504
          ],
          [
            74.2950439453125,
            31.545771394936267
          ],
          [
            74.28955078125,
            31.54108987958581
          ],
          [
            74.2840576171875,
            31.52704392483794
          ],
          [
            74.2840576171875,
            31.52236147042143
          ],
          [
            74.267578125,
            31.503629305773032
          ],
          [
            74.2620849609375,
            31.489577718501934
          ],
          [
            74.24560546875,
            31.480208820716925
          ],
          [
            74.2401123046875,
            31.475524020001814
          ],
          [
            74.2401123046875,
            31.470838984764384
          ],
          [
            74.2291259765625,
            31.46615371502429
          ],
          [
            74.2236328125,
            31.46146821080106
          ],
          [
            74.1796875,
            31.42866311735861
          ],
          [
            74.1741943359375,
            31.42397573797669
          ],
          [
            74.168701171875,
            31.419288124288357
          ],
          [
            74.146728515625,
            31.386468269542306
          ],
          [
            74.146728515625,
            31.37708906055049
          ],
          [
            74.1522216796875,
            31.37239910488053
          ],
          [
            74.1522216796875,
            31.367708915120843
          ],
          [
            74.146728515625,
            31.363018491291186
          ],
          [
            74.1412353515625,
            31.35832783341131
          ],
          [
            74.1357421875,
            31.35363694150098
          ],
          [
            74.1302490234375,
            31.35363694150098
          ],
          [
            74.11376953125,
            31.33487103395059
          ],
          [
            74.1082763671875,
            31.330178972184655
          ],
          [
            74.0863037109375,
            31.31610138349565
          ],
          [
            74.0753173828125,
            31.311408386201634
          ],
          [
            74.0753173828125,
            31.306715155075167
          ],
          [
            74.080810546875,
            31.3020216901361
          ],
          [
            74.0753173828125,
            31.29732799140426
          ],
          [
            74.06982421875,
            31.292634058899537
          ],
          [
            74.0643310546875,
            31.292634058899537
          ],
          [
            74.0478515625,
            31.273855991548857
          ],
          [
            74.0423583984375,
            31.26916089047765
          ],
          [
            73.9764404296875,
            31.226894468813995
          ],
          [
            73.970947265625,
            31.212801458338816
          ],
          [
            73.9544677734375,
            31.194007509998826
          ],
          [
            73.948974609375,
            31.194007509998826
          ],
          [
            73.9324951171875,
            31.189308439528162
          ],
          [
            73.927001953125,
            31.189308439528162
          ],
          [
            73.9215087890625,
            31.17520982831084
          ],
          [
            73.9215087890625,
            31.161109117806447
          ],
          [
            73.9215087890625,
            31.151707478133673
          ],
          [
            73.9215087890625,
            31.132901401103325
          ],
          [
            73.8885498046875,
            31.090574094954192
          ],
          [
            73.883056640625,
            31.085869896208322
          ],
          [
            73.8775634765625,
            31.08116546459057
          ],
          [
            73.8720703125,
            31.07175590282013
          ],
          [
            73.8720703125,
            31.062345409804408
          ],
          [
            73.8665771484375,
            31.048227924549778
          ],
          [
            73.861083984375,
            31.04352163068421
          ],
          [
            73.839111328125,
            31.038815104128687
          ],
          [
            73.8336181640625,
            31.034108344903515
          ],
          [
            73.828125,
            31.019986671412497
          ],
          [
            73.828125,
            31.00586290462421
          ],
          [
            73.828125,
            31.00115451727899
          ],
          [
            73.7567138671875,
            30.96347904995936
          ],
          [
            73.751220703125,
            30.954057859276134
          ],
          [
            73.7457275390625,
            30.949346915468567
          ],
          [
            73.740234375,
            30.949346915468567
          ],
          [
            73.7347412109375,
            30.949346915468567
          ],
          [
            73.7237548828125,
            30.939924331023448
          ],
          [
            73.6138916015625,
            30.88808351560904
          ],
          [
            73.6138916015625,
            30.87865489577827
          ],
          [
            73.6029052734375,
            30.86451022625836
          ],
          [
            73.58642578125,
            30.86451022625836
          ],
          [
            73.5809326171875,
            30.86922534804083
          ],
          [
            73.575439453125,
            30.86922534804083
          ],
          [
            73.5040283203125,
            30.831497881307925
          ],
          [
            73.49853515625,
            30.831497881307925
          ],
          [
            73.4930419921875,
            30.803192546290973
          ],
          [
            73.4930419921875,
            30.793755581217667
          ],
          [
            73.4930419921875,
            30.789036751261165
          ],
          [
            73.487548828125,
            30.78431768971889
          ]
        ]
      },
      "properties": {
        "name": "N-5",
        "gcop_source_layer": "highways",
        "gcop_map_layer": "highways_label"
      }
    },
    {
      "type": "Feature",
      "geometry": {
        "type": "LineString",
        "coordinates": [
          [
            72.0977783203125,
            33.47727218776036
          ],
          [
            72.0867919921875,
            33.47269019266666
          ],
          [
            72.081298828125,
            33.45894275368764
          ],
          [
            72.0758056640625,
            33.45894275368764
          ],
          [
            72.0703125,
            33.454359789517014
          ],
          [
            72.0538330078125,
            33.45894275368764
          ],
          [
            72.0428466796875,
            33.454359789517014
          ],
          [
            72.037353515625,
            33.454359789517014
          ],
          [
            72.0208740234375,
            33.43602551072033
          ],
          [
            72.015380859375,
            33.44060944370355
          ],
          [
            72.0098876953125,
            33.43602551072033
          ],
          [
            72.00439453125,
            33.43602551072033
          ],
          [
            71.9879150390625,
            33.44060944370355
          ],
          [
            71.982421875,
            33.44519313450846
          ],
          [
            71.971435546875,
            33.454359789517014
          ],
          [
            71.96044921875,
            33.46352547561378
          ],
          [
            71.9549560546875,
            33.46810795527897
          ],
          [
            71.9549560546875,
            33.47269019266666
          ],
          [
            71.927490234375,
            33.47727218776036
          ],
          [
            71.927490234375,
            33.48185394054359
          ],
          [
            71.91650390625,
            33.48185394054359
          ],
          [
            71.9110107421875,
            33.48185394054359
          ],
          [
            71.905517578125,
            33.48185394054359
          ],
          [
            71.9000244140625,
            33.48185394054359
          ],
          [
            71.883544921875,
            33.48185394054359
          ],
          [
            71.8670654296875,
            33.47727218776036
          ],
          [
            71.861572265625,
            33.47727218776036
          ],
          [
            71.8560791015625,
            33.47727218776036
          ],
          [
            71.8505859375,
            33.48185394054359
          ],
          [
            71.839599609375,
            33.47727218776036
          ],
          [
            71.8341064453125,
            33.47727218776036
          ],
          [
            71.8231201171875,
            33.47727218776036
          ],
          [
            71.8011474609375,
            33.495597744865705
          ],
          [
            71.7901611328125,
            33.50017852824229
          ],
          [
            71.78466796875,
            33.50475906922608
          ],
          [
            71.78466796875,
            33.50933936780059
          ],
          [
            71.78466796875,
            33.51391942394942
          ],
          [
            71.7791748046875,
            33.51391942394942
          ],
          [
            71.773681640625,
            33.51391942394942
          ],
          [
            71.7626953125,
            33.50933936780059
          ],
          [
            71.751708984375,
            33.50933936780059
          ],
          [
            71.7462158203125,
            33.50475906922608
          ],
          [
            71.74072265625,
            33.50475906922608
          ],
          [
            71.7352294921875,
            33.50017852824229
          ],
          [
            71.7242431640625,
            33.50475906922608
          ],
          [
            71.6912841796875,
            33.50017852824229
          ],
          [
            71.6748046875,
            33.50017852824229
          ],
          [
            71.6693115234375,
            33.50017852824229
          ],
          [
            71.6363525390625,
            33.50475906922608
          ],
          [
            71.6143798828125,
            33.51391942394942
          ],
          [
            71.5704345703125,
            33.527658137677335
          ],
          [
            71.5484619140625,
            33.53681606773303
          ],
          [
            71.5374755859375,
            33.53681606773303
          ],
          [
            71.5264892578125,
            33.5459730276919
          ]
        ]
      },
      "properties": {
        "name": "N-80",
        "gcop_source_layer": "highways",
        "gcop_map_layer": "highways_label"
      }
    },
    {
      "type": "Feature",
      "geometry": {
        "type": "LineString",
        "coordinates": [
          [
            71.0980224609375,
            34.12544756511612
          ],
          [
            71.103515625,
            34.11180455556898
          ],
          [
            71.1090087890625,
            34.11180455556898
          ],
          [
            71.114501953125,
            34.11180455556898
          ],
          [
            71.1199951171875,
            34.11180455556898
          ],
          [
            71.1199951171875,
            34.10725639663117
          ],
          [
            71.12548828125,
            34.10725639663117
          ],
          [
            71.1309814453125,
            34.102707993174874
          ],
          [
            71.1309814453125,
            34.10725639663117
          ],
          [
            71.1309814453125,
            34.102707993174874
          ],
          [
            71.136474609375,
            34.102707993174874
          ],
          [
            71.136474609375,
            34.098159345215535
          ],
          [
            71.1419677734375,
            34.098159345215535
          ],
          [
            71.1419677734375,
            34.093610452768715
          ],
          [
            71.1529541015625,
            34.08906131584993
          ],
          [
            71.158447265625,
            34.093610452768715
          ],
          [
            71.1639404296875,
            34.08906131584993
          ],
          [
            71.16943359375,
            34.08451193447476
          ],
          [
            71.180419921875,
            34.079962308658736
          ],
          [
            71.1859130859375,
            34.079962308658736
          ],
          [
            71.1968994140625,
            34.0754124384174
          ],
          [
            71.21337890625,
            34.070862323766306
          ],
          [
            71.2188720703125,
            34.070862323766306
          ],
          [
            71.224365234375,
            34.06631196472105
          ],
          [
            71.2298583984375,
            34.06176136129719
          ],
          [
            71.2353515625,
            34.0572105135103
          ],
          [
            71.2408447265625,
            34.06176136129719
          ],
          [
            71.246337890625,
            34.0572105135103
          ],
          [
            71.2518310546875,
            34.05265942137599
          ],
          [
            71.25732421875,
            34.04355650412744
          ],
          [
            71.2518310546875,
            34.03900467904445
          ],
          [
            71.25732421875,
            34.03445260967645
          ],
          [
            71.25732421875,
            34.02990029603906
          ],
          [
            71.2628173828125,
            34.02990029603906
          ],
          [
            71.2628173828125,
            34.02534773814796
          ],
          [
            71.2628173828125,
            34.02079493601873
          ],
          [
            71.2628173828125,
            34.02534773814796
          ],
          [
            71.268310546875,
            34.02079493601873
          ],
          [
            71.2738037109375,
            34.02534773814796
          ],
          [
            71.2738037109375,
            34.02079493601873
          ],
          [
            71.279296875,
            34.02079493601873
          ],
          [
            71.2847900390625,
            34.011688599108524
          ],
          [
            71.2847900390625,
            34.00713506435885
          ],
          [
            71.290283203125,
            34.00713506435885
          ],
          [
            71.2957763671875,
            34.00713506435885
          ],
          [
            71.2957763671875,
            34.011688599108524
          ],
          [
            71.30126953125,
            34.00713506435885
          ],
          [
            71.2957763671875,
            34.00713506435885
          ],
          [
            71.30126953125,
            34.00713506435885
          ],
          [
            71.312255859375,
            34.00258128543372
          ],
          [
            71.312255859375,
            34.00713506435885
          ],
          [
            71.3232421875,
            34.00258128543372
          ],
          [
            71.3287353515625,
            34.00258128543372
          ],
          [
            71.334228515625,
            34.00713506435885
          ],
          [
            71.3507080078125,
            34.00258128543372
          ],
          [
            71.3616943359375,
            34.00258128543372
          ],
          [
            71.3671875,
            34.00258128543372
          ],
          [
            71.3726806640625,
            34.00258128543372
          ],
          [
            71.378173828125,
            34.00258128543372
          ],
          [
            71.38916015625,
            33.99802726234877
          ],
          [
            71.400146484375,
            34.00258128543372
          ],
          [
            71.4056396484375,
            33.99802726234877
          ],
          [
            71.4111328125,
            33.99802726234877
          ],
          [
            71.422119140625,
            33.99802726234877
          ],
          [
            71.4276123046875,
            33.99802726234877
          ],
          [
            71.4385986328125,
            33.99802726234877
          ],
          [
            71.4605712890625,
            33.99802726234877
          ],
          [
            71.4715576171875,
            33.99802726234877
          ],
          [
            71.4935302734375,
            33.99802726234877
          ],
          [
            71.5155029296875,
            34.00713506435885
          ],
          [
            71.5374755859375,
            34.00713506435885
          ],
          [
            71.54296875,
            34.011688599108524
          ],
          [
            71.60888671875,
            34.016241889667015
          ],
          [
            71.6253662109375,
            34.016241889667015
          ],
          [
            71.6473388671875,
            34.02079493601873
          ],
          [
            71.7572021484375,
            34.016241889667015
          ],
          [
            71.795654296875,
            34.00713506435885
          ],
          [
            71.91650390625,
            34.00713506435885
          ],
          [
            71.9549560546875,
            34.011688599108524
          ],
          [
            71.96044921875,
            34.011688599108524
          ],
          [
            71.971435546875,
            34.00713506435885
          ],
          [
            71.971435546875,
            34.00258128543372
          ],
          [
            71.9769287109375,
            34.00258128543372
          ]
        ]
      },
      "properties": {
        "name": "N-5",
        "gcop_source_layer": "highways",
        "gcop_map_layer": "highways_label"
      }
    },
    {
      "type": "Feature",
      "geometry": {
        "type": "LineString",
        "coordinates": [
          [
            73.2623291015625,
            34.36611072883116
          ],
          [
            73.2568359375,
            34.36157628748418
          ],
          [
            73.2568359375,
            34.357041600760724
          ],
          [
            73.2568359375,
            34.36157628748418
          ],
          [
            73.2513427734375,
            34.35250666867596
          ],
          [
            73.2513427734375,
            34.34797149124496
          ],
          [
            73.245849609375,
            34.34797149124496
          ],
          [
            73.2403564453125,
            34.34797149124496
          ],
          [
            73.223876953125,
            34.34797149124496
          ],
          [
            73.2183837890625,
            34.34797149124496
          ],
          [
            73.212890625,
            34.338900400404995
          ],
          [
            73.212890625,
            34.343436068482944
          ],
          [
            73.2073974609375,
            34.343436068482944
          ],
          [
            73.1964111328125,
            34.338900400404995
          ]
        ]
      },
      "properties": {
        "name": "N-15",
        "gcop_source_layer": "highways",
        "gcop_map_layer": "highways_label"
      }
    },
    {
      "type": "Feature",
      "geometry": {
        "type": "LineString",
        "coordinates": [
          [
            71.9769287109375,
            34.00258128543372
          ],
          [
            72.037353515625,
            34.011688599108524
          ],
          [
            72.0703125,
            34.00713506435885
          ],
          [
            72.0977783203125,
            34.00713506435885
          ],
          [
            72.125244140625,
            33.99802726234877
          ],
          [
            72.1417236328125,
            33.99802726234877
          ],
          [
            72.169189453125,
            33.98891848376216
          ],
          [
            72.1856689453125,
            33.979808728724564
          ],
          [
            72.213134765625,
            33.96158628979907
          ],
          [
            72.2186279296875,
            33.95703006998231
          ],
          [
            72.2296142578125,
            33.94335994657882
          ],
          [
            72.2296142578125,
            33.93424531117313
          ],
          [
            72.2296142578125,
            33.9296876275766
          ],
          [
            72.2296142578125,
            33.92512970007199
          ],
          [
            72.2296142578125,
            33.92057152867508
          ],
          [
            72.2296142578125,
            33.9160131134017
          ],
          [
            72.2296142578125,
            33.90233640448068
          ],
          [
            72.2296142578125,
            33.89777701385947
          ],
          [
            72.24609375,
            33.89777701385947
          ],
          [
            72.2515869140625,
            33.89777701385947
          ],
          [
            72.26806640625,
            33.89777701385947
          ],
          [
            72.2900390625,
            33.89777701385947
          ],
          [
            72.2955322265625,
            33.89777701385947
          ],
          [
            72.301025390625,
            33.893217379440884
          ],
          [
            72.344970703125,
            33.88865750124074
          ],
          [
            72.4053955078125,
            33.87953701355924
          ],
          [
            72.4713134765625,
            33.852169701407405
          ],
          [
            72.509765625,
            33.829356907739324
          ],
          [
            72.520751953125,
            33.82479361826488
          ],
          [
            72.53173828125,
            33.82479361826488
          ],
          [
            72.5372314453125,
            33.82023008524739
          ],
          [
            72.542724609375,
            33.815666308702774
          ],
          [
            72.5482177734375,
            33.815666308702774
          ],
          [
            72.5592041015625,
            33.815666308702774
          ],
          [
            72.564697265625,
            33.815666308702774
          ],
          [
            72.5811767578125,
            33.82023008524739
          ],
          [
            72.586669921875,
            33.82023008524739
          ],
          [
            72.5921630859375,
            33.82023008524739
          ],
          [
            72.6031494140625,
            33.82023008524739
          ],
          [
            72.608642578125,
            33.82023008524739
          ],
          [
            72.6141357421875,
            33.82023008524739
          ],
          [
            72.6361083984375,
            33.82479361826488
          ],
          [
            72.6470947265625,
            33.829356907739324
          ],
          [
            72.6690673828125,
            33.82479361826488
          ],
          [
            72.6800537109375,
            33.82023008524739
          ],
          [
            72.740478515625,
            33.77914733128647
          ],
          [
            72.762451171875,
            33.76544869849222
          ],
          [
            72.7789306640625,
            33.75631505992706
          ],
          [
            72.784423828125,
            33.74718044814986
          ],
          [
            72.8009033203125,
            33.73804486328906
          ],
          [
            72.8009033203125,
            33.73347670599253
          ],
          [
            72.806396484375,
            33.7197707748314
          ],
          [
            72.806396484375,
            33.715201644740844
          ],
          [
            72.828369140625,
            33.70149279558437
          ],
          [
            72.8448486328125,
            33.68321092658006
          ],
          [
            72.8558349609375,
            33.66949697279553
          ],
          [
            72.8778076171875,
            33.66949697279553
          ],
          [
            72.88330078125,
            33.66492516885242
          ],
          [
            72.8887939453125,
            33.66492516885242
          ],
          [
            72.894287109375,
            33.66035312192882
          ],
          [
            72.8997802734375,
            33.66035312192882
          ],
          [
            72.9107666015625,
            33.651208299204995
          ]
        ]
      },
      "properties": {
        "name": "N-5",
        "gcop_source_layer": "highways",
        "gcop_map_layer": "highways_label"
      }
    },
    {
      "type": "Feature",
      "geometry": {
        "type": "LineString",
        "coordinates": [
          [
            71.795654296875,
            34.76417891445513
          ],
          [
            71.806640625,
            34.76417891445513
          ],
          [
            71.8121337890625,
            34.76417891445513
          ],
          [
            71.8231201171875,
            34.75966612466247
          ],
          [
            71.82861328125,
            34.75515308818932
          ],
          [
            71.839599609375,
            34.7506398050501
          ],
          [
            71.8450927734375,
            34.7461262752594
          ],
          [
            71.8505859375,
            34.7461262752594
          ],
          [
            71.8560791015625,
            34.74161249883173
          ],
          [
            71.87255859375,
            34.74161249883173
          ],
          [
            71.8780517578125,
            34.74161249883173
          ],
          [
            71.8890380859375,
            34.73709847578162
          ],
          [
            71.9000244140625,
            34.73709847578162
          ],
          [
            71.9110107421875,
            34.73709847578162
          ],
          [
            71.927490234375,
            34.73258420612362
          ],
          [
            71.9329833984375,
            34.73258420612362
          ],
          [
            71.9439697265625,
            34.728069689872314
          ],
          [
            71.949462890625,
            34.728069689872314
          ],
          [
            71.9549560546875,
            34.728069689872314
          ],
          [
            71.9659423828125,
            34.72355492704219
          ],
          [
            71.9769287109375,
            34.719039917647876
          ],
          [
            71.9879150390625,
            34.719039917647876
          ],
          [
            71.993408203125,
            34.719039917647876
          ],
          [
            72.00439453125,
            34.71452466170392
          ],
          [
            72.015380859375,
            34.71000915922494
          ],
          [
            72.0263671875,
            34.71000915922494
          ],
          [
            72.0263671875,
            34.70549341022547
          ],
          [
            72.0318603515625,
            34.7009774147201
          ],
          [
            72.0318603515625,
            34.68742794931485
          ],
          [
            72.0318603515625,
            34.664840578219284
          ],
          [
            72.0263671875,
            34.66032236481891
          ],
          [
            72.0263671875,
            34.651285198954156
          ],
          [
            72.0263671875,
            34.64676624651911
          ],
          [
            72.0318603515625,
            34.642247047768535
          ],
          [
            72.0208740234375,
            34.63772760271712
          ],
          [
            72.015380859375,
            34.63772760271712
          ],
          [
            72.00439453125,
            34.633207911379586
          ],
          [
            72.00439453125,
            34.62868797377061
          ],
          [
            71.9989013671875,
            34.6241677899049
          ],
          [
            71.9879150390625,
            34.619647359797185
          ],
          [
            71.982421875,
            34.619647359797185
          ],
          [
            71.9769287109375,
            34.619647359797185
          ],
          [
            71.971435546875,
            34.615126683462194
          ],
          [
            71.9659423828125,
            34.615126683462194
          ],
          [
            71.9439697265625,
            34.60156317724089
          ],
          [
            71.9439697265625,
            34.597041516144174
          ],
          [
            71.9384765625,
            34.59251960889388
          ],
          [
            71.9329833984375,
            34.58799745550482
          ],
          [
            71.9329833984375,
            34.58347505599177
          ],
          [
            71.9329833984375,
            34.57895241036948
          ],
          [
            71.9329833984375,
            34.574429518652735
          ],
          [
            71.927490234375,
            34.56538299699511
          ],
          [
            71.9329833984375,
            34.56538299699511
          ],
          [
            71.9329833984375,
            34.56085936708385
          ],
          [
            71.927490234375,
            34.56085936708385
          ],
          [
            71.9219970703125,
            34.56085936708385
          ],
          [
            71.9219970703125,
            34.55633549113736
          ],
          [
            71.91650390625,
            34.55633549113736
          ],
          [
            71.91650390625,
            34.551811369170494
          ],
          [
            71.9110107421875,
            34.551811369170494
          ],
          [
            71.905517578125,
            34.54728700119803
          ],
          [
            71.9000244140625,
            34.551811369170494
          ],
          [
            71.9000244140625,
            34.54728700119803
          ],
          [
            71.89453125,
            34.54728700119803
          ],
          [
            71.9000244140625,
            34.542762387234845
          ],
          [
            71.89453125,
            34.542762387234845
          ],
          [
            71.9000244140625,
            34.542762387234845
          ],
          [
            71.9000244140625,
            34.53823752729578
          ],
          [
            71.9000244140625,
            34.52918706954935
          ],
          [
            71.89453125,
            34.52466147177172
          ],
          [
            71.89453125,
            34.520135628077654
          ],
          [
            71.9000244140625,
            34.51560953848204
          ],
          [
            71.89453125,
            34.511083202999714
          ],
          [
            71.9000244140625,
            34.50202979443459
          ],
          [
            71.9000244140625,
            34.49750272138162
          ],
          [
            71.9000244140625,
            34.48392002731987
          ],
          [
            71.905517578125,
            34.4793919710481
          ],
          [
            71.9110107421875,
            34.474863669009
          ],
          [
            71.9110107421875,
            34.4703351212175
          ],
          [
            71.905517578125,
            34.42956713470528
          ],
          [
            71.9000244140625,
            34.38877925439019
          ],
          [
            71.9000244140625,
            34.343436068482944
          ],
          [
            71.905517578125,
            34.338900400404995
          ],
          [
            71.9110107421875,
            34.32982832836203
          ],
          [
            71.905517578125,
            34.32529192442733
          ],
          [
            71.905517578125,
            34.31621838080741
          ],
          [
            71.9110107421875,
            34.30714385628805
          ],
          [
            71.9219970703125,
            34.28899186503753
          ],
          [
            71.927490234375,
            34.279914398549934
          ],
          [
            72.015380859375,
            34.22542901524139
          ],
          [
            72.0318603515625,
            34.202716361596174
          ],
          [
            72.037353515625,
            34.19362958613084
          ],
          [
            72.0318603515625,
            34.17090836352574
          ],
          [
            72.0263671875,
            34.134541681937364
          ],
          [
            72.0208740234375,
            34.11180455556898
          ],
          [
            72.00439453125,
            34.0754124384174
          ],
          [
            71.9989013671875,
            34.02990029603906
          ],
          [
            71.9989013671875,
            34.02079493601873
          ],
          [
            71.9879150390625,
            34.016241889667015
          ],
          [
            71.982421875,
            34.011688599108524
          ],
          [
            71.9769287109375,
            34.011688599108524
          ],
          [
            71.9769287109375,
            34.00258128543372
          ]
        ]
      },
      "properties": {
        "name": "N-45",
        "gcop_source_layer": "highways",
        "gcop_map_layer": "highways_label"
      }
    },
    {
      "type": "Feature",
      "geometry": {
        "type": "LineString",
        "coordinates": [
          [
            74.091796875,
            35.43381992014203
          ],
          [
            74.0753173828125,
            35.43381992014203
          ],
          [
            74.06982421875,
            35.429344044107154
          ],
          [
            74.058837890625,
            35.42486791930558
          ],
          [
            74.0478515625,
            35.420391545750775
          ],
          [
            74.036865234375,
            35.420391545750775
          ],
          [
            74.0313720703125,
            35.420391545750775
          ],
          [
            74.0313720703125,
            35.42486791930558
          ],
          [
            74.02587890625,
            35.42486791930558
          ],
          [
            74.0203857421875,
            35.43381992014203
          ],
          [
            74.014892578125,
            35.43829554739668
          ],
          [
            74.0093994140625,
            35.44277092585766
          ],
          [
            74.00390625,
            35.44724605551147
          ],
          [
            73.9984130859375,
            35.44277092585766
          ],
          [
            73.992919921875,
            35.44277092585766
          ],
          [
            73.9874267578125,
            35.44277092585766
          ],
          [
            73.9764404296875,
            35.45172093634466
          ],
          [
            73.970947265625,
            35.456195568343745
          ],
          [
            73.9599609375,
            35.47409160773029
          ],
          [
            73.9544677734375,
            35.4830381340696
          ],
          [
            73.93798828125,
            35.4830381340696
          ],
          [
            73.927001953125,
            35.4830381340696
          ],
          [
            73.9105224609375,
            35.48751102385377
          ],
          [
            73.8995361328125,
            35.4830381340696
          ],
          [
            73.89404296875,
            35.47856499535729
          ],
          [
            73.8885498046875,
            35.47856499535729
          ],
          [
            73.883056640625,
            35.47856499535729
          ],
          [
            73.8775634765625,
            35.47856499535729
          ],
          [
            73.8720703125,
            35.4830381340696
          ],
          [
            73.861083984375,
            35.48751102385377
          ],
          [
            73.85009765625,
            35.48751102385377
          ],
          [
            73.8446044921875,
            35.48751102385377
          ],
          [
            73.8336181640625,
            35.48751102385377
          ],
          [
            73.828125,
            35.48751102385377
          ],
          [
            73.817138671875,
            35.49198366469642
          ],
          [
            73.8116455078125,
            35.49198366469642
          ],
          [
            73.80615234375,
            35.50092819950359
          ],
          [
            73.8006591796875,
            35.505400093441324
          ],
          [
            73.8006591796875,
            35.509871738383964
          ],
          [
            73.795166015625,
            35.51434313431818
          ],
          [
            73.7896728515625,
            35.51434313431818
          ],
          [
            73.7841796875,
            35.51434313431818
          ],
          [
            73.7786865234375,
            35.51434313431818
          ],
          [
            73.773193359375,
            35.51434313431818
          ],
          [
            73.76220703125,
            35.51881428123059
          ],
          [
            73.7457275390625,
            35.51434313431818
          ],
          [
            73.740234375,
            35.51434313431818
          ],
          [
            73.740234375,
            35.51881428123059
          ],
          [
            73.7347412109375,
            35.51881428123059
          ],
          [
            73.7347412109375,
            35.523285179107816
          ],
          [
            73.7347412109375,
            35.52775582793653
          ],
          [
            73.729248046875,
            35.53222622770336
          ],
          [
            73.7237548828125,
            35.52775582793653
          ],
          [
            73.7127685546875,
            35.53222622770336
          ],
          [
            73.6907958984375,
            35.52775582793653
          ],
          [
            73.685302734375,
            35.52775582793653
          ],
          [
            73.67431640625,
            35.523285179107816
          ],
          [
            73.6578369140625,
            35.523285179107816
          ],
          [
            73.65234375,
            35.52775582793653
          ],
          [
            73.6468505859375,
            35.52775582793653
          ],
          [
            73.641357421875,
            35.53222622770336
          ],
          [
            73.6358642578125,
            35.53222622770336
          ],
          [
            73.6248779296875,
            35.54116627999815
          ],
          [
            73.6248779296875,
            35.54563593249942
          ],
          [
            73.619384765625,
            35.54563593249942
          ],
          [
            73.6138916015625,
            35.54563593249942
          ],
          [
            73.6083984375,
            35.54116627999815
          ],
          [
            73.6029052734375,
            35.54116627999815
          ],
          [
            73.6029052734375,
            35.536696378395035
          ],
          [
            73.5809326171875,
            35.536696378395035
          ],
          [
            73.5699462890625,
            35.53222622770336
          ],
          [
            73.5589599609375,
            35.52775582793653
          ],
          [
            73.553466796875,
            35.523285179107816
          ],
          [
            73.5479736328125,
            35.52775582793653
          ],
          [
            73.54248046875,
            35.53222622770336
          ],
          [
            73.5369873046875,
            35.53222622770336
          ],
          [
            73.5260009765625,
            35.54116627999815
          ],
          [
            73.5205078125,
            35.536696378395035
          ],
          [
            73.5205078125,
            35.53222622770336
          ],
          [
            73.509521484375,
            35.52775582793653
          ],
          [
            73.49853515625,
            35.53222622770336
          ],
          [
            73.4930419921875,
            35.52775582793653
          ],
          [
            73.4930419921875,
            35.53222622770336
          ],
          [
            73.487548828125,
            35.53222622770336
          ],
          [
            73.4765625,
            35.536696378395035
          ],
          [
            73.4710693359375,
            35.53222622770336
          ],
          [
            73.465576171875,
            35.53222622770336
          ],
          [
            73.4600830078125,
            35.53222622770336
          ],
          [
            73.4381103515625,
            35.52775582793653
          ],
          [
            73.4271240234375,
            35.52775582793653
          ],
          [
            73.421630859375,
            35.523285179107816
          ],
          [
            73.41064453125,
            35.51881428123059
          ],
          [
            73.399658203125,
            35.51434313431818
          ],
          [
            73.3721923828125,
            35.509871738383964
          ],
          [
            73.36669921875,
            35.505400093441324
          ],
          [
            73.3502197265625,
            35.505400093441324
          ],
          [
            73.333740234375,
            35.50092819950359
          ],
          [
            73.3282470703125,
            35.50092819950359
          ],
          [
            73.3172607421875,
            35.505400093441324
          ],
          [
            73.311767578125,
            35.505400093441324
          ],
          [
            73.30078125,
            35.505400093441324
          ],
          [
            73.2952880859375,
            35.496456056584165
          ],
          [
            73.30078125,
            35.49198366469642
          ],
          [
            73.2952880859375,
            35.49198366469642
          ],
          [
            73.2952880859375,
            35.48751102385377
          ],
          [
            73.289794921875,
            35.4830381340696
          ],
          [
            73.2843017578125,
            35.4830381340696
          ],
          [
            73.2843017578125,
            35.47856499535729
          ],
          [
            73.27880859375,
            35.47856499535729
          ],
          [
            73.2733154296875,
            35.47856499535729
          ],
          [
            73.267822265625,
            35.47856499535729
          ],
          [
            73.2623291015625,
            35.47856499535729
          ],
          [
            73.2513427734375,
            35.465144085785866
          ],
          [
            73.245849609375,
            35.460669951495305
          ],
          [
            73.2403564453125,
            35.456195568343745
          ],
          [
            73.23486328125,
            35.456195568343745
          ],
          [
            73.2293701171875,
            35.45172093634466
          ],
          [
            73.2183837890625,
            35.43829554739668
          ],
          [
            73.212890625,
            35.43381992014203
          ],
          [
            73.2073974609375,
            35.429344044107154
          ],
          [
            73.201904296875,
            35.429344044107154
          ],
          [
            73.201904296875,
            35.42486791930558
          ],
          [
            73.201904296875,
            35.420391545750775
          ],
          [
            73.2073974609375,
            35.406960932702006
          ],
          [
            73.201904296875,
            35.40248356426936
          ],
          [
            73.1964111328125,
            35.39352808136067
          ],
          [
            73.2073974609375,
            35.380092992092145
          ],
          [
            73.2073974609375,
            35.37561413174875
          ],
          [
            73.201904296875,
            35.3666556652625
          ],
          [
            73.201904296875,
            35.357696204467516
          ],
          [
            73.2073974609375,
            35.34873574947255
          ],
          [
            73.2073974609375,
            35.33977430038645
          ],
          [
            73.201904296875,
            35.330811857318196
          ],
          [
            73.201904296875,
            35.32184842037685
          ],
          [
            73.19091796875,
            35.31736632923787
          ],
          [
            73.19091796875,
            35.31288398967159
          ],
          [
            73.19091796875,
            35.308401401691626
          ],
          [
            73.1964111328125,
            35.308401401691626
          ],
          [
            73.1964111328125,
            35.303918565311704
          ],
          [
            73.201904296875,
            35.303918565311704
          ],
          [
            73.1964111328125,
            35.299435480545455
          ],
          [
            73.1964111328125,
            35.294952147406576
          ],
          [
            73.212890625,
            35.294952147406576
          ],
          [
            73.2183837890625,
            35.294952147406576
          ],
          [
            73.223876953125,
            35.29046856590878
          ],
          [
            73.223876953125,
            35.281500657891186
          ],
          [
            73.223876953125,
            35.27253175660236
          ],
          [
            73.223876953125,
            35.2635618621521
          ],
          [
            73.2183837890625,
            35.2635618621521
          ],
          [
            73.2183837890625,
            35.25907654252575
          ],
          [
            73.212890625,
            35.25907654252575
          ],
          [
            73.212890625,
            35.25459097465024
          ],
          [
            73.2073974609375,
            35.24561909420683
          ],
          [
            73.1964111328125,
            35.24561909420683
          ],
          [
            73.179931640625,
            35.24113278166642
          ],
          [
            73.1744384765625,
            35.23664622093196
          ],
          [
            73.1744384765625,
            35.232159412017154
          ],
          [
            73.1689453125,
            35.22767235493586
          ],
          [
            73.157958984375,
            35.22318504970181
          ],
          [
            73.1524658203125,
            35.21869749632886
          ],
          [
            73.14697265625,
            35.21420969483077
          ],
          [
            73.125,
            35.205233347514536
          ],
          [
            73.125,
            35.200744801724014
          ],
          [
            73.125,
            35.19625600786368
          ],
          [
            73.1195068359375,
            35.191766965947394
          ],
          [
            73.1195068359375,
            35.18727767598898
          ],
          [
            73.114013671875,
            35.18727767598898
          ],
          [
            73.114013671875,
            35.182788138002294
          ],
          [
            73.10302734375,
            35.182788138002294
          ],
          [
            73.1085205078125,
            35.182788138002294
          ],
          [
            73.10302734375,
            35.17380831799959
          ]
        ]
      },
      "properties": {
        "name": "N-35",
        "gcop_source_layer": "highways",
        "gcop_map_layer": "highways_label"
      }
    },
    {
      "type": "Feature",
      "geometry": {
        "type": "LineString",
        "coordinates": [
          [
            73.1964111328125,
            34.338900400404995
          ],
          [
            73.1854248046875,
            34.334364487026306
          ],
          [
            73.19091796875,
            34.32529192442733
          ],
          [
            73.2073974609375,
            34.31621838080741
          ],
          [
            73.212890625,
            34.31621838080741
          ],
          [
            73.2073974609375,
            34.31168124115257
          ],
          [
            73.212890625,
            34.30714385628805
          ],
          [
            73.2183837890625,
            34.30260622622906
          ],
          [
            73.2183837890625,
            34.298068350990846
          ],
          [
            73.2183837890625,
            34.29353023058857
          ],
          [
            73.223876953125,
            34.29353023058857
          ],
          [
            73.2293701171875,
            34.29353023058857
          ],
          [
            73.2293701171875,
            34.28899186503753
          ],
          [
            73.23486328125,
            34.28445325435288
          ],
          [
            73.23486328125,
            34.275375297643876
          ],
          [
            73.23486328125,
            34.27083595165
          ],
          [
            73.2403564453125,
            34.27083595165
          ],
          [
            73.2403564453125,
            34.26629636058354
          ],
          [
            73.23486328125,
            34.26629636058354
          ],
          [
            73.2403564453125,
            34.26629636058354
          ],
          [
            73.23486328125,
            34.26629636058354
          ],
          [
            73.23486328125,
            34.25721644329403
          ],
          [
            73.23486328125,
            34.252676117101515
          ],
          [
            73.2403564453125,
            34.24813554589754
          ],
          [
            73.2403564453125,
            34.243594729697406
          ],
          [
            73.2403564453125,
            34.24813554589754
          ],
          [
            73.2403564453125,
            34.243594729697406
          ],
          [
            73.23486328125,
            34.243594729697406
          ],
          [
            73.2403564453125,
            34.23905366851639
          ],
          [
            73.23486328125,
            34.23451236236987
          ],
          [
            73.2403564453125,
            34.23451236236987
          ],
          [
            73.2403564453125,
            34.22997081127308
          ],
          [
            73.2403564453125,
            34.22542901524139
          ],
          [
            73.245849609375,
            34.22542901524139
          ],
          [
            73.245849609375,
            34.220886974290124
          ],
          [
            73.23486328125,
            34.19362958613084
          ],
          [
            73.2183837890625,
            34.152726980118175
          ],
          [
            73.212890625,
            34.13908837343848
          ],
          [
            73.2073974609375,
            34.13908837343848
          ],
          [
            73.2073974609375,
            34.134541681937364
          ],
          [
            73.201904296875,
            34.134541681937364
          ],
          [
            73.1964111328125,
            34.129994745824774
          ],
          [
            73.19091796875,
            34.12544756511612
          ],
          [
            73.1854248046875,
            34.12090013982697
          ],
          [
            73.179931640625,
            34.12090013982697
          ],
          [
            73.179931640625,
            34.11635246997275
          ],
          [
            73.1744384765625,
            34.11635246997275
          ],
          [
            73.1744384765625,
            34.11180455556898
          ],
          [
            73.1689453125,
            34.10725639663117
          ],
          [
            73.1689453125,
            34.102707993174874
          ],
          [
            73.1634521484375,
            34.08906131584993
          ],
          [
            73.157958984375,
            34.070862323766306
          ],
          [
            73.1524658203125,
            34.06631196472105
          ],
          [
            73.1524658203125,
            34.06176136129719
          ],
          [
            73.14697265625,
            34.0572105135103
          ],
          [
            73.1085205078125,
            34.02534773814796
          ],
          [
            73.10302734375,
            34.02079493601873
          ],
          [
            73.0865478515625,
            34.00713506435885
          ],
          [
            73.0426025390625,
            33.98891848376216
          ],
          [
            73.026123046875,
            33.98436372829188
          ],
          [
            72.982177734375,
            33.98436372829188
          ],
          [
            72.9656982421875,
            33.98891848376216
          ],
          [
            72.9437255859375,
            33.993472995119674
          ],
          [
            72.9327392578125,
            33.993472995119674
          ],
          [
            72.92724609375,
            33.993472995119674
          ],
          [
            72.916259765625,
            33.993472995119674
          ],
          [
            72.916259765625,
            33.98891848376216
          ],
          [
            72.88330078125,
            33.98436372829188
          ],
          [
            72.8448486328125,
            33.970697997361626
          ],
          [
            72.8338623046875,
            33.95247360616284
          ],
          [
            72.8228759765625,
            33.94335994657882
          ],
          [
            72.8118896484375,
            33.93424531117313
          ],
          [
            72.806396484375,
            33.92512970007199
          ],
          [
            72.8009033203125,
            33.92057152867508
          ],
          [
            72.7789306640625,
            33.906895551288656
          ],
          [
            72.7789306640625,
            33.90233640448068
          ],
          [
            72.762451171875,
            33.884097379274905
          ],
          [
            72.762451171875,
            33.87497640410959
          ],
          [
            72.7569580078125,
            33.87041555094183
          ],
          [
            72.75146484375,
            33.86129311351553
          ],
          [
            72.740478515625,
            33.85673152928874
          ],
          [
            72.7349853515625,
            33.852169701407405
          ],
          [
            72.7294921875,
            33.83848275599513
          ],
          [
            72.7239990234375,
            33.8339199536547
          ],
          [
            72.7239990234375,
            33.829356907739324
          ],
          [
            72.718505859375,
            33.829356907739324
          ],
          [
            72.7020263671875,
            33.82479361826488
          ],
          [
            72.6910400390625,
            33.82479361826488
          ],
          [
            72.6800537109375,
            33.82023008524739
          ]
        ]
      },
      "properties": {
        "name": "N-35",
        "gcop_source_layer": "highways",
        "gcop_map_layer": "highways_label"
      }
    },
    {
      "type": "Feature",
      "geometry": {
        "type": "LineString",
        "coordinates": [
          [
            68.3734130859375,
            30.689887857721203
          ],
          [
            68.3734130859375,
            30.685163937659567
          ],
          [
            68.3624267578125,
            30.675715404167747
          ],
          [
            68.367919921875,
            30.675715404167747
          ],
          [
            68.367919921875,
            30.67099079077917
          ],
          [
            68.35693359375,
            30.661540870820915
          ],
          [
            68.35693359375,
            30.65681556429287
          ],
          [
            68.3514404296875,
            30.647364258243186
          ],
          [
            68.3514404296875,
            30.642638258763256
          ],
          [
            68.345947265625,
            30.63791202834112
          ],
          [
            68.3404541015625,
            30.628458874753647
          ],
          [
            68.3349609375,
            30.62373195163005
          ],
          [
            68.3294677734375,
            30.619004797647804
          ],
          [
            68.3294677734375,
            30.62373195163005
          ],
          [
            68.323974609375,
            30.619004797647804
          ],
          [
            68.31298828125,
            30.614277412827747
          ],
          [
            68.31298828125,
            30.609549797190837
          ],
          [
            68.3074951171875,
            30.609549797190837
          ],
          [
            68.3074951171875,
            30.60482195075798
          ],
          [
            68.3074951171875,
            30.600093873550065
          ],
          [
            68.302001953125,
            30.600093873550065
          ],
          [
            68.302001953125,
            30.595365565588082
          ],
          [
            68.280029296875,
            30.59063702689295
          ],
          [
            68.2635498046875,
            30.576450026618105
          ],
          [
            68.2305908203125,
            30.557530797259176
          ],
          [
            68.2196044921875,
            30.55280041345354
          ],
          [
            68.2196044921875,
            30.54806979910356
          ],
          [
            68.22509765625,
            30.543338954230222
          ],
          [
            68.2196044921875,
            30.533876572997627
          ],
          [
            68.236083984375,
            30.529145036680404
          ],
          [
            68.2470703125,
            30.524413269923983
          ],
          [
            68.2525634765625,
            30.529145036680404
          ],
          [
            68.258056640625,
            30.529145036680404
          ],
          [
            68.26904296875,
            30.51494904517773
          ],
          [
            68.2745361328125,
            30.510216587229976
          ],
          [
            68.291015625,
            30.510216587229976
          ],
          [
            68.3074951171875,
            30.50548389892728
          ],
          [
            68.3184814453125,
            30.51494904517773
          ],
          [
            68.3294677734375,
            30.50548389892728
          ],
          [
            68.3349609375,
            30.50075098029069
          ],
          [
            68.3349609375,
            30.496017831341277
          ],
          [
            68.3404541015625,
            30.491284452100174
          ],
          [
            68.3404541015625,
            30.481817002827285
          ],
          [
            68.345947265625,
            30.481817002827285
          ],
          [
            68.3514404296875,
            30.477082932837675
          ],
          [
            68.35693359375,
            30.477082932837675
          ],
          [
            68.367919921875,
            30.467614102257855
          ],
          [
            68.37890625,
            30.462879341709893
          ],
          [
            68.389892578125,
            30.458144351018078
          ],
          [
            68.4063720703125,
            30.448673679287566
          ],
          [
            68.411865234375,
            30.44393799829116
          ],
          [
            68.433837890625,
            30.4392020872356
          ],
          [
            68.455810546875,
            30.4392020872356
          ],
          [
            68.4613037109375,
            30.434465946141998
          ],
          [
            68.48876953125,
            30.424992973925598
          ],
          [
            68.499755859375,
            30.41551908181151
          ],
          [
            68.5107421875,
            30.41551908181151
          ],
          [
            68.5162353515625,
            30.41078179084589
          ],
          [
            68.521728515625,
            30.41078179084589
          ],
          [
            68.543701171875,
            30.401306519203587
          ],
          [
            68.5491943359375,
            30.396568538569383
          ],
          [
            68.5601806640625,
            30.391830328088133
          ],
          [
            68.5601806640625,
            30.387091887781125
          ],
          [
            68.5711669921875,
            30.38235321766959
          ],
          [
            68.5711669921875,
            30.377614317774785
          ],
          [
            68.57666015625,
            30.372875188118044
          ],
          [
            68.5931396484375,
            30.36813582872057
          ],
          [
            68.5986328125,
            30.36813582872057
          ],
          [
            68.5986328125,
            30.372875188118044
          ],
          [
            68.609619140625,
            30.372875188118044
          ],
          [
            68.6151123046875,
            30.377614317774785
          ],
          [
            68.6260986328125,
            30.377614317774785
          ],
          [
            68.6370849609375,
            30.377614317774785
          ],
          [
            68.6480712890625,
            30.38235321766959
          ],
          [
            68.66455078125,
            30.387091887781125
          ],
          [
            68.6700439453125,
            30.387091887781125
          ],
          [
            68.6700439453125,
            30.391830328088133
          ],
          [
            68.7030029296875,
            30.401306519203587
          ],
          [
            68.7139892578125,
            30.401306519203587
          ],
          [
            68.719482421875,
            30.401306519203587
          ],
          [
            68.73046875,
            30.401306519203587
          ],
          [
            68.7579345703125,
            30.396568538569383
          ],
          [
            68.785400390625,
            30.396568538569383
          ],
          [
            68.79638671875,
            30.401306519203587
          ],
          [
            68.8018798828125,
            30.401306519203587
          ],
          [
            68.8238525390625,
            30.401306519203587
          ],
          [
            68.8348388671875,
            30.4060442699695
          ],
          [
            68.8568115234375,
            30.41078179084589
          ],
          [
            68.88427734375,
            30.41551908181151
          ],
          [
            68.895263671875,
            30.41551908181151
          ],
          [
            68.90625,
            30.41551908181151
          ],
          [
            68.9227294921875,
            30.41078179084589
          ],
          [
            68.9337158203125,
            30.4060442699695
          ],
          [
            68.9447021484375,
            30.4060442699695
          ],
          [
            68.9501953125,
            30.4060442699695
          ],
          [
            68.961181640625,
            30.41078179084589
          ],
          [
            68.97216796875,
            30.42025614284516
          ],
          [
            68.97216796875,
            30.424992973925598
          ],
          [
            68.9776611328125,
            30.424992973925598
          ],
          [
            68.983154296875,
            30.424992973925598
          ],
          [
            68.9886474609375,
            30.424992973925598
          ],
          [
            69.005126953125,
            30.4297295750316
          ],
          [
            69.0106201171875,
            30.4297295750316
          ],
          [
            69.01611328125,
            30.434465946141998
          ],
          [
            69.0216064453125,
            30.434465946141998
          ],
          [
            69.0380859375,
            30.4392020872356
          ],
          [
            69.0655517578125,
            30.4392020872356
          ],
          [
            69.0765380859375,
            30.44393799829116
          ],
          [
            69.1094970703125,
            30.448673679287566
          ],
          [
            69.114990234375,
            30.448673679287566
          ],
          [
            69.1204833984375,
            30.448673679287566
          ],
          [
            69.1259765625,
            30.448673679287566
          ],
          [
            69.1314697265625,
            30.453409130203596
          ],
          [
            69.1534423828125,
            30.462879341709893
          ],
          [
            69.158935546875,
            30.462879341709893
          ],
          [
            69.169921875,
            30.458144351018078
          ],
          [
            69.1754150390625,
            30.462879341709893
          ],
          [
            69.202880859375,
            30.462879341709893
          ],
          [
            69.2138671875,
            30.458144351018078
          ],
          [
            69.2303466796875,
            30.462879341709893
          ],
          [
            69.246826171875,
            30.47234863264083
          ],
          [
            69.2523193359375,
            30.47234863264083
          ],
          [
            69.2633056640625,
            30.47234863264083
          ],
          [
            69.2742919921875,
            30.467614102257855
          ],
          [
            69.27978515625,
            30.467614102257855
          ],
          [
            69.290771484375,
            30.47234863264083
          ],
          [
            69.2962646484375,
            30.477082932837675
          ],
          [
            69.3017578125,
            30.477082932837675
          ],
          [
            69.312744140625,
            30.47234863264083
          ],
          [
            69.3182373046875,
            30.47234863264083
          ],
          [
            69.334716796875,
            30.481817002827285
          ],
          [
            69.3402099609375,
            30.481817002827285
          ],
          [
            69.3621826171875,
            30.477082932837675
          ],
          [
            69.3841552734375,
            30.486550842588485
          ],
          [
            69.3896484375,
            30.486550842588485
          ],
          [
            69.3951416015625,
            30.486550842588485
          ],
          [
            69.400634765625,
            30.486550842588485
          ],
          [
            69.4061279296875,
            30.486550842588485
          ],
          [
            69.41162109375,
            30.486550842588485
          ],
          [
            69.422607421875,
            30.496017831341277
          ],
          [
            69.43359375,
            30.491284452100174
          ],
          [
            69.4500732421875,
            30.481817002827285
          ],
          [
            69.45556640625,
            30.481817002827285
          ],
          [
            69.4940185546875,
            30.481817002827285
          ],
          [
            69.510498046875,
            30.486550842588485
          ],
          [
            69.5159912109375,
            30.486550842588485
          ],
          [
            69.532470703125,
            30.47234863264083
          ],
          [
            69.5379638671875,
            30.462879341709893
          ],
          [
            69.5489501953125,
            30.458144351018078
          ],
          [
            69.554443359375,
            30.458144351018078
          ],
          [
            69.5599365234375,
            30.462879341709893
          ],
          [
            69.5654296875,
            30.462879341709893
          ],
          [
            69.58740234375,
            30.477082932837675
          ],
          [
            69.6148681640625,
            30.481817002827285
          ],
          [
            69.6258544921875,
            30.481817002827285
          ],
          [
            69.63134765625,
            30.477082932837675
          ],
          [
            69.6588134765625,
            30.481817002827285
          ],
          [
            69.664306640625,
            30.486550842588485
          ],
          [
            69.664306640625,
            30.491284452100174
          ],
          [
            69.6697998046875,
            30.491284452100174
          ],
          [
            69.67529296875,
            30.496017831341277
          ],
          [
            69.6917724609375,
            30.50075098029069
          ],
          [
            69.697265625,
            30.496017831341277
          ],
          [
            69.7027587890625,
            30.486550842588485
          ],
          [
            69.708251953125,
            30.481817002827285
          ],
          [
            69.7137451171875,
            30.477082932837675
          ],
          [
            69.7137451171875,
            30.47234863264083
          ],
          [
            69.730224609375,
            30.467614102257855
          ],
          [
            69.7357177734375,
            30.462879341709893
          ],
          [
            69.752197265625,
            30.462879341709893
          ],
          [
            69.7576904296875,
            30.462879341709893
          ],
          [
            69.7576904296875,
            30.458144351018078
          ],
          [
            69.76318359375,
            30.462879341709893
          ],
          [
            69.7686767578125,
            30.462879341709893
          ],
          [
            69.774169921875,
            30.462879341709893
          ],
          [
            69.7796630859375,
            30.458144351018078
          ],
          [
            69.78515625,
            30.453409130203596
          ],
          [
            69.796142578125,
            30.453409130203596
          ],
          [
            69.8016357421875,
            30.453409130203596
          ],
          [
            69.80712890625,
            30.448673679287566
          ],
          [
            69.818115234375,
            30.434465946141998
          ]
        ]
      },
      "properties": {
        "name": "N-70",
        "gcop_source_layer": "highways",
        "gcop_map_layer": "highways_label"
      }
    },
    {
      "type": "Feature",
      "geometry": {
        "type": "LineString",
        "coordinates": [
          [
            73.3447265625,
            34.52466147177172
          ],
          [
            73.3502197265625,
            34.51560953848204
          ],
          [
            73.3502197265625,
            34.511083202999714
          ],
          [
            73.3502197265625,
            34.5065566216456
          ],
          [
            73.355712890625,
            34.49750272138162
          ],
          [
            73.355712890625,
            34.49297540250153
          ],
          [
            73.355712890625,
            34.488447837809304
          ],
          [
            73.355712890625,
            34.48392002731987
          ],
          [
            73.3502197265625,
            34.4793919710481
          ],
          [
            73.3447265625,
            34.474863669009
          ],
          [
            73.3447265625,
            34.46127728843706
          ],
          [
            73.3392333984375,
            34.46127728843706
          ],
          [
            73.3392333984375,
            34.465806327688526
          ],
          [
            73.3392333984375,
            34.46127728843706
          ],
          [
            73.3392333984375,
            34.465806327688526
          ],
          [
            73.333740234375,
            34.46127728843706
          ],
          [
            73.333740234375,
            34.465806327688526
          ],
          [
            73.333740234375,
            34.46127728843706
          ],
          [
            73.333740234375,
            34.45674800347808
          ],
          [
            73.333740234375,
            34.45221847282653
          ],
          [
            73.3392333984375,
            34.44768869649744
          ],
          [
            73.333740234375,
            34.44768869649744
          ],
          [
            73.3282470703125,
            34.44315867450577
          ],
          [
            73.3282470703125,
            34.43862840686651
          ],
          [
            73.3282470703125,
            34.44315867450577
          ],
          [
            73.32275390625,
            34.43862840686651
          ],
          [
            73.3172607421875,
            34.43409789359468
          ],
          [
            73.3172607421875,
            34.42956713470528
          ],
          [
            73.3172607421875,
            34.425036130213314
          ],
          [
            73.311767578125,
            34.425036130213314
          ],
          [
            73.311767578125,
            34.420504880133834
          ],
          [
            73.311767578125,
            34.41597338448186
          ],
          [
            73.311767578125,
            34.411441643272425
          ],
          [
            73.311767578125,
            34.402377424241365
          ],
          [
            73.311767578125,
            34.397844946449865
          ],
          [
            73.311767578125,
            34.39331222316112
          ],
          [
            73.3062744140625,
            34.39331222316112
          ],
          [
            73.3062744140625,
            34.38877925439019
          ],
          [
            73.2952880859375,
            34.38877925439019
          ],
          [
            73.289794921875,
            34.38424604015218
          ],
          [
            73.267822265625,
            34.370644924786575
          ],
          [
            73.267822265625,
            34.36611072883116
          ],
          [
            73.2623291015625,
            34.36611072883116
          ]
        ]
      },
      "properties": {
        "name": "N-15",
        "gcop_source_layer": "highways",
        "gcop_map_layer": "highways_label"
      }
    },
    {
      "type": "Feature",
      "geometry": {
        "type": "LineString",
        "coordinates": [
          [
            72.9107666015625,
            33.651208299204995
          ],
          [
            72.9217529296875,
            33.642062504753696
          ],
          [
            72.9327392578125,
            33.63748924317082
          ],
          [
            72.9437255859375,
            33.6283419913718
          ],
          [
            72.94921875,
            33.62376800118811
          ],
          [
            72.9547119140625,
            33.62376800118811
          ],
          [
            72.97119140625,
            33.62376800118811
          ],
          [
            72.982177734375,
            33.61919376817005
          ],
          [
            72.9931640625,
            33.614619292333785
          ],
          [
            72.9986572265625,
            33.614619292333785
          ],
          [
            73.0426025390625,
            33.596318961132695
          ],
          [
            73.0535888671875,
            33.59174327144986
          ],
          [
            73.05908203125,
            33.58716733904656
          ],
          [
            73.0645751953125,
            33.582591163939185
          ],
          [
            73.0755615234375,
            33.57343808567735
          ],
          [
            73.0755615234375,
            33.56428403679499
          ],
          [
            73.0865478515625,
            33.56428403679499
          ],
          [
            73.092041015625,
            33.559706648411975
          ],
          [
            73.0975341796875,
            33.55512901742287
          ],
          [
            73.10302734375,
            33.5459730276919
          ],
          [
            73.1085205078125,
            33.54139466898275
          ],
          [
            73.125,
            33.53681606773303
          ],
          [
            73.1304931640625,
            33.532237223959086
          ],
          [
            73.1414794921875,
            33.5230788089042
          ],
          [
            73.1634521484375,
            33.5184992376561
          ],
          [
            73.1689453125,
            33.51391942394942
          ],
          [
            73.179931640625,
            33.51391942394942
          ],
          [
            73.1964111328125,
            33.50017852824229
          ],
          [
            73.1964111328125,
            33.49101671911272
          ],
          [
            73.1964111328125,
            33.47269019266666
          ],
          [
            73.223876953125,
            33.454359789517014
          ],
          [
            73.2293701171875,
            33.43602551072033
          ],
          [
            73.2293701171875,
            33.431441335575286
          ],
          [
            73.223876953125,
            33.41768735733493
          ],
          [
            73.223876953125,
            33.403931200234695
          ],
          [
            73.23486328125,
            33.37641235124677
          ],
          [
            73.245849609375,
            33.3442960191357
          ],
          [
            73.2568359375,
            33.32134852669881
          ],
          [
            73.2623291015625,
            33.312167837386184
          ],
          [
            73.2733154296875,
            33.289211884431424
          ],
          [
            73.2843017578125,
            33.280027811732154
          ],
          [
            73.2952880859375,
            33.26624989076272
          ],
          [
            73.32275390625,
            33.23868752757414
          ],
          [
            73.3282470703125,
            33.224903086263964
          ],
          [
            73.333740234375,
            33.22030778968541
          ],
          [
            73.3392333984375,
            33.201924189778936
          ],
          [
            73.3502197265625,
            33.192730941906916
          ],
          [
            73.3612060546875,
            33.18813395605041
          ],
          [
            73.3721923828125,
            33.17893926058103
          ],
          [
            73.377685546875,
            33.17434155100207
          ],
          [
            73.3831787109375,
            33.169743600216165
          ],
          [
            73.3941650390625,
            33.15134938534251
          ],
          [
            73.3941650390625,
            33.142150831105354
          ],
          [
            73.4051513671875,
            33.13295131251587
          ],
          [
            73.421630859375,
            33.13295131251587
          ],
          [
            73.4381103515625,
            33.12375082971022
          ],
          [
            73.443603515625,
            33.119150226768866
          ],
          [
            73.4490966796875,
            33.114549382824535
          ],
          [
            73.443603515625,
            33.10534697199519
          ],
          [
            73.443603515625,
            33.09614359735856
          ],
          [
            73.443603515625,
            33.091541548655215
          ],
          [
            73.4490966796875,
            33.08233672856376
          ],
          [
            73.4490966796875,
            33.07773395720983
          ],
          [
            73.4600830078125,
            33.068527691971184
          ],
          [
            73.4600830078125,
            33.063924198120645
          ],
          [
            73.4710693359375,
            33.05932046347212
          ],
          [
            73.4765625,
            33.05932046347212
          ],
          [
            73.4820556640625,
            33.05932046347212
          ],
          [
            73.5150146484375,
            33.050112271849656
          ]
        ]
      },
      "properties": {
        "name": "N-5",
        "gcop_source_layer": "highways",
        "gcop_map_layer": "highways_label"
      }
    },
    {
      "type": "Feature",
      "geometry": {
        "type": "LineString",
        "coordinates": [
          [
            71.3177490234375,
            33.35347332342168
          ],
          [
            71.3177490234375,
            33.348884792201716
          ],
          [
            71.3232421875,
            33.348884792201716
          ],
          [
            71.3232421875,
            33.3442960191357
          ],
          [
            71.312255859375,
            33.33052824902808
          ],
          [
            71.312255859375,
            33.32134852669881
          ],
          [
            71.312255859375,
            33.30757713015298
          ],
          [
            71.3177490234375,
            33.293803558346596
          ],
          [
            71.312255859375,
            33.280027811732154
          ],
          [
            71.30126953125,
            33.27084277265287
          ],
          [
            71.290283203125,
            33.25706340236546
          ],
          [
            71.2847900390625,
            33.247875947924385
          ],
          [
            71.2628173828125,
            33.23868752757414
          ],
          [
            71.25732421875,
            33.23868752757414
          ],
          [
            71.25732421875,
            33.234092955225194
          ],
          [
            71.25732421875,
            33.22949814144951
          ],
          [
            71.25732421875,
            33.22030778968541
          ],
          [
            71.2518310546875,
            33.22030778968541
          ],
          [
            71.246337890625,
            33.215712251730736
          ],
          [
            71.246337890625,
            33.21111647241685
          ],
          [
            71.2518310546875,
            33.21111647241685
          ],
          [
            71.25732421875,
            33.21111647241685
          ],
          [
            71.25732421875,
            33.206520451760625
          ],
          [
            71.25732421875,
            33.201924189778936
          ],
          [
            71.2518310546875,
            33.19732768648872
          ],
          [
            71.2408447265625,
            33.17434155100207
          ],
          [
            71.224365234375,
            33.16054697509142
          ],
          [
            71.21337890625,
            33.15594830078649
          ],
          [
            71.2188720703125,
            33.15594830078649
          ],
          [
            71.21337890625,
            33.15134938534251
          ],
          [
            71.2078857421875,
            33.15134938534251
          ],
          [
            71.19140625,
            33.14675022877648
          ],
          [
            71.1859130859375,
            33.14675022877648
          ],
          [
            71.1639404296875,
            33.142150831105354
          ],
          [
            71.1529541015625,
            33.142150831105354
          ],
          [
            71.1474609375,
            33.13755119234614
          ],
          [
            71.1474609375,
            33.13295131251587
          ],
          [
            71.1419677734375,
            33.128351191631566
          ],
          [
            71.1199951171875,
            33.119150226768866
          ],
          [
            71.1199951171875,
            33.114549382824535
          ],
          [
            71.114501953125,
            33.10994829789429
          ],
          [
            71.103515625,
            33.10534697199519
          ],
          [
            71.0870361328125,
            33.10074540514424
          ],
          [
            71.0760498046875,
            33.091541548655215
          ],
          [
            71.03759765625,
            33.073130945006625
          ],
          [
            71.0211181640625,
            33.05471648804273
          ],
          [
            71.015625,
            33.050112271849656
          ],
          [
            71.015625,
            33.0409031172409
          ],
          [
            71.004638671875,
            33.0224819196136
          ],
          [
            70.9881591796875,
            33.008663494575586
          ],
          [
            70.9716796875,
            32.96719522935592
          ],
          [
            70.9661865234375,
            32.95336814579932
          ],
          [
            70.9661865234375,
            32.94414888814147
          ],
          [
            70.9552001953125,
            32.93953889877841
          ],
          [
            70.9442138671875,
            32.93031819907053
          ],
          [
            70.938720703125,
            32.90726224488304
          ],
          [
            70.916748046875,
            32.88881315761995
          ],
          [
            70.9112548828125,
            32.87497382061986
          ],
          [
            70.894775390625,
            32.85651801010957
          ],
          [
            70.894775390625,
            32.838058359277056
          ],
          [
            70.894775390625,
            32.82882709408909
          ],
          [
            70.894775390625,
            32.819594869239765
          ],
          [
            70.8837890625,
            32.81036168486901
          ],
          [
            70.8782958984375,
            32.782656376029635
          ],
          [
            70.86181640625,
            32.76880048488168
          ],
          [
            70.83984375,
            32.76418137510082
          ],
          [
            70.8343505859375,
            32.76418137510082
          ],
          [
            70.8233642578125,
            32.76418137510082
          ],
          [
            70.806884765625,
            32.759562025650126
          ],
          [
            70.7794189453125,
            32.759562025650126
          ],
          [
            70.7794189453125,
            32.75494243654724
          ]
        ]
      },
      "properties": {
        "name": "N-55",
        "gcop_source_layer": "highways",
        "gcop_map_layer": "highways_label"
      }
    },
    {
      "type": "Feature",
      "geometry": {
        "type": "LineString",
        "coordinates": [
          [
            69.3402099609375,
            31.259769987394293
          ],
          [
            69.3841552734375,
            31.28793989264176
          ],
          [
            69.444580078125,
            31.34425445566805
          ],
          [
            69.4500732421875,
            31.34894581557998
          ],
          [
            69.45556640625,
            31.34894581557998
          ],
          [
            69.4610595703125,
            31.34425445566805
          ],
          [
            69.4720458984375,
            31.339562861785012
          ],
          [
            69.4775390625,
            31.33487103395059
          ],
          [
            69.4775390625,
            31.339562861785012
          ],
          [
            69.4830322265625,
            31.339562861785012
          ],
          [
            69.4940185546875,
            31.339562861785012
          ],
          [
            69.5159912109375,
            31.34425445566805
          ],
          [
            69.5269775390625,
            31.34425445566805
          ],
          [
            69.5379638671875,
            31.34425445566805
          ],
          [
            69.554443359375,
            31.33487103395059
          ],
          [
            69.5599365234375,
            31.33487103395059
          ],
          [
            69.5654296875,
            31.33487103395059
          ],
          [
            69.5709228515625,
            31.33487103395059
          ],
          [
            69.576416015625,
            31.33487103395059
          ],
          [
            69.5819091796875,
            31.330178972184655
          ],
          [
            69.5928955078125,
            31.330178972184655
          ],
          [
            69.6038818359375,
            31.320794146937374
          ],
          [
            69.609375,
            31.325486676506983
          ],
          [
            69.63134765625,
            31.325486676506983
          ],
          [
            69.6478271484375,
            31.33487103395059
          ],
          [
            69.6588134765625,
            31.339562861785012
          ],
          [
            69.664306640625,
            31.34425445566805
          ],
          [
            69.6697998046875,
            31.34425445566805
          ],
          [
            69.71923828125,
            31.34894581557998
          ],
          [
            69.7247314453125,
            31.34894581557998
          ],
          [
            69.7357177734375,
            31.34894581557998
          ],
          [
            69.7467041015625,
            31.35363694150098
          ],
          [
            69.752197265625,
            31.35363694150098
          ],
          [
            69.7576904296875,
            31.363018491291186
          ],
          [
            69.76318359375,
            31.367708915120843
          ],
          [
            69.76318359375,
            31.37708906055049
          ],
          [
            69.774169921875,
            31.386468269542306
          ],
          [
            69.78515625,
            31.391157522824713
          ],
          [
            69.80712890625,
            31.40053532686393
          ],
          [
            69.8236083984375,
            31.409912194070998
          ],
          [
            69.8236083984375,
            31.41460027631321
          ],
          [
            69.8291015625,
            31.41460027631321
          ],
          [
            69.8291015625,
            31.409912194070998
          ],
          [
            69.8345947265625,
            31.40522387758132
          ],
          [
            69.840087890625,
            31.40522387758132
          ],
          [
            69.840087890625,
            31.409912194070998
          ],
          [
            69.8455810546875,
            31.409912194070998
          ],
          [
            69.8455810546875,
            31.40522387758132
          ],
          [
            69.8565673828125,
            31.40053532686393
          ],
          [
            69.862060546875,
            31.40053532686393
          ],
          [
            69.8675537109375,
            31.40522387758132
          ],
          [
            69.8785400390625,
            31.40522387758132
          ],
          [
            69.8785400390625,
            31.40053532686393
          ],
          [
            69.884033203125,
            31.395846541938496
          ],
          [
            69.8895263671875,
            31.391157522824713
          ],
          [
            69.89501953125,
            31.391157522824713
          ],
          [
            69.906005859375,
            31.37708906055049
          ],
          [
            69.9114990234375,
            31.37239910488053
          ],
          [
            69.9169921875,
            31.363018491291186
          ],
          [
            69.9169921875,
            31.35832783341131
          ],
          [
            69.9169921875,
            31.35363694150098
          ],
          [
            69.9224853515625,
            31.34894581557998
          ],
          [
            69.9334716796875,
            31.34425445566805
          ],
          [
            69.93896484375,
            31.34425445566805
          ],
          [
            69.9444580078125,
            31.34894581557998
          ],
          [
            69.949951171875,
            31.34894581557998
          ],
          [
            69.9554443359375,
            31.34894581557998
          ],
          [
            69.9609375,
            31.363018491291186
          ],
          [
            69.9664306640625,
            31.367708915120843
          ],
          [
            69.971923828125,
            31.367708915120843
          ],
          [
            69.9774169921875,
            31.367708915120843
          ],
          [
            69.9774169921875,
            31.37239910488053
          ],
          [
            69.98291015625,
            31.37239910488053
          ],
          [
            69.98291015625,
            31.37708906055049
          ],
          [
            69.9884033203125,
            31.381778782110985
          ],
          [
            69.9884033203125,
            31.391157522824713
          ],
          [
            69.9884033203125,
            31.395846541938496
          ],
          [
            69.98291015625,
            31.395846541938496
          ],
          [
            69.98291015625,
            31.40053532686393
          ],
          [
            69.993896484375,
            31.40522387758132
          ],
          [
            69.993896484375,
            31.409912194070998
          ],
          [
            69.993896484375,
            31.41460027631321
          ],
          [
            70.0048828125,
            31.42397573797669
          ],
          [
            70.0103759765625,
            31.42397573797669
          ],
          [
            70.015869140625,
            31.42866311735861
          ],
          [
            70.0213623046875,
            31.42866311735861
          ],
          [
            70.02685546875,
            31.433350262414407
          ],
          [
            70.0323486328125,
            31.433350262414407
          ],
          [
            70.0323486328125,
            31.438037173124457
          ],
          [
            70.0323486328125,
            31.442723849469118
          ],
          [
            70.0433349609375,
            31.447410291428724
          ],
          [
            70.048828125,
            31.447410291428724
          ],
          [
            70.059814453125,
            31.447410291428724
          ],
          [
            70.059814453125,
            31.442723849469118
          ],
          [
            70.0653076171875,
            31.442723849469118
          ],
          [
            70.0653076171875,
            31.438037173124457
          ],
          [
            70.0653076171875,
            31.442723849469118
          ],
          [
            70.07080078125,
            31.438037173124457
          ],
          [
            70.0762939453125,
            31.442723849469118
          ],
          [
            70.081787109375,
            31.442723849469118
          ],
          [
            70.0872802734375,
            31.438037173124457
          ],
          [
            70.0927734375,
            31.442723849469118
          ],
          [
            70.11474609375,
            31.456782472114313
          ],
          [
            70.125732421875,
            31.470838984764384
          ],
          [
            70.125732421875,
            31.475524020001814
          ],
          [
            70.1312255859375,
            31.475524020001814
          ],
          [
            70.1312255859375,
            31.480208820716925
          ],
          [
            70.13671875,
            31.484893386890164
          ],
          [
            70.13671875,
            31.494261815532724
          ],
          [
            70.1422119140625,
            31.494261815532724
          ],
          [
            70.1422119140625,
            31.498945677962936
          ],
          [
            70.1422119140625,
            31.503629305773032
          ],
          [
            70.147705078125,
            31.503629305773032
          ],
          [
            70.1531982421875,
            31.508312698943442
          ],
          [
            70.15869140625,
            31.517678781287174
          ],
          [
            70.15869140625,
            31.512995857454683
          ],
          [
            70.1751708984375,
            31.52704392483794
          ],
          [
            70.1751708984375,
            31.52236147042143
          ],
          [
            70.1806640625,
            31.52704392483794
          ],
          [
            70.191650390625,
            31.53172614451715
          ],
          [
            70.191650390625,
            31.536408129439607
          ],
          [
            70.1971435546875,
            31.54108987958581
          ],
          [
            70.1971435546875,
            31.536408129439607
          ],
          [
            70.1971435546875,
            31.54108987958581
          ],
          [
            70.1971435546875,
            31.545771394936267
          ],
          [
            70.1971435546875,
            31.550452675471504
          ],
          [
            70.1971435546875,
            31.55513372117204
          ],
          [
            70.191650390625,
            31.55981453201842
          ],
          [
            70.191650390625,
            31.564495107991192
          ],
          [
            70.191650390625,
            31.573855555238097
          ],
          [
            70.1971435546875,
            31.57853542647338
          ],
          [
            70.191650390625,
            31.58321506275729
          ],
          [
            70.191650390625,
            31.587894464070402
          ],
          [
            70.191650390625,
            31.592573630393332
          ],
          [
            70.1861572265625,
            31.592573630393332
          ],
          [
            70.1861572265625,
            31.597252561706668
          ],
          [
            70.1861572265625,
            31.60193125799097
          ],
          [
            70.1861572265625,
            31.60660971922691
          ],
          [
            70.1806640625,
            31.60660971922691
          ],
          [
            70.1751708984375,
            31.60660971922691
          ],
          [
            70.169677734375,
            31.611287945395063
          ],
          [
            70.15869140625,
            31.611287945395063
          ],
          [
            70.15869140625,
            31.60660971922691
          ],
          [
            70.1531982421875,
            31.60660971922691
          ],
          [
            70.147705078125,
            31.60660971922691
          ],
          [
            70.1422119140625,
            31.620643692450557
          ],
          [
            70.1422119140625,
            31.625321213299188
          ],
          [
            70.125732421875,
            31.625321213299188
          ],
          [
            70.1202392578125,
            31.620643692450557
          ],
          [
            70.11474609375,
            31.625321213299188
          ],
          [
            70.11474609375,
            31.634675549541356
          ],
          [
            70.11474609375,
            31.63935236489621
          ],
          [
            70.11474609375,
            31.644028945047822
          ],
          [
            70.11474609375,
            31.658057274089913
          ],
          [
            70.1202392578125,
            31.672083485607402
          ],
          [
            70.1202392578125,
            31.676758418795515
          ],
          [
            70.1202392578125,
            31.681433116625954
          ],
          [
            70.1202392578125,
            31.700129553985917
          ],
          [
            70.13671875,
            31.70947636001935
          ],
          [
            70.1422119140625,
            31.70947636001935
          ],
          [
            70.1422119140625,
            31.714149409807092
          ],
          [
            70.1422119140625,
            31.71882222408327
          ],
          [
            70.1422119140625,
            31.723494802828597
          ],
          [
            70.147705078125,
            31.728167146023935
          ],
          [
            70.147705078125,
            31.73283925365007
          ],
          [
            70.1531982421875,
            31.73283925365007
          ],
          [
            70.15869140625,
            31.73283925365007
          ],
          [
            70.1641845703125,
            31.73283925365007
          ],
          [
            70.169677734375,
            31.73283925365007
          ],
          [
            70.169677734375,
            31.73751112568783
          ],
          [
            70.1861572265625,
            31.73751112568783
          ],
          [
            70.1861572265625,
            31.74218276211799
          ],
          [
            70.1971435546875,
            31.74218276211799
          ],
          [
            70.20263671875,
            31.74685416292141
          ],
          [
            70.213623046875,
            31.74685416292141
          ],
          [
            70.2191162109375,
            31.74218276211799
          ],
          [
            70.224609375,
            31.74685416292141
          ],
          [
            70.2410888671875,
            31.74218276211799
          ],
          [
            70.257568359375,
            31.74218276211799
          ],
          [
            70.2630615234375,
            31.74218276211799
          ],
          [
            70.279541015625,
            31.74218276211799
          ],
          [
            70.301513671875,
            31.73751112568783
          ],
          [
            70.3125,
            31.73751112568783
          ],
          [
            70.3289794921875,
            31.73751112568783
          ],
          [
            70.33447265625,
            31.74685416292141
          ],
          [
            70.3399658203125,
            31.751525328078912
          ],
          [
            70.42236328125,
            31.76553740948438
          ],
          [
            70.477294921875,
            31.78421688448738
          ],
          [
            70.51025390625,
            31.78421688448738
          ],
          [
            70.5267333984375,
            31.78421688448738
          ],
          [
            70.5487060546875,
            31.793555207271424
          ],
          [
            70.55419921875,
            31.793555207271424
          ],
          [
            70.5706787109375,
            31.80289258670676
          ],
          [
            70.576171875,
            31.80756092262095
          ],
          [
            70.587158203125,
            31.812229022640707
          ],
          [
            70.59814453125,
            31.812229022640707
          ],
          [
            70.631103515625,
            31.821564514920738
          ],
          [
            70.6365966796875,
            31.821564514920738
          ],
          [
            70.68603515625,
            31.826231907142883
          ],
          [
            70.7025146484375,
            31.830899063394384
          ],
          [
            70.7135009765625,
            31.826231907142883
          ],
          [
            70.72998046875,
            31.830899063394384
          ],
          [
            70.7464599609375,
            31.830899063394384
          ],
          [
            70.762939453125,
            31.826231907142883
          ],
          [
            70.7684326171875,
            31.826231907142883
          ],
          [
            70.7794189453125,
            31.821564514920738
          ],
          [
            70.7958984375,
            31.821564514920738
          ],
          [
            70.806884765625,
            31.821564514920738
          ],
          [
            70.81787109375,
            31.821564514920738
          ],
          [
            70.8233642578125,
            31.81689688674699
          ],
          [
            70.8233642578125,
            31.821564514920738
          ],
          [
            70.8453369140625,
            31.826231907142883
          ]
        ]
      },
      "properties": {
        "name": "N-50",
        "gcop_source_layer": "highways",
        "gcop_map_layer": "highways_label"
      }
    },
    {
      "type": "Feature",
      "geometry": {
        "type": "LineString",
        "coordinates": [
          [
            68.3734130859375,
            30.689887857721203
          ],
          [
            68.3843994140625,
            30.689887857721203
          ],
          [
            68.389892578125,
            30.689887857721203
          ],
          [
            68.4063720703125,
            30.689887857721203
          ],
          [
            68.4228515625,
            30.689887857721203
          ],
          [
            68.4283447265625,
            30.689887857721203
          ],
          [
            68.4393310546875,
            30.694611546632274
          ],
          [
            68.4393310546875,
            30.689887857721203
          ],
          [
            68.44482421875,
            30.685163937659567
          ],
          [
            68.455810546875,
            30.685163937659567
          ],
          [
            68.466796875,
            30.675715404167747
          ],
          [
            68.4832763671875,
            30.67099079077917
          ],
          [
            68.48876953125,
            30.67099079077917
          ],
          [
            68.499755859375,
            30.67099079077917
          ],
          [
            68.5052490234375,
            30.666265946323293
          ],
          [
            68.5546875,
            30.67099079077917
          ],
          [
            68.62060546875,
            30.67099079077917
          ],
          [
            68.6370849609375,
            30.67099079077917
          ],
          [
            68.6700439453125,
            30.680439786468128
          ],
          [
            68.6810302734375,
            30.680439786468128
          ],
          [
            68.697509765625,
            30.685163937659567
          ],
          [
            68.70849609375,
            30.685163937659567
          ],
          [
            68.785400390625,
            30.699335004371974
          ],
          [
            68.79638671875,
            30.7040582309195
          ],
          [
            68.8018798828125,
            30.713503990354965
          ],
          [
            68.807373046875,
            30.713503990354965
          ],
          [
            68.818359375,
            30.718226523201352
          ],
          [
            68.84033203125,
            30.718226523201352
          ],
          [
            68.8348388671875,
            30.722948824772516
          ],
          [
            68.84033203125,
            30.722948824772516
          ],
          [
            68.829345703125,
            30.72767089504768
          ],
          [
            68.8458251953125,
            30.732392734006083
          ],
          [
            68.8568115234375,
            30.732392734006083
          ],
          [
            68.8787841796875,
            30.73711434162702
          ],
          [
            68.8897705078125,
            30.741835717889785
          ],
          [
            68.939208984375,
            30.76543912810554
          ],
          [
            68.961181640625,
            30.779598396611533
          ],
          [
            68.9666748046875,
            30.779598396611533
          ],
          [
            68.994140625,
            30.79847417956782
          ],
          [
            69.0106201171875,
            30.803192546290973
          ],
          [
            69.01611328125,
            30.807910681366465
          ],
          [
            69.01611328125,
            30.817346256492073
          ],
          [
            69.01611328125,
            30.822063696500948
          ],
          [
            69.0216064453125,
            30.82678090477978
          ],
          [
            69.027099609375,
            30.836214626064844
          ],
          [
            69.0325927734375,
            30.836214626064844
          ],
          [
            69.0435791015625,
            30.85036346950237
          ],
          [
            69.0765380859375,
            30.87865489577827
          ],
          [
            69.0985107421875,
            30.902224705171434
          ],
          [
            69.114990234375,
            30.921076375384885
          ],
          [
            69.1259765625,
            30.925788712587007
          ],
          [
            69.1314697265625,
            30.94463573937753
          ],
          [
            69.1424560546875,
            30.954057859276134
          ],
          [
            69.14794921875,
            30.958768570779867
          ],
          [
            69.1534423828125,
            30.96347904995936
          ],
          [
            69.1754150390625,
            30.97760909334869
          ],
          [
            69.1864013671875,
            30.99173704508671
          ],
          [
            69.2193603515625,
            31.038815104128687
          ],
          [
            69.224853515625,
            31.04352163068421
          ],
          [
            69.224853515625,
            31.048227924549778
          ],
          [
            69.2633056640625,
            31.099981793749436
          ],
          [
            69.268798828125,
            31.118794395989525
          ],
          [
            69.2742919921875,
            31.128199299111955
          ],
          [
            69.27978515625,
            31.14700630855657
          ],
          [
            69.27978515625,
            31.17990959866414
          ],
          [
            69.2852783203125,
            31.184609135743244
          ],
          [
            69.3017578125,
            31.208103321325254
          ],
          [
            69.3072509765625,
            31.21749936193814
          ],
          [
            69.312744140625,
            31.222197032103196
          ],
          [
            69.312744140625,
            31.226894468813995
          ],
          [
            69.3182373046875,
            31.245681880715523
          ],
          [
            69.3402099609375,
            31.259769987394293
          ]
        ]
      },
      "properties": {
        "name": "N-50",
        "gcop_source_layer": "highways",
        "gcop_map_layer": "highways_label"
      }
    },
    {
      "type": "Feature",
      "geometry": {
        "type": "LineString",
        "coordinates": [
          [
            69.730224609375,
            28.154346532344007
          ],
          [
            69.7247314453125,
            28.14950321154457
          ],
          [
            69.7137451171875,
            28.101057958669443
          ],
          [
            69.708251953125,
            28.07198030177986
          ],
          [
            69.708251953125,
            28.06713326012151
          ],
          [
            69.697265625,
            28.06713326012151
          ],
          [
            69.6917724609375,
            28.06713326012151
          ],
          [
            69.686279296875,
            28.06228599981219
          ],
          [
            69.6917724609375,
            28.052590823339855
          ],
          [
            69.6807861328125,
            28.052590823339855
          ],
          [
            69.67529296875,
            28.04774290722655
          ],
          [
            69.6697998046875,
            28.04774290722655
          ],
          [
            69.5709228515625,
            28.02834905750575
          ],
          [
            69.5599365234375,
            28.02834905750575
          ],
          [
            69.554443359375,
            28.02834905750575
          ],
          [
            69.54345703125,
            28.02834905750575
          ],
          [
            69.5379638671875,
            28.023500048883022
          ],
          [
            69.5050048828125,
            28.033197847676377
          ],
          [
            69.49951171875,
            28.033197847676377
          ],
          [
            69.43359375,
            28.052590823339855
          ],
          [
            69.4281005859375,
            28.04774290722655
          ],
          [
            69.4171142578125,
            28.04774290722655
          ],
          [
            69.41162109375,
            28.04774290722655
          ],
          [
            69.4061279296875,
            28.042894772561624
          ],
          [
            69.400634765625,
            28.038046419369948
          ],
          [
            69.334716796875,
            28.008951712550953
          ],
          [
            69.3292236328125,
            28.008951712550953
          ],
          [
            69.32373046875,
            28.013801376380712
          ],
          [
            69.312744140625,
            28.013801376380712
          ],
          [
            69.3072509765625,
            28.008951712550953
          ],
          [
            69.2962646484375,
            27.999251729858756
          ],
          [
            69.290771484375,
            27.989550873955807
          ],
          [
            69.290771484375,
            27.98470011861268
          ],
          [
            69.1864013671875,
            27.91676664124907
          ],
          [
            69.1754150390625,
            27.911912615111888
          ],
          [
            69.1204833984375,
            27.86821657951407
          ],
          [
            69.10400390625,
            27.86336037597853
          ],
          [
            69.0985107421875,
            27.85364731612738
          ],
          [
            69.0985107421875,
            27.843933386070518
          ],
          [
            69.0875244140625,
            27.819644755099446
          ],
          [
            69.071044921875,
            27.795350689749114
          ],
          [
            69.049072265625,
            27.756468889550774
          ],
          [
            69.027099609375,
            27.74188463250708
          ],
          [
            69.005126953125,
            27.727298422724658
          ],
          [
            68.983154296875,
            27.693256343091576
          ],
          [
            68.939208984375,
            27.683528083787763
          ],
          [
            68.9337158203125,
            27.678663629123278
          ],
          [
            68.92822265625,
            27.668934069896224
          ],
          [
            68.9227294921875,
            27.664068965384516
          ],
          [
            68.9117431640625,
            27.664068965384516
          ],
          [
            68.9007568359375,
            27.664068965384516
          ],
          [
            68.895263671875,
            27.659203644307922
          ],
          [
            68.8897705078125,
            27.664068965384516
          ],
          [
            68.8677978515625,
            27.668934069896224
          ],
          [
            68.8458251953125,
            27.659203644307922
          ]
        ]
      },
      "properties": {
        "name": "N-5",
        "gcop_source_layer": "highways",
        "gcop_map_layer": "highways_label"
      }
    },
    {
      "type": "Feature",
      "geometry": {
        "type": "LineString",
        "coordinates": [
          [
            69.3951416015625,
            25.458154856592074
          ],
          [
            69.2083740234375,
            25.492868271257123
          ],
          [
            69.1973876953125,
            25.492868271257123
          ],
          [
            69.1864013671875,
            25.492868271257123
          ],
          [
            69.1259765625,
            25.507742380531397
          ],
          [
            69.1204833984375,
            25.50278454875533
          ],
          [
            69.114990234375,
            25.507742380531397
          ],
          [
            69.06005859375,
            25.51765742999403
          ],
          [
            69.0435791015625,
            25.522614647623286
          ],
          [
            69.0380859375,
            25.51270000762051
          ],
          [
            69.027099609375,
            25.507742380531397
          ],
          [
            69.01611328125,
            25.507742380531397
          ],
          [
            69.005126953125,
            25.51270000762051
          ],
          [
            68.994140625,
            25.507742380531397
          ],
          [
            68.983154296875,
            25.51765742999403
          ],
          [
            68.983154296875,
            25.522614647623286
          ],
          [
            68.9776611328125,
            25.522614647623286
          ],
          [
            68.9666748046875,
            25.522614647623286
          ],
          [
            68.9666748046875,
            25.51765742999403
          ],
          [
            68.961181640625,
            25.51270000762051
          ],
          [
            68.9556884765625,
            25.51270000762051
          ],
          [
            68.9501953125,
            25.51270000762051
          ],
          [
            68.8677978515625,
            25.492868271257123
          ],
          [
            68.8018798828125,
            25.48295117535531
          ],
          [
            68.741455078125,
            25.47303326127951
          ],
          [
            68.7359619140625,
            25.47303326127951
          ],
          [
            68.7249755859375,
            25.477992320574813
          ],
          [
            68.7139892578125,
            25.477992320574813
          ],
          [
            68.70849609375,
            25.468073997498138
          ],
          [
            68.6920166015625,
            25.46311452925943
          ],
          [
            68.675537109375,
            25.458154856592074
          ],
          [
            68.66455078125,
            25.453194979524866
          ],
          [
            68.6590576171875,
            25.458154856592074
          ],
          [
            68.631591796875,
            25.453194979524866
          ],
          [
            68.609619140625,
            25.443274612305743
          ],
          [
            68.5821533203125,
            25.443274612305743
          ],
          [
            68.57666015625,
            25.443274612305743
          ],
          [
            68.5272216796875,
            25.42343142633422
          ],
          [
            68.521728515625,
            25.42343142633422
          ],
          [
            68.455810546875,
            25.408546892670557
          ],
          [
            68.40087890625,
            25.393660521998015
          ]
        ]
      },
      "properties": {
        "name": "N-120",
        "gcop_source_layer": "highways",
        "gcop_map_layer": "highways_label"
      }
    },
    {
      "type": "Feature",
      "geometry": {
        "type": "LineString",
        "coordinates": [
          [
            67.9229736328125,
            24.751819904924858
          ],
          [
            67.96142578125,
            24.796708348945742
          ],
          [
            68.0218505859375,
            24.85653433931067
          ],
          [
            68.02734375,
            24.861518533567946
          ],
          [
            68.038330078125,
            24.87148631935797
          ],
          [
            68.04931640625,
            24.87646991083153
          ],
          [
            68.0548095703125,
            24.88145330131796
          ],
          [
            68.060302734375,
            24.891419479211137
          ],
          [
            68.060302734375,
            24.896402266558724
          ],
          [
            68.0712890625,
            24.90138485280086
          ],
          [
            68.0767822265625,
            24.911349421850602
          ],
          [
            68.0767822265625,
            24.91633140459909
          ],
          [
            68.0877685546875,
            24.91633140459909
          ],
          [
            68.09326171875,
            24.921313186123925
          ],
          [
            68.104248046875,
            24.9262947663956
          ],
          [
            68.104248046875,
            24.931276145384558
          ],
          [
            68.1207275390625,
            24.961160190729046
          ],
          [
            68.1317138671875,
            24.98107885823501
          ],
          [
            68.13720703125,
            24.986058021167594
          ],
          [
            68.148193359375,
            24.996015742094002
          ],
          [
            68.1536865234375,
            24.996015742094002
          ],
          [
            68.1591796875,
            24.996015742094002
          ],
          [
            68.1646728515625,
            25.000994300028964
          ],
          [
            68.170166015625,
            25.005972656239194
          ],
          [
            68.1866455078125,
            25.015928763367853
          ],
          [
            68.192138671875,
            25.015928763367853
          ],
          [
            68.192138671875,
            25.02090651422749
          ],
          [
            68.214111328125,
            25.02588406324483
          ],
          [
            68.2196044921875,
            25.03583855563501
          ],
          [
            68.2415771484375,
            25.040815498949115
          ],
          [
            68.2470703125,
            25.05076877966863
          ],
          [
            68.2470703125,
            25.05574511701532
          ],
          [
            68.2415771484375,
            25.065697185535882
          ],
          [
            68.236083984375,
            25.065697185535882
          ],
          [
            68.2305908203125,
            25.070672916651077
          ],
          [
            68.236083984375,
            25.090573819461
          ],
          [
            68.2305908203125,
            25.095548539604252
          ],
          [
            68.22509765625,
            25.110471486223346
          ],
          [
            68.22509765625,
            25.125392611512027
          ],
          [
            68.2415771484375,
            25.170145051503127
          ],
          [
            68.2415771484375,
            25.175116531621768
          ],
          [
            68.2415771484375,
            25.190029755362644
          ],
          [
            68.236083984375,
            25.204941153569123
          ],
          [
            68.236083984375,
            25.224820176765036
          ],
          [
            68.22509765625,
            25.249664387120887
          ],
          [
            68.203125,
            25.294371162588163
          ],
          [
            68.203125,
            25.304303764403613
          ],
          [
            68.203125,
            25.309269760067778
          ],
          [
            68.214111328125,
            25.314235552197573
          ],
          [
            68.2305908203125,
            25.31920114076412
          ],
          [
            68.2415771484375,
            25.329131707091477
          ],
          [
            68.2415771484375,
            25.33409668479446
          ],
          [
            68.2635498046875,
            25.3489903957134
          ],
          [
            68.2855224609375,
            25.35891851754525
          ]
        ]
      },
      "properties": {
        "name": "N-5",
        "gcop_source_layer": "highways",
        "gcop_map_layer": "highways_label"
      }
    },
    {
      "type": "Feature",
      "geometry": {
        "type": "LineString",
        "coordinates": [
          [
            67.7691650390625,
            26.465655637838367
          ],
          [
            67.7801513671875,
            26.455820238459893
          ],
          [
            67.8076171875,
            26.455820238459893
          ],
          [
            67.8131103515625,
            26.445983998856377
          ],
          [
            67.8515625,
            26.431228064506442
          ],
          [
            67.8570556640625,
            26.421389725295015
          ],
          [
            67.862548828125,
            26.41647024087777
          ],
          [
            67.862548828125,
            26.39679020510266
          ],
          [
            67.8680419921875,
            26.386948928734128
          ],
          [
            67.87353515625,
            26.372185441695592
          ],
          [
            67.87353515625,
            26.342652809380596
          ],
          [
            67.87353515625,
            26.33772997083919
          ],
          [
            67.87353515625,
            26.32788366558414
          ],
          [
            67.8790283203125,
            26.32788366558414
          ],
          [
            67.884521484375,
            26.32788366558414
          ],
          [
            67.884521484375,
            26.322960198925372
          ],
          [
            67.8900146484375,
            26.322960198925372
          ],
          [
            67.8900146484375,
            26.313112637682664
          ],
          [
            67.8955078125,
            26.298339726417737
          ],
          [
            67.8955078125,
            26.293415004265768
          ],
          [
            67.8955078125,
            26.283564932531377
          ],
          [
            67.906494140625,
            26.268788256766285
          ],
          [
            67.906494140625,
            26.2638622801111
          ],
          [
            67.9010009765625,
            26.25893609446841
          ],
          [
            67.906494140625,
            26.249083096330665
          ],
          [
            67.906494140625,
            26.224446945634313
          ],
          [
            67.906494140625,
            26.21951908908396
          ],
          [
            67.950439453125,
            26.1899475672235
          ],
          [
            67.9559326171875,
            26.1899475672235
          ],
          [
            67.96142578125,
            26.194876675795214
          ],
          [
            67.972412109375,
            26.199805575765808
          ],
          [
            67.9833984375,
            26.1899475672235
          ],
          [
            67.9888916015625,
            26.180088724387304
          ],
          [
            67.9998779296875,
            26.175158990178133
          ],
          [
            68.00537109375,
            26.175158990178133
          ],
          [
            68.016357421875,
            26.170229047478472
          ],
          [
            68.02734375,
            26.155437968713542
          ],
          [
            68.0877685546875,
            26.091321632191125
          ],
          [
            68.115234375,
            26.041977447970154
          ],
          [
            68.1207275390625,
            26.027170140497375
          ],
          [
            68.18115234375,
            25.98767485238497
          ],
          [
            68.192138671875,
            25.95310558454753
          ],
          [
            68.2086181640625,
            25.928407032694125
          ],
          [
            68.258056640625,
            25.86416657624642
          ],
          [
            68.258056640625,
            25.854280326572407
          ],
          [
            68.2745361328125,
            25.824616618232156
          ],
          [
            68.280029296875,
            25.79989118208833
          ],
          [
            68.2855224609375,
            25.770213848960267
          ],
          [
            68.2855224609375,
            25.76031975471389
          ],
          [
            68.291015625,
            25.755372398367243
          ],
          [
            68.291015625,
            25.74052909277323
          ],
          [
            68.291015625,
            25.735580912151534
          ],
          [
            68.291015625,
            25.72073513441211
          ],
          [
            68.2965087890625,
            25.715786129968635
          ],
          [
            68.2965087890625,
            25.68608778072486
          ],
          [
            68.2965087890625,
            25.681137335685307
          ],
          [
            68.2965087890625,
            25.661333498952686
          ],
          [
            68.302001953125,
            25.656382025768067
          ],
          [
            68.302001953125,
            25.61676284310856
          ],
          [
            68.31298828125,
            25.57217555668211
          ],
          [
            68.31298828125,
            25.567220388070027
          ],
          [
            68.291015625,
            25.542441470124828
          ],
          [
            68.2745361328125,
            25.522614647623286
          ],
          [
            68.2745361328125,
            25.492868271257123
          ],
          [
            68.2745361328125,
            25.477992320574813
          ],
          [
            68.26904296875,
            25.47303326127951
          ],
          [
            68.2745361328125,
            25.46311452925943
          ],
          [
            68.2745361328125,
            25.453194979524866
          ],
          [
            68.2745361328125,
            25.448234898086497
          ],
          [
            68.2745361328125,
            25.43335342783216
          ],
          [
            68.280029296875,
            25.43335342783216
          ],
          [
            68.280029296875,
            25.42343142633422
          ],
          [
            68.280029296875,
            25.418470119273124
          ],
          [
            68.2745361328125,
            25.413508608042292
          ],
          [
            68.26904296875,
            25.408546892670557
          ],
          [
            68.26904296875,
            25.403584973186696
          ],
          [
            68.2745361328125,
            25.403584973186696
          ],
          [
            68.2745361328125,
            25.393660521998015
          ],
          [
            68.2745361328125,
            25.38869799035082
          ],
          [
            68.280029296875,
            25.383735254706863
          ],
          [
            68.2855224609375,
            25.373809171543982
          ],
          [
            68.2855224609375,
            25.35891851754525
          ]
        ]
      },
      "properties": {
        "name": "N-55",
        "gcop_source_layer": "highways",
        "gcop_map_layer": "highways_label"
      }
    },
    {
      "type": "Feature",
      "geometry": {
        "type": "LineString",
        "coordinates": [
          [
            68.31298828125,
            27.805068967813085
          ],
          [
            68.302001953125,
            27.80020993741826
          ],
          [
            68.2965087890625,
            27.795350689749114
          ],
          [
            68.291015625,
            27.785631542688833
          ],
          [
            68.2855224609375,
            27.73216070958091
          ],
          [
            68.2470703125,
            27.649472352561872
          ],
          [
            68.2305908203125,
            27.610538528074827
          ],
          [
            68.2305908203125,
            27.605670826465442
          ],
          [
            68.22509765625,
            27.605670826465442
          ],
          [
            68.2086181640625,
            27.605670826465442
          ],
          [
            68.203125,
            27.600802908597018
          ],
          [
            68.170166015625,
            27.586197857692667
          ],
          [
            68.1646728515625,
            27.581329075043357
          ],
          [
            68.1591796875,
            27.566721430409714
          ],
          [
            68.1536865234375,
            27.561851783388505
          ],
          [
            68.148193359375,
            27.561851783388505
          ],
          [
            68.1427001953125,
            27.561851783388505
          ],
          [
            68.126220703125,
            27.556981920338316
          ],
          [
            68.082275390625,
            27.542371035269653
          ],
          [
            68.04931640625,
            27.51801524196567
          ],
          [
            68.0438232421875,
            27.513143435807194
          ],
          [
            68.038330078125,
            27.513143435807194
          ],
          [
            68.0218505859375,
            27.508271413876017
          ],
          [
            68.016357421875,
            27.503399176197846
          ],
          [
            68.0108642578125,
            27.503399176197846
          ],
          [
            67.9998779296875,
            27.508271413876017
          ],
          [
            67.994384765625,
            27.508271413876017
          ],
          [
            67.972412109375,
            27.493654053703125
          ],
          [
            67.96142578125,
            27.493654053703125
          ],
          [
            67.91748046875,
            27.391278222579274
          ],
          [
            67.91748046875,
            27.386400814693573
          ],
          [
            67.9229736328125,
            27.386400814693573
          ],
          [
            67.9229736328125,
            27.381523191705057
          ],
          [
            67.91748046875,
            27.37664535363959
          ],
          [
            67.91748046875,
            27.371767300523047
          ],
          [
            67.9010009765625,
            27.244862521497282
          ],
          [
            67.8350830078125,
            27.186242185608734
          ],
          [
            67.8240966796875,
            27.191128391422254
          ],
          [
            67.8131103515625,
            27.186242185608734
          ],
          [
            67.8076171875,
            27.171582284054892
          ],
          [
            67.7911376953125,
            27.1618079465197
          ],
          [
            67.763671875,
            27.137368359795587
          ],
          [
            67.730712890625,
            27.088473156555892
          ],
          [
            67.7197265625,
            27.039556602163188
          ],
          [
            67.7032470703125,
            27.019984007982572
          ],
          [
            67.708740234375,
            27.019984007982572
          ],
          [
            67.7032470703125,
            27.015090326515107
          ],
          [
            67.686767578125,
            26.99551346974843
          ],
          [
            67.6812744140625,
            26.975933204816087
          ],
          [
            67.686767578125,
            26.971037606255564
          ],
          [
            67.6922607421875,
            26.951453083498265
          ],
          [
            67.69775390625,
            26.946556420812627
          ],
          [
            67.69775390625,
            26.93186515638891
          ],
          [
            67.69775390625,
            26.912273826625594
          ],
          [
            67.708740234375,
            26.892679095908136
          ],
          [
            67.730712890625,
            26.838776064165856
          ],
          [
            67.763671875,
            26.819168595042527
          ],
          [
            67.7691650390625,
            26.814266197561466
          ],
          [
            67.7691650390625,
            26.789751030291114
          ],
          [
            67.774658203125,
            26.77503938699961
          ],
          [
            67.7691650390625,
            26.770135082241453
          ],
          [
            67.752685546875,
            26.74070480712784
          ],
          [
            67.752685546875,
            26.72108039086173
          ],
          [
            67.752685546875,
            26.716173757934087
          ],
          [
            67.7471923828125,
            26.696545111585152
          ],
          [
            67.74169921875,
            26.681821407205973
          ],
          [
            67.74169921875,
            26.66218684325854
          ],
          [
            67.7362060546875,
            26.627818226393046
          ],
          [
            67.7362060546875,
            26.62290757974432
          ],
          [
            67.7252197265625,
            26.573789513879802
          ],
          [
            67.7252197265625,
            26.563963371340193
          ],
          [
            67.7142333984375,
            26.563963371340193
          ],
          [
            67.7142333984375,
            26.554136386183785
          ],
          [
            67.7197265625,
            26.549222577692035
          ],
          [
            67.7252197265625,
            26.480407161007278
          ],
          [
            67.7252197265625,
            26.475490196773805
          ],
          [
            67.730712890625,
            26.475490196773805
          ],
          [
            67.763671875,
            26.465655637838367
          ],
          [
            67.7691650390625,
            26.465655637838367
          ]
        ]
      },
      "properties": {
        "name": "N-55",
        "gcop_source_layer": "highways",
        "gcop_map_layer": "highways_label"
      }
    },
    {
      "type": "Feature",
      "geometry": {
        "type": "LineString",
        "coordinates": [
          [
            69.5819091796875,
            28.434883464940086
          ],
          [
            69.5709228515625,
            28.430052892335723
          ],
          [
            69.554443359375,
            28.434883464940086
          ],
          [
            69.5379638671875,
            28.434883464940086
          ],
          [
            69.5050048828125,
            28.425222099239036
          ],
          [
            69.466552734375,
            28.425222099239036
          ],
          [
            69.422607421875,
            28.405896722414823
          ],
          [
            69.4171142578125,
            28.401064827220893
          ],
          [
            69.41162109375,
            28.401064827220893
          ],
          [
            69.3896484375,
            28.37206882963163
          ],
          [
            69.378662109375,
            28.357567857801698
          ],
          [
            69.378662109375,
            28.35273376023781
          ],
          [
            69.3621826171875,
            28.343064904825482
          ],
          [
            69.3182373046875,
            28.304380682962787
          ],
          [
            69.2578125,
            28.275358281817105
          ],
          [
            69.202880859375,
            28.251166905231486
          ],
          [
            69.1973876953125,
            28.241488817301672
          ],
          [
            69.180908203125,
            28.22697003891834
          ],
          [
            69.1644287109375,
            28.22697003891834
          ],
          [
            69.1534423828125,
            28.207608595327372
          ],
          [
            69.093017578125,
            28.144659671673153
          ],
          [
            69.0435791015625,
            28.130127737874005
          ],
          [
            69.027099609375,
            28.120438687101057
          ],
          [
            68.983154296875,
            28.101057958669443
          ],
          [
            68.961181640625,
            28.086520114600717
          ],
          [
            68.9556884765625,
            28.081673729044283
          ],
          [
            68.9117431640625,
            28.06228599981219
          ],
          [
            68.8568115234375,
            28.042894772561624
          ],
          [
            68.818359375,
            28.02834905750575
          ],
          [
            68.8128662109375,
            28.023500048883022
          ],
          [
            68.741455078125,
            28.004101830368654
          ],
          [
            68.73046875,
            28.008951712550953
          ],
          [
            68.7249755859375,
            28.008951712550953
          ],
          [
            68.719482421875,
            27.999251729858756
          ],
          [
            68.6590576171875,
            27.965294915211132
          ],
          [
            68.653564453125,
            27.97014654331592
          ],
          [
            68.6480712890625,
            27.97014654331592
          ],
          [
            68.6370849609375,
            27.97014654331592
          ],
          [
            68.631591796875,
            27.97014654331592
          ],
          [
            68.6260986328125,
            27.960443068978336
          ],
          [
            68.62060546875,
            27.955591004642557
          ],
          [
            68.6151123046875,
            27.950738722228763
          ],
          [
            68.609619140625,
            27.94588622176194
          ],
          [
            68.6041259765625,
            27.94588622176194
          ],
          [
            68.587646484375,
            27.941033503267164
          ],
          [
            68.5821533203125,
            27.941033503267164
          ],
          [
            68.57666015625,
            27.936180566769394
          ],
          [
            68.565673828125,
            27.93132741229364
          ],
          [
            68.5601806640625,
            27.93132741229364
          ],
          [
            68.5491943359375,
            27.926474039865013
          ],
          [
            68.5382080078125,
            27.926474039865013
          ],
          [
            68.521728515625,
            27.91676664124907
          ],
          [
            68.5162353515625,
            27.911912615111888
          ],
          [
            68.5162353515625,
            27.90705837112199
          ],
          [
            68.5162353515625,
            27.902203909304404
          ],
          [
            68.5107421875,
            27.902203909304404
          ],
          [
            68.5052490234375,
            27.902203909304404
          ],
          [
            68.4942626953125,
            27.892494332286603
          ],
          [
            68.4722900390625,
            27.873072565422788
          ],
          [
            68.44482421875,
            27.858503954841254
          ],
          [
            68.4393310546875,
            27.85364731612738
          ],
          [
            68.433837890625,
            27.843933386070518
          ],
          [
            68.4228515625,
            27.8342185860092
          ],
          [
            68.4063720703125,
            27.805068967813085
          ],
          [
            68.4063720703125,
            27.80020993741826
          ],
          [
            68.40087890625,
            27.80020993741826
          ],
          [
            68.3953857421875,
            27.80020993741826
          ],
          [
            68.3404541015625,
            27.805068967813085
          ],
          [
            68.31298828125,
            27.805068967813085
          ]
        ]
      },
      "properties": {
        "name": "N-55",
        "gcop_source_layer": "highways",
        "gcop_map_layer": "highways_label"
      }
    },
    {
      "type": "Feature",
      "geometry": {
        "type": "LineString",
        "coordinates": [
          [
            70.6585693359375,
            30.016787209111044
          ],
          [
            70.653076171875,
            30.012030680358606
          ],
          [
            70.6475830078125,
            30.007273923504556
          ],
          [
            70.6585693359375,
            29.916852233070173
          ],
          [
            70.6585693359375,
            29.90256760730233
          ],
          [
            70.6640625,
            29.89780561015587
          ],
          [
            70.653076171875,
            29.888280933159265
          ],
          [
            70.6475830078125,
            29.883518253353174
          ],
          [
            70.64208984375,
            29.87399221123566
          ],
          [
            70.631103515625,
            29.84540862642845
          ],
          [
            70.631103515625,
            29.81681685764994
          ],
          [
            70.609130859375,
            29.783449456820605
          ],
          [
            70.609130859375,
            29.70713934813415
          ],
          [
            70.59814453125,
            29.65941605491237
          ],
          [
            70.5706787109375,
            29.59734192056736
          ],
          [
            70.5157470703125,
            29.501768632523266
          ],
          [
            70.51025390625,
            29.473079031558157
          ],
          [
            70.48828125,
            29.40131951004149
          ],
          [
            70.4608154296875,
            29.329509308364706
          ],
          [
            70.455322265625,
            29.30077105450428
          ],
          [
            70.4498291015625,
            29.291189838184863
          ],
          [
            70.4498291015625,
            29.28639889293477
          ],
          [
            70.4278564453125,
            29.257648503615542
          ],
          [
            70.4058837890625,
            29.228890030194222
          ],
          [
            70.389404296875,
            29.180941290001783
          ],
          [
            70.33447265625,
            29.118574414910867
          ],
          [
            70.33447265625,
            29.104176683949987
          ],
          [
            70.33447265625,
            29.09457707751183
          ],
          [
            70.323486328125,
            29.08977693862319
          ],
          [
            70.323486328125,
            29.08497657598592
          ],
          [
            70.3289794921875,
            29.041763247401377
          ],
          [
            70.3289794921875,
            29.01774801849605
          ],
          [
            70.323486328125,
            28.97931203672246
          ],
          [
            70.3179931640625,
            28.969700808694157
          ],
          [
            70.3125,
            28.964894859921145
          ],
          [
            70.3125,
            28.9552822929746
          ],
          [
            70.29052734375,
            28.940861769405572
          ],
          [
            70.24658203125,
            28.93605448213667
          ],
          [
            70.20263671875,
            28.907206076336706
          ],
          [
            70.1861572265625,
            28.897588157944497
          ],
          [
            70.103759765625,
            28.84467368077179
          ],
          [
            70.0872802734375,
            28.835049972635147
          ],
          [
            70.0103759765625,
            28.796546241769192
          ],
          [
            69.9609375,
            28.76284380526603
          ],
          [
            69.8345947265625,
            28.671310915880838
          ],
          [
            69.7906494140625,
            28.637568089327843
          ],
          [
            69.7906494140625,
            28.632746799225885
          ],
          [
            69.796142578125,
            28.62310355452989
          ],
          [
            69.7906494140625,
            28.61828159998386
          ],
          [
            69.78515625,
            28.613459424004418
          ],
          [
            69.7796630859375,
            28.60863702661557
          ],
          [
            69.774169921875,
            28.603814407841327
          ],
          [
            69.7467041015625,
            28.54592572323348
          ],
          [
            69.7027587890625,
            28.512142619873373
          ],
          [
            69.664306640625,
            28.478348692223165
          ],
          [
            69.609375,
            28.44937385955666
          ],
          [
            69.6038818359375,
            28.444543948574818
          ],
          [
            69.598388671875,
            28.444543948574818
          ],
          [
            69.5928955078125,
            28.43971381702788
          ],
          [
            69.5819091796875,
            28.434883464940086
          ]
        ]
      },
      "properties": {
        "name": "N-55",
        "gcop_source_layer": "highways",
        "gcop_map_layer": "highways_label"
      }
    },
    {
      "type": "Feature",
      "geometry": {
        "type": "LineString",
        "coordinates": [
          [
            70.872802734375,
            31.919530172476954
          ],
          [
            70.872802734375,
            31.914867503276227
          ],
          [
            70.8563232421875,
            31.88688652578081
          ],
          [
            70.8453369140625,
            31.872892847840674
          ],
          [
            70.83984375,
            31.830899063394384
          ],
          [
            70.8453369140625,
            31.821564514920738
          ],
          [
            70.8563232421875,
            31.80289258670676
          ],
          [
            70.86181640625,
            31.788886163788447
          ],
          [
            70.872802734375,
            31.78421688448738
          ],
          [
            70.8013916015625,
            31.690781806136826
          ],
          [
            70.784912109375,
            31.653381399664
          ],
          [
            70.784912109375,
            31.64870528997686
          ],
          [
            70.7794189453125,
            31.634675549541356
          ],
          [
            70.7684326171875,
            31.569175449070897
          ],
          [
            70.751953125,
            31.512995857454683
          ],
          [
            70.7464599609375,
            31.489577718501934
          ],
          [
            70.72998046875,
            31.438037173124457
          ],
          [
            70.7135009765625,
            31.395846541938496
          ]
        ]
      },
      "properties": {
        "name": "N-55",
        "gcop_source_layer": "highways",
        "gcop_map_layer": "highways_label"
      }
    },
    {
      "type": "Feature",
      "geometry": {
        "type": "LineString",
        "coordinates": [
          [
            70.7794189453125,
            32.75494243654724
          ],
          [
            70.7794189453125,
            32.69024303549226
          ],
          [
            70.7684326171875,
            32.67174887226338
          ],
          [
            70.77392578125,
            32.657875736955276
          ],
          [
            70.7574462890625,
            32.56996256045001
          ],
          [
            70.751953125,
            32.56533316084101
          ],
          [
            70.751953125,
            32.55144352864431
          ],
          [
            70.7464599609375,
            32.54218257955074
          ],
          [
            70.7464599609375,
            32.53292067518785
          ],
          [
            70.7464599609375,
            32.52365781569914
          ],
          [
            70.7464599609375,
            32.51902602782752
          ],
          [
            70.7464599609375,
            32.500496489244824
          ],
          [
            70.7464599609375,
            32.49586350791503
          ],
          [
            70.740966796875,
            32.49123028794759
          ],
          [
            70.740966796875,
            32.486596829360494
          ],
          [
            70.7464599609375,
            32.4726950220615
          ],
          [
            70.751953125,
            32.45415593941475
          ],
          [
            70.751953125,
            32.43097672054704
          ],
          [
            70.7464599609375,
            32.38460040620993
          ],
          [
            70.740966796875,
            32.36604320976022
          ],
          [
            70.740966796875,
            32.36140331527544
          ],
          [
            70.740966796875,
            32.35676318267811
          ],
          [
            70.7354736328125,
            32.35212281198645
          ],
          [
            70.7354736328125,
            32.347482203218675
          ],
          [
            70.740966796875,
            32.338200271527754
          ],
          [
            70.7464599609375,
            32.333558948641084
          ],
          [
            70.740966796875,
            32.32891738775126
          ],
          [
            70.740966796875,
            32.324275588876546
          ],
          [
            70.7464599609375,
            32.314991277245554
          ],
          [
            70.740966796875,
            32.31034876452581
          ],
          [
            70.7354736328125,
            32.30570601389428
          ],
          [
            70.7244873046875,
            32.29641979896908
          ],
          [
            70.718994140625,
            32.27784451498272
          ],
          [
            70.7244873046875,
            32.27320009948134
          ],
          [
            70.7244873046875,
            32.263910555201306
          ],
          [
            70.72998046875,
            32.263910555201306
          ],
          [
            70.7354736328125,
            32.25462006000723
          ],
          [
            70.740966796875,
            32.245328614046
          ],
          [
            70.7574462890625,
            32.18955998041358
          ],
          [
            70.7904052734375,
            32.10584293285768
          ],
          [
            70.7904052734375,
            32.09653629470277
          ],
          [
            70.8123779296875,
            32.054644690549324
          ],
          [
            70.83984375,
            31.980123357368015
          ],
          [
            70.8453369140625,
            31.96148355726855
          ],
          [
            70.872802734375,
            31.919530172476954
          ]
        ]
      },
      "properties": {
        "name": "N-55",
        "gcop_source_layer": "highways",
        "gcop_map_layer": "highways_label"
      }
    },
    {
      "type": "Feature",
      "geometry": {
        "type": "LineString",
        "coordinates": [
          [
            71.56494140625,
            33.979808728724564
          ],
          [
            71.5704345703125,
            33.98436372829188
          ],
          [
            71.56494140625,
            33.98436372829188
          ],
          [
            71.56494140625,
            33.97525348507591
          ],
          [
            71.56494140625,
            33.970697997361626
          ],
          [
            71.5594482421875,
            33.96614226559744
          ],
          [
            71.553955078125,
            33.9479168983564
          ],
          [
            71.553955078125,
            33.93880275084578
          ],
          [
            71.5594482421875,
            33.89777701385947
          ],
          [
            71.5594482421875,
            33.87953701355924
          ],
          [
            71.56494140625,
            33.865854454071865
          ],
          [
            71.56494140625,
            33.86129311351553
          ],
          [
            71.56494140625,
            33.829356907739324
          ],
          [
            71.5594482421875,
            33.82023008524739
          ],
          [
            71.5594482421875,
            33.815666308702774
          ],
          [
            71.553955078125,
            33.81110228864701
          ],
          [
            71.5484619140625,
            33.79740876757249
          ],
          [
            71.5484619140625,
            33.788278536259966
          ],
          [
            71.5484619140625,
            33.78371305547283
          ],
          [
            71.5374755859375,
            33.77001515278013
          ],
          [
            71.5264892578125,
            33.75174787568194
          ],
          [
            71.5155029296875,
            33.73804486328906
          ],
          [
            71.4990234375,
            33.72890830547334
          ],
          [
            71.4935302734375,
            33.72433966174761
          ],
          [
            71.4935302734375,
            33.7197707748314
          ],
          [
            71.4935302734375,
            33.715201644740844
          ],
          [
            71.4935302734375,
            33.70149279558437
          ],
          [
            71.4990234375,
            33.69235234723729
          ],
          [
            71.5045166015625,
            33.68778175843937
          ],
          [
            71.510009765625,
            33.68321092658006
          ],
          [
            71.52099609375,
            33.678639851675555
          ],
          [
            71.5264892578125,
            33.68321092658006
          ],
          [
            71.531982421875,
            33.68321092658006
          ],
          [
            71.531982421875,
            33.678639851675555
          ],
          [
            71.5374755859375,
            33.678639851675555
          ],
          [
            71.54296875,
            33.67406853374199
          ],
          [
            71.5374755859375,
            33.66492516885242
          ],
          [
            71.5374755859375,
            33.66035312192882
          ],
          [
            71.54296875,
            33.66035312192882
          ],
          [
            71.54296875,
            33.655780832040946
          ],
          [
            71.5374755859375,
            33.646635523437155
          ],
          [
            71.5374755859375,
            33.6283419913718
          ],
          [
            71.5374755859375,
            33.62376800118811
          ],
          [
            71.54296875,
            33.61919376817005
          ],
          [
            71.5484619140625,
            33.614619292333785
          ],
          [
            71.54296875,
            33.610044573695646
          ],
          [
            71.5264892578125,
            33.6008944080788
          ],
          [
            71.5264892578125,
            33.596318961132695
          ],
          [
            71.5264892578125,
            33.58716733904656
          ],
          [
            71.52099609375,
            33.568861182555565
          ],
          [
            71.5264892578125,
            33.5459730276919
          ],
          [
            71.52099609375,
            33.53681606773303
          ],
          [
            71.5155029296875,
            33.532237223959086
          ],
          [
            71.5155029296875,
            33.527658137677335
          ],
          [
            71.5155029296875,
            33.5230788089042
          ],
          [
            71.4990234375,
            33.5184992376561
          ],
          [
            71.488037109375,
            33.5230788089042
          ],
          [
            71.466064453125,
            33.5184992376561
          ],
          [
            71.4605712890625,
            33.5230788089042
          ],
          [
            71.4495849609375,
            33.5230788089042
          ],
          [
            71.444091796875,
            33.5184992376561
          ],
          [
            71.4056396484375,
            33.47269019266666
          ],
          [
            71.3726806640625,
            33.46352547561378
          ],
          [
            71.3671875,
            33.454359789517014
          ],
          [
            71.3616943359375,
            33.44519313450846
          ],
          [
            71.356201171875,
            33.44060944370355
          ],
          [
            71.356201171875,
            33.431441335575286
          ],
          [
            71.3507080078125,
            33.422272258866045
          ],
          [
            71.334228515625,
            33.38099943104024
          ],
          [
            71.334228515625,
            33.37641235124677
          ],
          [
            71.3232421875,
            33.367237465838315
          ],
          [
            71.3177490234375,
            33.362649660256636
          ],
          [
            71.3177490234375,
            33.35347332342168
          ]
        ]
      },
      "properties": {
        "name": "N-55",
        "gcop_source_layer": "highways",
        "gcop_map_layer": "highways_label"
      }
    },
    {
      "type": "Feature",
      "geometry": {
        "type": "LineString",
        "coordinates": [
          [
            68.2196044921875,
            27.561851783388505
          ],
          [
            68.2415771484375,
            27.591066424185087
          ],
          [
            68.2635498046875,
            27.610538528074827
          ],
          [
            68.280029296875,
            27.615406013399593
          ],
          [
            68.291015625,
            27.630007171411222
          ],
          [
            68.2965087890625,
            27.634873791342528
          ],
          [
            68.3624267578125,
            27.664068965384516
          ],
          [
            68.35693359375,
            27.673798957817638
          ],
          [
            68.3514404296875,
            27.683528083787763
          ]
        ]
      },
      "properties": {
        "name": "N-105",
        "gcop_source_layer": "highways",
        "gcop_map_layer": "highways_label"
      }
    },
    {
      "type": "Feature",
      "geometry": {
        "type": "LineString",
        "coordinates": [
          [
            66.884765625,
            29.97397024051662
          ],
          [
            66.884765625,
            29.969211659636656
          ],
          [
            66.884765625,
            29.940655389125
          ],
          [
            66.884765625,
            29.93113480986868
          ],
          [
            66.8682861328125,
            29.89780561015587
          ],
          [
            66.8682861328125,
            29.89304338543417
          ],
          [
            66.8572998046875,
            29.888280933159265
          ],
          [
            66.8572998046875,
            29.883518253353174
          ],
          [
            66.8463134765625,
            29.859701442126763
          ],
          [
            66.8463134765625,
            29.8549373975967
          ],
          [
            66.8463134765625,
            29.821582720575023
          ],
          [
            66.8463134765625,
            29.81681685764994
          ],
          [
            66.8353271484375,
            29.807284450222497
          ],
          [
            66.8243408203125,
            29.788216909678965
          ],
          [
            66.829833984375,
            29.773913869992242
          ],
          [
            66.829833984375,
            29.76437737516312
          ],
          [
            66.829833984375,
            29.754839972510936
          ],
          [
            66.81884765625,
            29.73576244444908
          ],
          [
            66.807861328125,
            29.71668128723107
          ],
          [
            66.8023681640625,
            29.702368038541763
          ],
          [
            66.7913818359375,
            29.67850809103362
          ],
          [
            66.7474365234375,
            29.616445727622548
          ],
          [
            66.7254638671875,
            29.568679425235132
          ],
          [
            66.7144775390625,
            29.540008792525455
          ],
          [
            66.708984375,
            29.52567042617582
          ],
          [
            66.7034912109375,
            29.51611038606228
          ],
          [
            66.697998046875,
            29.511330027309143
          ],
          [
            66.68701171875,
            29.48742484748479
          ],
          [
            66.676025390625,
            29.468296641713223
          ],
          [
            66.6650390625,
            29.4395975666029
          ],
          [
            66.6485595703125,
            29.41567547121788
          ],
          [
            66.6375732421875,
            29.3678143847754
          ],
          [
            66.6375732421875,
            29.358239465729355
          ],
          [
            66.64306640625,
            29.329509308364706
          ],
          [
            66.64306640625,
            29.324720161511024
          ],
          [
            66.6485595703125,
            29.315141193187273
          ],
          [
            66.654052734375,
            29.31035137176302
          ],
          [
            66.6485595703125,
            29.305561325527705
          ],
          [
            66.6485595703125,
            29.276816328368568
          ],
          [
            66.64306640625,
            29.26723286520088
          ],
          [
            66.6375732421875,
            29.257648503615542
          ],
          [
            66.632080078125,
            29.24806324379658
          ],
          [
            66.632080078125,
            29.238477085928054
          ],
          [
            66.6156005859375,
            29.171348850951503
          ],
          [
            66.6156005859375,
            29.166552295200148
          ],
          [
            66.59912109375,
            29.113775395114388
          ],
          [
            66.5936279296875,
            29.104176683949987
          ],
          [
            66.588134765625,
            29.08977693862319
          ],
          [
            66.588134765625,
            29.06097140738389
          ],
          [
            66.5826416015625,
            29.03215782622283
          ],
          [
            66.5771484375,
            29.027354780418392
          ],
          [
            66.5496826171875,
            29.003336200179348
          ],
          [
            66.533203125,
            28.98892237190414
          ],
          [
            66.5277099609375,
            28.98411731593083
          ],
          [
            66.522216796875,
            28.97931203672246
          ],
          [
            66.5167236328125,
            28.969700808694157
          ],
          [
            66.51123046875,
            28.9552822929746
          ],
          [
            66.4947509765625,
            28.921631282421288
          ],
          [
            66.4727783203125,
            28.859107573773002
          ],
          [
            66.4068603515625,
            28.796546241769192
          ],
          [
            66.37939453125,
            28.772474183943032
          ],
          [
            66.3299560546875,
            28.700224692776985
          ],
          [
            66.3189697265625,
            28.661671216419506
          ],
          [
            66.2860107421875,
            28.49283312896509
          ]
        ]
      },
      "properties": {
        "name": "N-25",
        "gcop_source_layer": "highways",
        "gcop_map_layer": "highways_label"
      }
    },
    {
      "type": "Feature",
      "geometry": {
        "type": "LineString",
        "coordinates": [
          [
            62.6220703125,
            25.755372398367243
          ],
          [
            62.6275634765625,
            25.765266904920963
          ],
          [
            62.73193359375,
            25.869109390999313
          ],
          [
            62.742919921875,
            25.88393659458397
          ],
          [
            62.75390625,
            25.893820362797484
          ],
          [
            62.764892578125,
            25.908644463291267
          ],
          [
            62.830810546875,
            25.93828707492375
          ],
          [
            62.852783203125,
            25.948166288539724
          ],
          [
            62.8582763671875,
            25.948166288539724
          ],
          [
            62.8582763671875,
            25.95310558454753
          ],
          [
            62.874755859375,
            25.967922229034045
          ],
          [
            62.8802490234375,
            25.967922229034045
          ],
          [
            62.896728515625,
            25.97286069592394
          ],
          [
            62.9132080078125,
            25.97286069592394
          ],
          [
            62.9296875,
            25.97779895546435
          ],
          [
            62.9296875,
            25.982737007627378
          ],
          [
            62.9351806640625,
            25.98767485238497
          ],
          [
            62.9351806640625,
            26.012360964113498
          ],
          [
            62.9296875,
            26.022233955988995
          ],
          [
            62.9351806640625,
            26.032106117348945
          ]
        ]
      },
      "properties": {
        "name": "M-8",
        "gcop_source_layer": "highways",
        "gcop_map_layer": "highways_label"
      }
    },
    {
      "type": "Feature",
      "geometry": {
        "type": "LineString",
        "coordinates": [
          [
            66.610107421875,
            27.790491224830873
          ],
          [
            66.6046142578125,
            27.785631542688833
          ],
          [
            66.5936279296875,
            27.790491224830873
          ],
          [
            66.5826416015625,
            27.785631542688833
          ],
          [
            66.5716552734375,
            27.780771643348217
          ],
          [
            66.55517578125,
            27.780771643348217
          ],
          [
            66.55517578125,
            27.775911526834264
          ],
          [
            66.5496826171875,
            27.77105119317227
          ],
          [
            66.544189453125,
            27.77105119317227
          ],
          [
            66.5277099609375,
            27.7661906423875
          ],
          [
            66.5167236328125,
            27.7661906423875
          ],
          [
            66.5167236328125,
            27.77105119317227
          ],
          [
            66.5057373046875,
            27.77105119317227
          ],
          [
            66.500244140625,
            27.775911526834264
          ],
          [
            66.4947509765625,
            27.780771643348217
          ],
          [
            66.4837646484375,
            27.775911526834264
          ],
          [
            66.478271484375,
            27.775911526834264
          ],
          [
            66.4727783203125,
            27.77105119317227
          ],
          [
            66.46728515625,
            27.77105119317227
          ],
          [
            66.434326171875,
            27.756468889550774
          ],
          [
            66.4288330078125,
            27.75160768754938
          ],
          [
            66.4178466796875,
            27.74674626852638
          ],
          [
            66.390380859375,
            27.74188463250708
          ],
          [
            66.3848876953125,
            27.74188463250708
          ],
          [
            66.3739013671875,
            27.73702277951682
          ],
          [
            66.3629150390625,
            27.73702277951682
          ],
          [
            66.357421875,
            27.73702277951682
          ],
          [
            66.3519287109375,
            27.73702277951682
          ],
          [
            66.3409423828125,
            27.73216070958091
          ],
          [
            66.33544921875,
            27.73216070958091
          ],
          [
            66.3299560546875,
            27.727298422724658
          ],
          [
            66.3189697265625,
            27.727298422724658
          ],
          [
            66.2969970703125,
            27.717573198352596
          ],
          [
            66.26953125,
            27.702983735525862
          ],
          [
            66.2420654296875,
            27.6981201476801
          ],
          [
            66.2310791015625,
            27.6981201476801
          ],
          [
            66.2091064453125,
            27.683528083787763
          ],
          [
            66.20361328125,
            27.678663629123278
          ],
          [
            66.192626953125,
            27.668934069896224
          ],
          [
            66.15966796875,
            27.649472352561872
          ],
          [
            66.1431884765625,
            27.64460638194332
          ],
          [
            66.1322021484375,
            27.649472352561872
          ],
          [
            66.1212158203125,
            27.654338106691895
          ],
          [
            66.0992431640625,
            27.664068965384516
          ],
          [
            66.09375,
            27.668934069896224
          ],
          [
            66.0882568359375,
            27.664068965384516
          ],
          [
            66.082763671875,
            27.659203644307922
          ],
          [
            66.0772705078125,
            27.659203644307922
          ],
          [
            66.07177734375,
            27.654338106691895
          ],
          [
            66.0662841796875,
            27.649472352561872
          ],
          [
            66.060791015625,
            27.64460638194332
          ],
          [
            66.0443115234375,
            27.639740194861716
          ],
          [
            66.0333251953125,
            27.64460638194332
          ],
          [
            66.02783203125,
            27.649472352561872
          ],
          [
            66.016845703125,
            27.659203644307922
          ],
          [
            66.016845703125,
            27.664068965384516
          ],
          [
            66.0113525390625,
            27.668934069896224
          ],
          [
            66.0003662109375,
            27.668934069896224
          ],
          [
            66.0003662109375,
            27.673798957817638
          ],
          [
            65.994873046875,
            27.678663629123278
          ],
          [
            65.9783935546875,
            27.678663629123278
          ],
          [
            65.9564208984375,
            27.6981201476801
          ],
          [
            65.950927734375,
            27.702983735525862
          ],
          [
            65.9344482421875,
            27.702983735525862
          ],
          [
            65.9344482421875,
            27.707847106603438
          ],
          [
            65.928955078125,
            27.707847106603438
          ],
          [
            65.9234619140625,
            27.712710260887476
          ],
          [
            65.91796875,
            27.712710260887476
          ],
          [
            65.9124755859375,
            27.712710260887476
          ],
          [
            65.906982421875,
            27.712710260887476
          ],
          [
            65.9014892578125,
            27.707847106603438
          ],
          [
            65.885009765625,
            27.717573198352596
          ],
          [
            65.8795166015625,
            27.72243591897343
          ],
          [
            65.8740234375,
            27.72243591897343
          ],
          [
            65.8685302734375,
            27.727298422724658
          ],
          [
            65.8685302734375,
            27.73216070958091
          ],
          [
            65.8685302734375,
            27.73702277951682
          ],
          [
            65.8685302734375,
            27.74188463250708
          ],
          [
            65.85205078125,
            27.761329874505236
          ],
          [
            65.830078125,
            27.790491224830873
          ],
          [
            65.830078125,
            27.80992778090838
          ],
          [
            65.819091796875,
            27.824502916144823
          ],
          [
            65.80810546875,
            27.873072565422788
          ]
        ]
      },
      "properties": {
        "name": "N-30",
        "gcop_source_layer": "highways",
        "gcop_map_layer": "highways_label"
      }
    },
    {
      "type": "Feature",
      "geometry": {
        "type": "LineString",
        "coordinates": [
          [
            65.7257080078125,
            29.209713225868185
          ],
          [
            65.7147216796875,
            29.20012347764498
          ],
          [
            65.7037353515625,
            29.19053283229458
          ],
          [
            65.6817626953125,
            29.180941290001783
          ],
          [
            65.6597900390625,
            29.171348850951503
          ],
          [
            65.643310546875,
            29.1569585113607
          ],
          [
            65.621337890625,
            29.14736383122664
          ],
          [
            65.6103515625,
            29.14736383122664
          ],
          [
            65.6048583984375,
            29.142566155107062
          ],
          [
            65.599365234375,
            29.142566155107062
          ],
          [
            65.58837890625,
            29.137768254983342
          ],
          [
            65.5718994140625,
            29.123373210819224
          ],
          [
            65.5169677734375,
            29.08497657598592
          ],
          [
            65.4730224609375,
            29.056169702743418
          ],
          [
            65.45654296875,
            29.05136777451729
          ],
          [
            65.4180908203125,
            29.036960648558264
          ],
          [
            65.41259765625,
            29.03215782622283
          ],
          [
            65.23681640625,
            28.97931203672246
          ],
          [
            65.203857421875,
            28.97931203672246
          ],
          [
            65.1763916015625,
            28.964894859921145
          ],
          [
            65.115966796875,
            28.93605448213667
          ],
          [
            65.10498046875,
            28.93605448213667
          ],
          [
            65.0775146484375,
            28.93605448213667
          ],
          [
            65.072021484375,
            28.93605448213667
          ],
          [
            65.0445556640625,
            28.916823103291662
          ],
          [
            65.0335693359375,
            28.9120147012556
          ],
          [
            65.01708984375,
            28.9120147012556
          ],
          [
            65.0006103515625,
            28.9120147012556
          ],
          [
            64.984130859375,
            28.9120147012556
          ],
          [
            64.962158203125,
            28.9023972285585
          ],
          [
            64.951171875,
            28.88796934830343
          ],
          [
            64.940185546875,
            28.8831596093235
          ],
          [
            64.9237060546875,
            28.88796934830343
          ],
          [
            64.9072265625,
            28.892778864518306
          ],
          [
            64.896240234375,
            28.916823103291662
          ],
          [
            64.8907470703125,
            28.921631282421288
          ],
          [
            64.8797607421875,
            28.92643923862103
          ],
          [
            64.874267578125,
            28.93605448213667
          ],
          [
            64.8577880859375,
            28.9456688336505
          ],
          [
            64.8248291015625,
            28.969700808694157
          ],
          [
            64.8193359375,
            28.974506534302407
          ],
          [
            64.8193359375,
            28.97931203672246
          ],
          [
            64.7698974609375,
            28.964894859921145
          ],
          [
            64.742431640625,
            28.964894859921145
          ],
          [
            64.70947265625,
            28.9456688336505
          ],
          [
            64.7039794921875,
            28.9456688336505
          ],
          [
            64.698486328125,
            28.940861769405572
          ],
          [
            64.6380615234375,
            28.940861769405572
          ],
          [
            64.6270751953125,
            28.93605448213667
          ],
          [
            64.6160888671875,
            28.93605448213667
          ],
          [
            64.610595703125,
            28.93605448213667
          ],
          [
            64.5941162109375,
            28.940861769405572
          ],
          [
            64.5611572265625,
            28.940861769405572
          ],
          [
            64.53369140625,
            28.93124697186731
          ],
          [
            64.4842529296875,
            28.921631282421288
          ],
          [
            64.4677734375,
            28.9120147012556
          ],
          [
            64.456787109375,
            28.907206076336706
          ],
          [
            64.4403076171875,
            28.897588157944497
          ],
          [
            64.4293212890625,
            28.907206076336706
          ],
          [
            64.4183349609375,
            28.9120147012556
          ],
          [
            64.4073486328125,
            28.907206076336706
          ],
          [
            64.3963623046875,
            28.897588157944497
          ],
          [
            64.3853759765625,
            28.892778864518306
          ],
          [
            64.3853759765625,
            28.8831596093235
          ],
          [
            64.2205810546875,
            28.835049972635147
          ],
          [
            64.2095947265625,
            28.835049972635147
          ],
          [
            64.171142578125,
            28.815799886487298
          ],
          [
            64.149169921875,
            28.815799886487298
          ],
          [
            64.127197265625,
            28.810986808864513
          ],
          [
            64.0997314453125,
            28.796546241769192
          ],
          [
            64.0557861328125,
            28.79173227474078
          ],
          [
            64.0228271484375,
            28.78210367383126
          ],
          [
            63.973388671875,
            28.767659105691223
          ],
          [
            63.929443359375,
            28.758028282691143
          ],
          [
            63.885498046875,
            28.743580382306135
          ],
          [
            63.7042236328125,
            28.7483965711874
          ],
          [
            63.6053466796875,
            28.7483965711874
          ]
        ]
      },
      "properties": {
        "name": "N-40",
        "gcop_source_layer": "highways",
        "gcop_map_layer": "highways_label"
      }
    },
    {
      "type": "Feature",
      "geometry": {
        "type": "LineString",
        "coordinates": [
          [
            63.91845703125,
            26.01729756385174
          ],
          [
            63.9129638671875,
            26.032106117348945
          ],
          [
            63.91845703125,
            26.041977447970154
          ],
          [
            63.91845703125,
            26.046912801683987
          ],
          [
            63.91845703125,
            26.05184794762951
          ],
          [
            63.91845703125,
            26.061717616104048
          ],
          [
            63.9239501953125,
            26.066652138577396
          ],
          [
            63.929443359375,
            26.071586453170966
          ],
          [
            63.9349365234375,
            26.076520559856974
          ],
          [
            63.9459228515625,
            26.076520559856974
          ],
          [
            63.9569091796875,
            26.076520559856974
          ],
          [
            63.9678955078125,
            26.076520559856974
          ],
          [
            63.9678955078125,
            26.08145445860754
          ],
          [
            63.9678955078125,
            26.086388149394878
          ],
          [
            63.973388671875,
            26.086388149394878
          ],
          [
            63.9788818359375,
            26.091321632191125
          ],
          [
            63.984375,
            26.091321632191125
          ],
          [
            63.9898681640625,
            26.091321632191125
          ],
          [
            64.0008544921875,
            26.096254906968525
          ],
          [
            64.0008544921875,
            26.101187973699254
          ],
          [
            64.0008544921875,
            26.106120832355515
          ],
          [
            64.0008544921875,
            26.11105348290954
          ],
          [
            63.995361328125,
            26.11105348290954
          ],
          [
            64.0008544921875,
            26.115985925333533
          ],
          [
            64.00634765625,
            26.115985925333533
          ],
          [
            64.0118408203125,
            26.115985925333533
          ],
          [
            64.017333984375,
            26.115985925333533
          ],
          [
            64.017333984375,
            26.120918159599725
          ],
          [
            64.0118408203125,
            26.120918159599725
          ],
          [
            64.017333984375,
            26.12585018568035
          ],
          [
            64.017333984375,
            26.13078200354765
          ],
          [
            64.0228271484375,
            26.13571361317392
          ],
          [
            64.0283203125,
            26.14557620759227
          ],
          [
            64.0283203125,
            26.155437968713542
          ],
          [
            64.0338134765625,
            26.170229047478472
          ],
          [
            64.0338134765625,
            26.175158990178133
          ],
          [
            63.995361328125,
            26.24415628389076
          ],
          [
            63.984375,
            26.25893609446841
          ],
          [
            63.9788818359375,
            26.2638622801111
          ],
          [
            63.9678955078125,
            26.283564932531377
          ],
          [
            63.96240234375,
            26.288490072961167
          ],
          [
            63.9569091796875,
            26.293415004265768
          ],
          [
            63.9569091796875,
            26.298339726417737
          ],
          [
            63.9404296875,
            26.313112637682664
          ],
          [
            63.951416015625,
            26.322960198925372
          ],
          [
            63.9569091796875,
            26.322960198925372
          ],
          [
            63.96240234375,
            26.32788366558414
          ],
          [
            63.973388671875,
            26.332806922897873
          ],
          [
            63.9678955078125,
            26.33772997083919
          ],
          [
            63.96240234375,
            26.342652809380596
          ],
          [
            63.96240234375,
            26.347575438494673
          ],
          [
            63.96240234375,
            26.352497858154024
          ],
          [
            63.973388671875,
            26.36726386012937
          ],
          [
            63.973388671875,
            26.372185441695592
          ],
          [
            63.973388671875,
            26.377106813670053
          ],
          [
            63.9788818359375,
            26.382027976025356
          ],
          [
            63.9898681640625,
            26.39186967176903
          ],
          [
            63.9898681640625,
            26.40171052870771
          ],
          [
            63.984375,
            26.40171052870771
          ],
          [
            63.973388671875,
            26.40663064255679
          ],
          [
            63.9678955078125,
            26.40663064255679
          ],
          [
            63.96240234375,
            26.41155054662258
          ],
          [
            63.9569091796875,
            26.41155054662258
          ],
          [
            63.9569091796875,
            26.426308999847024
          ],
          [
            63.9569091796875,
            26.431228064506442
          ],
          [
            63.9569091796875,
            26.441065564038425
          ],
          [
            63.96240234375,
            26.445983998856377
          ],
          [
            63.951416015625,
            26.450902223672628
          ],
          [
            63.9459228515625,
            26.450902223672628
          ],
          [
            63.9459228515625,
            26.455820238459893
          ],
          [
            63.9404296875,
            26.455820238459893
          ],
          [
            63.929443359375,
            26.470573022375078
          ],
          [
            63.91845703125,
            26.470573022375078
          ],
          [
            63.9129638671875,
            26.475490196773805
          ],
          [
            63.907470703125,
            26.490240458869636
          ],
          [
            63.9129638671875,
            26.490240458869636
          ],
          [
            63.907470703125,
            26.495156792444035
          ],
          [
            63.896484375,
            26.524650377182766
          ],
          [
            63.896484375,
            26.52956523826758
          ],
          [
            63.896484375,
            26.534479888888043
          ],
          [
            63.896484375,
            26.54430855862742
          ],
          [
            63.9019775390625,
            26.549222577692035
          ],
          [
            63.9019775390625,
            26.554136386183785
          ],
          [
            63.896484375,
            26.554136386183785
          ],
          [
            63.9019775390625,
            26.55904998407553
          ],
          [
            63.896484375,
            26.55904998407553
          ],
          [
            63.896484375,
            26.573789513879802
          ],
          [
            63.9019775390625,
            26.583614813585882
          ],
          [
            63.896484375,
            26.583614813585882
          ],
          [
            63.8909912109375,
            26.60326288363106
          ],
          [
            63.9019775390625,
            26.632728662035916
          ],
          [
            63.929443359375,
            26.642548900196076
          ],
          [
            63.9678955078125,
            26.652368294008866
          ],
          [
            63.9788818359375,
            26.657277674217582
          ],
          [
            64.0118408203125,
            26.686729520004036
          ],
          [
            64.0283203125,
            26.696545111585152
          ],
          [
            64.0447998046875,
            26.706359857633544
          ],
          [
            64.05029296875,
            26.716173757934087
          ],
          [
            64.05029296875,
            26.73089302213735
          ],
          [
            64.0557861328125,
            26.73579902043167
          ],
          [
            64.05029296875,
            26.74070480712784
          ],
          [
            64.05029296875,
            26.74561038219902
          ],
          [
            64.0557861328125,
            26.750515745618387
          ],
          [
            64.05029296875,
            26.76523056569748
          ],
          [
            64.0557861328125,
            26.770135082241453
          ],
          [
            64.05029296875,
            26.78484736105119
          ],
          [
            64.0447998046875,
            26.78484736105119
          ],
          [
            64.0447998046875,
            26.789751030291114
          ],
          [
            64.039306640625,
            26.789751030291114
          ],
          [
            64.0338134765625,
            26.789751030291114
          ],
          [
            64.0283203125,
            26.799557733065328
          ],
          [
            64.039306640625,
            26.804460766546157
          ],
          [
            64.0338134765625,
            26.819168595042527
          ],
          [
            64.0338134765625,
            26.82407078047018
          ],
          [
            64.0283203125,
            26.82897275381778
          ],
          [
            64.0338134765625,
            26.833874515058582
          ],
          [
            64.0283203125,
            26.833874515058582
          ],
          [
            64.0228271484375,
            26.833874515058582
          ],
          [
            64.017333984375,
            26.838776064165856
          ],
          [
            64.017333984375,
            26.84857852587328
          ],
          [
            64.0283203125,
            26.907375462719244
          ],
          [
            64.0338134765625,
            26.912273826625594
          ],
          [
            64.0887451171875,
            26.946556420812627
          ],
          [
            64.1217041015625,
            26.946556420812627
          ],
          [
            64.16015625,
            26.951453083498265
          ],
          [
            64.1656494140625,
            26.966141794817034
          ],
          [
            64.1766357421875,
            26.99061872296474
          ],
          [
            64.171142578125,
            27.01019643193152
          ]
        ]
      },
      "properties": {
        "name": "N-85",
        "gcop_source_layer": "highways",
        "gcop_map_layer": "highways_label"
      }
    },
    {
      "type": "Feature",
      "geometry": {
        "type": "LineString",
        "coordinates": [
          [
            61.6552734375,
            25.373809171543982
          ],
          [
            61.67724609375,
            25.378772315094963
          ],
          [
            61.6937255859375,
            25.378772315094963
          ],
          [
            61.7486572265625,
            25.373809171543982
          ],
          [
            61.754150390625,
            25.368845824082797
          ],
          [
            61.7816162109375,
            25.35395455852668
          ],
          [
            61.787109375,
            25.339061458818378
          ],
          [
            61.7926025390625,
            25.33409668479446
          ],
          [
            61.89697265625,
            25.27450351782018
          ],
          [
            61.9024658203125,
            25.26953609822708
          ],
          [
            61.9134521484375,
            25.26953609822708
          ],
          [
            61.951904296875,
            25.264568475331586
          ],
          [
            61.9573974609375,
            25.26953609822708
          ],
          [
            61.973876953125,
            25.27450351782018
          ],
          [
            61.9793701171875,
            25.27450351782018
          ],
          [
            61.98486328125,
            25.27450351782018
          ],
          [
            61.995849609375,
            25.26953609822708
          ],
          [
            62.0068359375,
            25.264568475331586
          ]
        ]
      },
      "properties": {
        "name": "N-10",
        "gcop_source_layer": "highways",
        "gcop_map_layer": "highways_label"
      }
    },
    {
      "type": "Feature",
      "geometry": {
        "type": "LineString",
        "coordinates": [
          [
            62.3638916015625,
            25.229789425034383
          ],
          [
            62.3748779296875,
            25.239727312333955
          ],
          [
            62.3858642578125,
            25.239727312333955
          ],
          [
            62.40234375,
            25.23475847023373
          ],
          [
            62.4078369140625,
            25.239727312333955
          ],
          [
            62.4188232421875,
            25.244695951306042
          ],
          [
            62.435302734375,
            25.244695951306042
          ],
          [
            62.4517822265625,
            25.254632619749458
          ],
          [
            62.4957275390625,
            25.27450351782018
          ],
          [
            62.5396728515625,
            25.27450351782018
          ],
          [
            62.5726318359375,
            25.28443774698303
          ],
          [
            62.5946044921875,
            25.289404556494816
          ],
          [
            62.6165771484375,
            25.314235552197573
          ],
          [
            62.6220703125,
            25.31920114076412
          ],
          [
            62.677001953125,
            25.33409668479446
          ]
        ]
      },
      "properties": {
        "name": "N-10",
        "gcop_source_layer": "highways",
        "gcop_map_layer": "highways_label"
      }
    },
    {
      "type": "Feature",
      "geometry": {
        "type": "LineString",
        "coordinates": [
          [
            62.9351806640625,
            26.032106117348945
          ],
          [
            62.940673828125,
            26.037041886515837
          ],
          [
            62.9461669921875,
            26.041977447970154
          ],
          [
            62.95166015625,
            26.046912801683987
          ],
          [
            62.962646484375,
            26.05184794762951
          ],
          [
            63.0670166015625,
            26.046912801683987
          ],
          [
            63.08349609375,
            26.046912801683987
          ],
          [
            63.0999755859375,
            26.041977447970154
          ],
          [
            63.12744140625,
            26.046912801683987
          ],
          [
            63.160400390625,
            26.046912801683987
          ],
          [
            63.182373046875,
            26.046912801683987
          ],
          [
            63.1988525390625,
            26.046912801683987
          ],
          [
            63.2208251953125,
            26.05184794762951
          ],
          [
            63.2427978515625,
            26.046912801683987
          ],
          [
            63.28125,
            26.037041886515837
          ],
          [
            63.2977294921875,
            26.037041886515837
          ],
          [
            63.3087158203125,
            26.037041886515837
          ],
          [
            63.336181640625,
            26.041977447970154
          ],
          [
            63.3416748046875,
            26.046912801683987
          ],
          [
            63.402099609375,
            26.046912801683987
          ],
          [
            63.43505859375,
            26.046912801683987
          ],
          [
            63.4405517578125,
            26.046912801683987
          ],
          [
            63.4515380859375,
            26.056782885778816
          ],
          [
            63.4625244140625,
            26.056782885778816
          ],
          [
            63.4844970703125,
            26.056782885778816
          ],
          [
            63.511962890625,
            26.05184794762951
          ],
          [
            63.5284423828125,
            26.05184794762951
          ],
          [
            63.5888671875,
            26.041977447970154
          ],
          [
            63.5943603515625,
            26.041977447970154
          ],
          [
            63.6273193359375,
            26.037041886515837
          ]
        ]
      },
      "properties": {
        "name": "M-8",
        "gcop_source_layer": "highways",
        "gcop_map_layer": "highways_label"
      }
    },
    {
      "type": "Feature",
      "geometry": {
        "type": "LineString",
        "coordinates": [
          [
            63.12744140625,
            25.32416652573839
          ],
          [
            63.17138671875,
            25.32416652573839
          ],
          [
            63.204345703125,
            25.31920114076412
          ],
          [
            63.25927734375,
            25.31920114076412
          ],
          [
            63.2757568359375,
            25.314235552197573
          ],
          [
            63.292236328125,
            25.314235552197573
          ],
          [
            63.2977294921875,
            25.314235552197573
          ],
          [
            63.314208984375,
            25.314235552197573
          ],
          [
            63.358154296875,
            25.31920114076412
          ],
          [
            63.3636474609375,
            25.31920114076412
          ],
          [
            63.369140625,
            25.32416652573839
          ],
          [
            63.3746337890625,
            25.329131707091477
          ],
          [
            63.39111328125,
            25.329131707091477
          ],
          [
            63.424072265625,
            25.329131707091477
          ],
          [
            63.424072265625,
            25.344026029134326
          ],
          [
            63.4295654296875,
            25.35891851754525
          ],
          [
            63.4295654296875,
            25.368845824082797
          ],
          [
            63.4295654296875,
            25.373809171543982
          ],
          [
            63.43505859375,
            25.383735254706863
          ],
          [
            63.4405517578125,
            25.38869799035082
          ],
          [
            63.446044921875,
            25.38869799035082
          ],
          [
            63.4405517578125,
            25.398622849619585
          ]
        ]
      },
      "properties": {
        "name": "N-10",
        "gcop_source_layer": "highways",
        "gcop_map_layer": "highways_label"
      }
    },
    {
      "type": "Feature",
      "geometry": {
        "type": "LineString",
        "coordinates": [
          [
            64.0338134765625,
            25.507742380531397
          ],
          [
            64.0447998046875,
            25.507742380531397
          ],
          [
            64.061279296875,
            25.51270000762051
          ],
          [
            64.083251953125,
            25.51765742999403
          ],
          [
            64.0887451171875,
            25.51270000762051
          ],
          [
            64.0997314453125,
            25.51270000762051
          ],
          [
            64.1107177734375,
            25.507742380531397
          ],
          [
            64.1217041015625,
            25.507742380531397
          ],
          [
            64.1436767578125,
            25.50278454875533
          ],
          [
            64.171142578125,
            25.507742380531397
          ],
          [
            64.18212890625,
            25.50278454875533
          ],
          [
            64.193115234375,
            25.50278454875533
          ],
          [
            64.1986083984375,
            25.50278454875533
          ],
          [
            64.2095947265625,
            25.507742380531397
          ],
          [
            64.215087890625,
            25.507742380531397
          ],
          [
            64.22607421875,
            25.507742380531397
          ],
          [
            64.248046875,
            25.50278454875533
          ],
          [
            64.259033203125,
            25.507742380531397
          ],
          [
            64.27001953125,
            25.50278454875533
          ],
          [
            64.2864990234375,
            25.497826512321026
          ],
          [
            64.2864990234375,
            25.492868271257123
          ],
          [
            64.2974853515625,
            25.477992320574813
          ],
          [
            64.3084716796875,
            25.477992320574813
          ],
          [
            64.3084716796875,
            25.47303326127951
          ],
          [
            64.31396484375,
            25.47303326127951
          ],
          [
            64.324951171875,
            25.47303326127951
          ],
          [
            64.3359375,
            25.477992320574813
          ],
          [
            64.3414306640625,
            25.47303326127951
          ],
          [
            64.3414306640625,
            25.468073997498138
          ],
          [
            64.346923828125,
            25.46311452925943
          ],
          [
            64.3524169921875,
            25.468073997498138
          ],
          [
            64.3634033203125,
            25.468073997498138
          ],
          [
            64.368896484375,
            25.47303326127951
          ],
          [
            64.3743896484375,
            25.47303326127951
          ],
          [
            64.3743896484375,
            25.468073997498138
          ],
          [
            64.3798828125,
            25.458154856592074
          ],
          [
            64.3963623046875,
            25.448234898086497
          ],
          [
            64.3963623046875,
            25.443274612305743
          ],
          [
            64.412841796875,
            25.448234898086497
          ],
          [
            64.4183349609375,
            25.443274612305743
          ],
          [
            64.423828125,
            25.443274612305743
          ],
          [
            64.4293212890625,
            25.43335342783216
          ],
          [
            64.4293212890625,
            25.42343142633422
          ],
          [
            64.4403076171875,
            25.408546892670557
          ],
          [
            64.4512939453125,
            25.383735254706863
          ],
          [
            64.4952392578125,
            25.32416652573839
          ],
          [
            64.5062255859375,
            25.314235552197573
          ],
          [
            64.5281982421875,
            25.289404556494816
          ],
          [
            64.5501708984375,
            25.26953609822708
          ],
          [
            64.566650390625,
            25.26953609822708
          ],
          [
            64.5721435546875,
            25.264568475331586
          ],
          [
            64.5941162109375,
            25.249664387120887
          ],
          [
            64.66552734375,
            25.309269760067778
          ]
        ]
      },
      "properties": {
        "name": "N-10",
        "gcop_source_layer": "highways",
        "gcop_map_layer": "highways_label"
      }
    },
    {
      "type": "Feature",
      "geometry": {
        "type": "LineString",
        "coordinates": [
          [
            64.66552734375,
            25.309269760067778
          ],
          [
            64.6820068359375,
            25.32416652573839
          ],
          [
            64.720458984375,
            25.344026029134326
          ],
          [
            64.7589111328125,
            25.363882272740256
          ],
          [
            64.7808837890625,
            25.38869799035082
          ],
          [
            64.786376953125,
            25.38869799035082
          ],
          [
            64.7918701171875,
            25.38869799035082
          ],
          [
            64.8028564453125,
            25.373809171543982
          ],
          [
            64.808349609375,
            25.368845824082797
          ],
          [
            64.8193359375,
            25.35891851754525
          ],
          [
            64.8358154296875,
            25.35395455852668
          ],
          [
            64.86328125,
            25.363882272740256
          ],
          [
            64.88525390625,
            25.373809171543982
          ],
          [
            64.896240234375,
            25.378772315094963
          ],
          [
            64.896240234375,
            25.373809171543982
          ],
          [
            64.940185546875,
            25.38869799035082
          ],
          [
            64.962158203125,
            25.398622849619585
          ],
          [
            64.9951171875,
            25.408546892670557
          ],
          [
            65.0390625,
            25.418470119273124
          ],
          [
            65.10498046875,
            25.43831412221138
          ],
          [
            65.137939453125,
            25.448234898086497
          ],
          [
            65.159912109375,
            25.458154856592074
          ],
          [
            65.1983642578125,
            25.468073997498138
          ],
          [
            65.1983642578125,
            25.46311452925943
          ],
          [
            65.203857421875,
            25.468073997498138
          ],
          [
            65.2093505859375,
            25.468073997498138
          ],
          [
            65.21484375,
            25.47303326127951
          ],
          [
            65.2203369140625,
            25.47303326127951
          ],
          [
            65.2313232421875,
            25.47303326127951
          ],
          [
            65.2313232421875,
            25.468073997498138
          ],
          [
            65.2313232421875,
            25.46311452925943
          ],
          [
            65.23681640625,
            25.46311452925943
          ],
          [
            65.2423095703125,
            25.458154856592074
          ],
          [
            65.247802734375,
            25.453194979524866
          ],
          [
            65.247802734375,
            25.448234898086497
          ],
          [
            65.247802734375,
            25.443274612305743
          ],
          [
            65.247802734375,
            25.43831412221138
          ],
          [
            65.2532958984375,
            25.43831412221138
          ],
          [
            65.2587890625,
            25.43335342783216
          ],
          [
            65.2642822265625,
            25.43335342783216
          ],
          [
            65.2752685546875,
            25.43335342783216
          ],
          [
            65.28076171875,
            25.43335342783216
          ],
          [
            65.2862548828125,
            25.43335342783216
          ],
          [
            65.2972412109375,
            25.42839252919684
          ],
          [
            65.2972412109375,
            25.43335342783216
          ],
          [
            65.3082275390625,
            25.42839252919684
          ],
          [
            65.3192138671875,
            25.42839252919684
          ],
          [
            65.32470703125,
            25.42343142633422
          ],
          [
            65.3302001953125,
            25.418470119273124
          ],
          [
            65.3302001953125,
            25.413508608042292
          ],
          [
            65.32470703125,
            25.403584973186696
          ],
          [
            65.32470703125,
            25.398622849619585
          ],
          [
            65.32470703125,
            25.393660521998015
          ],
          [
            65.3192138671875,
            25.383735254706863
          ],
          [
            65.32470703125,
            25.378772315094963
          ],
          [
            65.335693359375,
            25.378772315094963
          ],
          [
            65.3411865234375,
            25.378772315094963
          ],
          [
            65.3466796875,
            25.383735254706863
          ],
          [
            65.3521728515625,
            25.393660521998015
          ],
          [
            65.357666015625,
            25.393660521998015
          ],
          [
            65.36865234375,
            25.393660521998015
          ],
          [
            65.36865234375,
            25.38869799035082
          ],
          [
            65.3741455078125,
            25.38869799035082
          ],
          [
            65.3851318359375,
            25.393660521998015
          ],
          [
            65.3961181640625,
            25.393660521998015
          ],
          [
            65.401611328125,
            25.38869799035082
          ],
          [
            65.41259765625,
            25.38869799035082
          ],
          [
            65.4180908203125,
            25.383735254706863
          ],
          [
            65.4290771484375,
            25.38869799035082
          ],
          [
            65.4345703125,
            25.38869799035082
          ],
          [
            65.4400634765625,
            25.38869799035082
          ],
          [
            65.445556640625,
            25.38869799035082
          ],
          [
            65.45654296875,
            25.393660521998015
          ],
          [
            65.4620361328125,
            25.393660521998015
          ],
          [
            65.467529296875,
            25.393660521998015
          ],
          [
            65.4949951171875,
            25.418470119273124
          ],
          [
            65.533447265625,
            25.443274612305743
          ],
          [
            65.54443359375,
            25.448234898086497
          ],
          [
            65.5499267578125,
            25.453194979524866
          ],
          [
            65.5718994140625,
            25.458154856592074
          ],
          [
            65.6103515625,
            25.47303326127951
          ],
          [
            65.621337890625,
            25.477992320574813
          ]
        ]
      },
      "properties": {
        "name": "N-10",
        "gcop_source_layer": "highways",
        "gcop_map_layer": "highways_label"
      }
    },
    {
      "type": "Feature",
      "geometry": {
        "type": "LineString",
        "coordinates": [
          [
            62.0068359375,
            25.264568475331586
          ],
          [
            62.0233154296875,
            25.264568475331586
          ],
          [
            62.039794921875,
            25.27450351782018
          ],
          [
            62.061767578125,
            25.27450351782018
          ],
          [
            62.149658203125,
            25.279470734081812
          ],
          [
            62.281494140625,
            25.279470734081812
          ],
          [
            62.303466796875,
            25.27450351782018
          ],
          [
            62.347412109375,
            25.259600649162692
          ],
          [
            62.347412109375,
            25.254632619749458
          ],
          [
            62.3638916015625,
            25.229789425034383
          ]
        ]
      },
      "properties": {
        "name": "N-10",
        "gcop_source_layer": "highways",
        "gcop_map_layer": "highways_label"
      }
    },
    {
      "type": "Feature",
      "geometry": {
        "type": "LineString",
        "coordinates": [
          [
            62.677001953125,
            25.33409668479446
          ],
          [
            62.6934814453125,
            25.33409668479446
          ],
          [
            62.6934814453125,
            25.329131707091477
          ],
          [
            62.698974609375,
            25.329131707091477
          ],
          [
            62.7154541015625,
            25.32416652573839
          ],
          [
            62.742919921875,
            25.314235552197573
          ],
          [
            62.75390625,
            25.314235552197573
          ],
          [
            62.8253173828125,
            25.314235552197573
          ],
          [
            62.8472900390625,
            25.31920114076412
          ],
          [
            62.8692626953125,
            25.32416652573839
          ],
          [
            62.8802490234375,
            25.32416652573839
          ],
          [
            62.9132080078125,
            25.32416652573839
          ],
          [
            62.9241943359375,
            25.31920114076412
          ],
          [
            62.9681396484375,
            25.309269760067778
          ],
          [
            62.984619140625,
            25.304303764403613
          ],
          [
            62.99560546875,
            25.304303764403613
          ],
          [
            63.03955078125,
            25.314235552197573
          ],
          [
            63.0670166015625,
            25.32416652573839
          ],
          [
            63.0780029296875,
            25.32416652573839
          ],
          [
            63.0889892578125,
            25.32416652573839
          ],
          [
            63.12744140625,
            25.32416652573839
          ]
        ]
      },
      "properties": {
        "name": "N-10",
        "gcop_source_layer": "highways",
        "gcop_map_layer": "highways_label"
      }
    },
    {
      "type": "Feature",
      "geometry": {
        "type": "LineString",
        "coordinates": [
          [
            62.6934814453125,
            25.33409668479446
          ],
          [
            62.7154541015625,
            25.339061458818378
          ],
          [
            62.720947265625,
            25.339061458818378
          ],
          [
            62.7264404296875,
            25.344026029134326
          ],
          [
            62.73193359375,
            25.3489903957134
          ],
          [
            62.7374267578125,
            25.35891851754525
          ],
          [
            62.7374267578125,
            25.403584973186696
          ],
          [
            62.720947265625,
            25.47303326127951
          ],
          [
            62.7264404296875,
            25.51270000762051
          ],
          [
            62.7264404296875,
            25.522614647623286
          ],
          [
            62.720947265625,
            25.537485071759036
          ],
          [
            62.7154541015625,
            25.58208527870069
          ],
          [
            62.7099609375,
            25.601902261115725
          ],
          [
            62.7044677734375,
            25.62171595984576
          ],
          [
            62.68798828125,
            25.636574077877043
          ],
          [
            62.6824951171875,
            25.65143034703975
          ],
          [
            62.6824951171875,
            25.656382025768067
          ],
          [
            62.666015625,
            25.661333498952686
          ],
          [
            62.655029296875,
            25.67123582857704
          ],
          [
            62.6495361328125,
            25.681137335685307
          ],
          [
            62.633056640625,
            25.68608778072486
          ],
          [
            62.633056640625,
            25.69103802005013
          ],
          [
            62.6275634765625,
            25.7108369196406
          ],
          [
            62.6220703125,
            25.715786129968635
          ],
          [
            62.6220703125,
            25.725683932942644
          ],
          [
            62.6220703125,
            25.750424835909385
          ],
          [
            62.6220703125,
            25.755372398367243
          ]
        ]
      },
      "properties": {
        "name": "M-8",
        "gcop_source_layer": "highways",
        "gcop_map_layer": "highways_label"
      }
    },
    {
      "type": "Feature",
      "geometry": {
        "type": "LineString",
        "coordinates": [
          [
            63.6273193359375,
            26.037041886515837
          ],
          [
            63.6602783203125,
            26.027170140497375
          ],
          [
            63.6767578125,
            26.027170140497375
          ],
          [
            63.709716796875,
            26.032106117348945
          ],
          [
            63.8031005859375,
            26.032106117348945
          ],
          [
            63.80859375,
            26.032106117348945
          ],
          [
            63.8250732421875,
            26.027170140497375
          ],
          [
            63.8470458984375,
            26.022233955988995
          ],
          [
            63.863525390625,
            26.01729756385174
          ],
          [
            63.87451171875,
            26.01729756385174
          ],
          [
            63.8800048828125,
            26.01729756385174
          ],
          [
            63.885498046875,
            26.01729756385174
          ],
          [
            63.907470703125,
            26.01729756385174
          ],
          [
            63.91845703125,
            26.01729756385174
          ]
        ]
      },
      "properties": {
        "name": "M-8",
        "gcop_source_layer": "highways",
        "gcop_map_layer": "highways_label"
      }
    },
    {
      "type": "Feature",
      "geometry": {
        "type": "LineString",
        "coordinates": [
          [
            65.2093505859375,
            27.415662034560995
          ],
          [
            65.21484375,
            27.42541405272958
          ],
          [
            65.2423095703125,
            27.44979032978422
          ],
          [
            65.2532958984375,
            27.46928747369202
          ],
          [
            65.2642822265625,
            27.479034752500652
          ],
          [
            65.2862548828125,
            27.498526722798317
          ],
          [
            65.2972412109375,
            27.513143435807194
          ],
          [
            65.2972412109375,
            27.51801524196567
          ],
          [
            65.302734375,
            27.522886832325796
          ],
          [
            65.313720703125,
            27.53262936554833
          ],
          [
            65.3302001953125,
            27.53750030835947
          ],
          [
            65.3466796875,
            27.5521118412847
          ],
          [
            65.3521728515625,
            27.556981920338316
          ],
          [
            65.3631591796875,
            27.571590861376308
          ],
          [
            65.3851318359375,
            27.586197857692667
          ],
          [
            65.3961181640625,
            27.591066424185087
          ],
          [
            65.41259765625,
            27.59593477449505
          ],
          [
            65.4345703125,
            27.615406013399593
          ],
          [
            65.4400634765625,
            27.625140335093292
          ],
          [
            65.511474609375,
            27.673798957817638
          ],
          [
            65.533447265625,
            27.6981201476801
          ],
          [
            65.5389404296875,
            27.707847106603438
          ],
          [
            65.56640625,
            27.73216070958091
          ],
          [
            65.577392578125,
            27.73216070958091
          ],
          [
            65.5938720703125,
            27.74188463250708
          ],
          [
            65.6048583984375,
            27.74674626852638
          ],
          [
            65.6158447265625,
            27.75160768754938
          ],
          [
            65.621337890625,
            27.756468889550774
          ],
          [
            65.6268310546875,
            27.761329874505236
          ],
          [
            65.643310546875,
            27.761329874505236
          ],
          [
            65.6597900390625,
            27.7661906423875
          ],
          [
            65.665283203125,
            27.77105119317227
          ],
          [
            65.67626953125,
            27.785631542688833
          ],
          [
            65.687255859375,
            27.790491224830873
          ],
          [
            65.6927490234375,
            27.795350689749114
          ],
          [
            65.7147216796875,
            27.80992778090838
          ],
          [
            65.72021484375,
            27.80992778090838
          ],
          [
            65.7366943359375,
            27.819644755099446
          ],
          [
            65.7476806640625,
            27.824502916144823
          ],
          [
            65.753173828125,
            27.829360859789787
          ],
          [
            65.7586669921875,
            27.8342185860092
          ],
          [
            65.76416015625,
            27.83907609477781
          ],
          [
            65.7696533203125,
            27.83907609477781
          ],
          [
            65.7806396484375,
            27.843933386070518
          ],
          [
            65.7916259765625,
            27.85364731612738
          ],
          [
            65.797119140625,
            27.85364731612738
          ],
          [
            65.8135986328125,
            27.877928333679492
          ],
          [
            65.8245849609375,
            27.88763921713651
          ],
          [
            65.841064453125,
            27.892494332286603
          ],
          [
            65.8575439453125,
            27.892494332286603
          ],
          [
            65.8685302734375,
            27.897349229684266
          ],
          [
            65.8795166015625,
            27.902203909304404
          ],
          [
            65.885009765625,
            27.911912615111888
          ],
          [
            65.8905029296875,
            27.960443068978336
          ],
          [
            65.89599609375,
            27.97014654331592
          ],
          [
            65.89599609375,
            27.97499795326776
          ],
          [
            65.89599609375,
            27.98470011861268
          ],
          [
            65.89599609375,
            27.999251729858756
          ],
          [
            65.9014892578125,
            28.008951712550953
          ],
          [
            65.906982421875,
            28.018650821833063
          ],
          [
            65.906982421875,
            28.023500048883022
          ],
          [
            65.9124755859375,
            28.02834905750575
          ],
          [
            65.906982421875,
            28.033197847676377
          ],
          [
            65.9124755859375,
            28.033197847676377
          ],
          [
            65.9124755859375,
            28.04774290722655
          ],
          [
            65.91796875,
            28.052590823339855
          ],
          [
            65.9234619140625,
            28.057438520876673
          ],
          [
            65.928955078125,
            28.06228599981219
          ],
          [
            65.928955078125,
            28.07198030177986
          ],
          [
            65.9344482421875,
            28.081673729044283
          ],
          [
            65.928955078125,
            28.086520114600717
          ],
          [
            65.928955078125,
            28.09136628140695
          ],
          [
            65.9454345703125,
            28.101057958669443
          ],
          [
            65.9454345703125,
            28.105903469076182
          ],
          [
            65.950927734375,
            28.110748760633527
          ],
          [
            65.950927734375,
            28.120438687101057
          ],
          [
            65.9564208984375,
            28.120438687101057
          ],
          [
            65.9619140625,
            28.130127737874005
          ],
          [
            65.9674072265625,
            28.130127737874005
          ],
          [
            65.9619140625,
            28.154346532344007
          ],
          [
            65.9674072265625,
            28.16403251662807
          ],
          [
            65.9783935546875,
            28.197926557226154
          ],
          [
            65.994873046875,
            28.212449285338465
          ],
          [
            66.02783203125,
            28.256005619824975
          ],
          [
            66.07177734375,
            28.304380682962787
          ],
          [
            66.0772705078125,
            28.309216980457762
          ],
          [
            66.09375,
            28.318888915773826
          ],
          [
            66.11572265625,
            28.333395169196464
          ],
          [
            66.1541748046875,
            28.36240173523821
          ],
          [
            66.170654296875,
            28.376902046539783
          ],
          [
            66.181640625,
            28.396232711680426
          ],
          [
            66.1871337890625,
            28.401064827220893
          ],
          [
            66.2091064453125,
            28.434883464940086
          ],
          [
            66.214599609375,
            28.444543948574818
          ],
          [
            66.2255859375,
            28.44937385955666
          ],
          [
            66.2310791015625,
            28.45903301972804
          ],
          [
            66.2310791015625,
            28.46386226886912
          ],
          [
            66.236572265625,
            28.468691297348144
          ],
          [
            66.258544921875,
            28.48317705857076
          ],
          [
            66.258544921875,
            28.488005204159464
          ],
          [
            66.258544921875,
            28.49283312896509
          ],
          [
            66.2640380859375,
            28.49283312896509
          ],
          [
            66.2860107421875,
            28.49283312896509
          ]
        ]
      },
      "properties": {
        "name": "N-85",
        "gcop_source_layer": "highways",
        "gcop_map_layer": "highways_label"
      }
    },
    {
      "type": "Feature",
      "geometry": {
        "type": "LineString",
        "coordinates": [
          [
            64.171142578125,
            27.01019643193152
          ],
          [
            64.18212890625,
            27.019984007982572
          ],
          [
            64.1876220703125,
            27.019984007982572
          ],
          [
            64.237060546875,
            27.024877476307523
          ],
          [
            64.259033203125,
            27.029770731463543
          ],
          [
            64.281005859375,
            27.029770731463543
          ],
          [
            64.2919921875,
            27.039556602163188
          ],
          [
            64.2919921875,
            27.04444921765402
          ],
          [
            64.324951171875,
            27.05912578437406
          ],
          [
            64.3414306640625,
            27.07380043091176
          ],
          [
            64.3414306640625,
            27.083582461484355
          ],
          [
            64.3524169921875,
            27.0982539061379
          ],
          [
            64.3798828125,
            27.112923428713685
          ],
          [
            64.3963623046875,
            27.112923428713685
          ],
          [
            64.40185546875,
            27.117812842321243
          ],
          [
            64.412841796875,
            27.117812842321243
          ],
          [
            64.423828125,
            27.122702042259462
          ],
          [
            64.456787109375,
            27.147144835991796
          ],
          [
            64.4677734375,
            27.15203275336286
          ],
          [
            64.4952392578125,
            27.156920456880883
          ],
          [
            64.500732421875,
            27.1618079465197
          ],
          [
            64.5062255859375,
            27.1618079465197
          ],
          [
            64.53369140625,
            27.176469131898898
          ],
          [
            64.5941162109375,
            27.186242185608734
          ],
          [
            64.610595703125,
            27.191128391422254
          ],
          [
            64.6380615234375,
            27.21067107379004
          ],
          [
            64.6490478515625,
            27.215556209029685
          ],
          [
            64.654541015625,
            27.220441130076168
          ],
          [
            64.66552734375,
            27.215556209029685
          ],
          [
            64.6710205078125,
            27.215556209029685
          ],
          [
            64.6929931640625,
            27.225325836903366
          ],
          [
            64.7149658203125,
            27.225325836903366
          ],
          [
            64.7259521484375,
            27.23021032948519
          ],
          [
            64.7698974609375,
            27.274161117374675
          ],
          [
            64.7918701171875,
            27.288807519833142
          ],
          [
            64.8193359375,
            27.308333052145457
          ],
          [
            64.84130859375,
            27.322974947245683
          ],
          [
            64.8797607421875,
            27.34737381008027
          ],
          [
            64.8907470703125,
            27.35225293806384
          ],
          [
            64.9127197265625,
            27.35713185112583
          ],
          [
            64.92919921875,
            27.366889032381323
          ],
          [
            64.940185546875,
            27.371767300523047
          ],
          [
            64.9456787109375,
            27.37664535363959
          ],
          [
            64.9456787109375,
            27.381523191705057
          ],
          [
            64.9566650390625,
            27.386400814693573
          ],
          [
            64.97314453125,
            27.40103239293886
          ],
          [
            65.006103515625,
            27.430289738862598
          ],
          [
            65.01708984375,
            27.44004046509707
          ],
          [
            65.0335693359375,
            27.43516520966034
          ],
          [
            65.0390625,
            27.43516520966034
          ],
          [
            65.0445556640625,
            27.430289738862598
          ],
          [
            65.0555419921875,
            27.42053815128712
          ],
          [
            65.06103515625,
            27.415662034560995
          ],
          [
            65.0775146484375,
            27.415662034560995
          ],
          [
            65.0830078125,
            27.415662034560995
          ],
          [
            65.093994140625,
            27.415662034560995
          ],
          [
            65.0994873046875,
            27.415662034560995
          ],
          [
            65.137939453125,
            27.410785702577016
          ],
          [
            65.159912109375,
            27.410785702577016
          ],
          [
            65.1654052734375,
            27.405909155361044
          ],
          [
            65.1654052734375,
            27.40103239293886
          ],
          [
            65.1654052734375,
            27.396155415336338
          ],
          [
            65.1708984375,
            27.396155415336338
          ],
          [
            65.1708984375,
            27.391278222579274
          ],
          [
            65.1763916015625,
            27.396155415336338
          ],
          [
            65.1983642578125,
            27.410785702577016
          ],
          [
            65.2093505859375,
            27.415662034560995
          ]
        ]
      },
      "properties": {
        "name": "N-85",
        "gcop_source_layer": "highways",
        "gcop_map_layer": "highways_label"
      }
    },
    {
      "type": "Feature",
      "geometry": {
        "type": "LineString",
        "coordinates": [
          [
            63.4405517578125,
            25.398622849619585
          ],
          [
            63.446044921875,
            25.403584973186696
          ],
          [
            63.45703125,
            25.398622849619585
          ],
          [
            63.4625244140625,
            25.403584973186696
          ],
          [
            63.468017578125,
            25.408546892670557
          ],
          [
            63.4735107421875,
            25.413508608042292
          ],
          [
            63.47900390625,
            25.413508608042292
          ],
          [
            63.489990234375,
            25.408546892670557
          ],
          [
            63.511962890625,
            25.408546892670557
          ],
          [
            63.5284423828125,
            25.408546892670557
          ],
          [
            63.544921875,
            25.408546892670557
          ],
          [
            63.555908203125,
            25.413508608042292
          ],
          [
            63.5614013671875,
            25.413508608042292
          ],
          [
            63.577880859375,
            25.42343142633422
          ],
          [
            63.5888671875,
            25.42343142633422
          ],
          [
            63.6053466796875,
            25.42839252919684
          ],
          [
            63.621826171875,
            25.43335342783216
          ],
          [
            63.6383056640625,
            25.43831412221138
          ],
          [
            63.6602783203125,
            25.43335342783216
          ],
          [
            63.665771484375,
            25.43831412221138
          ],
          [
            63.6767578125,
            25.42343142633422
          ],
          [
            63.6767578125,
            25.418470119273124
          ],
          [
            63.6712646484375,
            25.413508608042292
          ],
          [
            63.6822509765625,
            25.403584973186696
          ],
          [
            63.6822509765625,
            25.398622849619585
          ],
          [
            63.687744140625,
            25.393660521998015
          ],
          [
            63.6932373046875,
            25.393660521998015
          ],
          [
            63.720703125,
            25.38869799035082
          ],
          [
            63.731689453125,
            25.393660521998015
          ],
          [
            63.7371826171875,
            25.393660521998015
          ],
          [
            63.7481689453125,
            25.398622849619585
          ],
          [
            63.753662109375,
            25.403584973186696
          ],
          [
            63.83056640625,
            25.403584973186696
          ],
          [
            63.841552734375,
            25.403584973186696
          ],
          [
            63.87451171875,
            25.42343142633422
          ],
          [
            63.8800048828125,
            25.42839252919684
          ],
          [
            63.8800048828125,
            25.448234898086497
          ],
          [
            63.885498046875,
            25.453194979524866
          ],
          [
            63.8909912109375,
            25.458154856592074
          ],
          [
            63.896484375,
            25.46311452925943
          ],
          [
            63.907470703125,
            25.468073997498138
          ],
          [
            63.9129638671875,
            25.47303326127951
          ],
          [
            63.91845703125,
            25.477992320574813
          ],
          [
            63.9239501953125,
            25.48295117535531
          ],
          [
            63.9404296875,
            25.487909825592325
          ],
          [
            63.96240234375,
            25.492868271257123
          ],
          [
            63.9788818359375,
            25.50278454875533
          ],
          [
            63.9898681640625,
            25.50278454875533
          ],
          [
            64.0008544921875,
            25.507742380531397
          ],
          [
            64.0008544921875,
            25.51270000762051
          ],
          [
            64.0118408203125,
            25.51270000762051
          ],
          [
            64.017333984375,
            25.51270000762051
          ],
          [
            64.0283203125,
            25.51270000762051
          ],
          [
            64.0338134765625,
            25.507742380531397
          ]
        ]
      },
      "properties": {
        "name": "N-10",
        "gcop_source_layer": "highways",
        "gcop_map_layer": "highways_label"
      }
    },
    {
      "type": "Feature",
      "geometry": {
        "type": "LineString",
        "coordinates": [
          [
            65.621337890625,
            25.477992320574813
          ],
          [
            65.6488037109375,
            25.492868271257123
          ],
          [
            65.67626953125,
            25.50278454875533
          ],
          [
            65.687255859375,
            25.50278454875533
          ],
          [
            65.6927490234375,
            25.50278454875533
          ],
          [
            65.6982421875,
            25.507742380531397
          ],
          [
            65.709228515625,
            25.50278454875533
          ],
          [
            65.72021484375,
            25.507742380531397
          ],
          [
            65.76416015625,
            25.51270000762051
          ],
          [
            65.7861328125,
            25.51270000762051
          ],
          [
            65.8026123046875,
            25.51270000762051
          ],
          [
            65.80810546875,
            25.51765742999403
          ],
          [
            65.819091796875,
            25.51765742999403
          ],
          [
            65.830078125,
            25.51270000762051
          ],
          [
            65.8355712890625,
            25.507742380531397
          ],
          [
            65.863037109375,
            25.50278454875533
          ],
          [
            65.91796875,
            25.50278454875533
          ],
          [
            65.9619140625,
            25.48295117535531
          ],
          [
            65.972900390625,
            25.477992320574813
          ],
          [
            66.0003662109375,
            25.477992320574813
          ],
          [
            66.0333251953125,
            25.468073997498138
          ],
          [
            66.038818359375,
            25.46311452925943
          ],
          [
            66.0552978515625,
            25.47303326127951
          ],
          [
            66.07177734375,
            25.492868271257123
          ],
          [
            66.104736328125,
            25.532528468534437
          ],
          [
            66.1431884765625,
            25.587039832050053
          ],
          [
            66.1871337890625,
            25.62171595984576
          ],
          [
            66.2091064453125,
            25.6316215772585
          ],
          [
            66.2640380859375,
            25.676186684959887
          ],
          [
            66.3189697265625,
            25.69103802005013
          ],
          [
            66.3629150390625,
            25.70093788144429
          ],
          [
            66.412353515625,
            25.695988053632746
          ],
          [
            66.478271484375,
            25.68608778072486
          ],
          [
            66.4947509765625,
            25.68608778072486
          ],
          [
            66.500244140625,
            25.676186684959887
          ],
          [
            66.5057373046875,
            25.676186684959887
          ],
          [
            66.610107421875,
            25.676186684959887
          ]
        ]
      },
      "properties": {
        "name": "N-10",
        "gcop_source_layer": "highways",
        "gcop_map_layer": "highways_label"
      }
    },
    {
      "type": "Feature",
      "geometry": {
        "type": "LineString",
        "coordinates": [
          [
            66.610107421875,
            25.676186684959887
          ],
          [
            66.610107421875,
            25.641526373065773
          ],
          [
            66.676025390625,
            25.468073997498138
          ],
          [
            66.6705322265625,
            25.42839252919684
          ],
          [
            66.6595458984375,
            25.408546892670557
          ],
          [
            66.6650390625,
            25.35891851754525
          ],
          [
            66.6925048828125,
            25.304303764403613
          ],
          [
            66.719970703125,
            25.264568475331586
          ],
          [
            66.741943359375,
            25.23475847023373
          ],
          [
            66.741943359375,
            25.229789425034383
          ],
          [
            66.741943359375,
            25.224820176765036
          ],
          [
            66.7584228515625,
            25.190029755362644
          ],
          [
            66.7584228515625,
            25.18008780899065
          ],
          [
            66.763916015625,
            25.18008780899065
          ],
          [
            66.7694091796875,
            25.170145051503127
          ],
          [
            66.77490234375,
            25.16517336866393
          ],
          [
            66.77490234375,
            25.135339016130985
          ],
          [
            66.785888671875,
            25.120419105501256
          ],
          [
            66.8023681640625,
            25.115445397061947
          ],
          [
            66.807861328125,
            25.105497373014686
          ],
          [
            66.81884765625,
            25.10052305746521
          ],
          [
            66.8243408203125,
            25.090573819461
          ],
          [
            66.8353271484375,
            25.070672916651077
          ],
          [
            66.851806640625,
            25.05076877966863
          ],
          [
            66.884765625,
            25.02588406324483
          ],
          [
            66.8902587890625,
            25.02090651422749
          ],
          [
            66.8902587890625,
            25.010950810695277
          ],
          [
            66.895751953125,
            25.005972656239194
          ],
          [
            66.9012451171875,
            24.996015742094002
          ],
          [
            66.90673828125,
            24.98107885823501
          ],
          [
            66.917724609375,
            24.966140159912968
          ],
          [
            66.9232177734375,
            24.961160190729046
          ],
          [
            66.9287109375,
            24.95119964792312
          ],
          [
            66.95068359375,
            24.91633140459909
          ],
          [
            66.97265625,
            24.90138485280086
          ],
          [
            66.97265625,
            24.896402266558724
          ],
          [
            66.983642578125,
            24.891419479211137
          ]
        ]
      },
      "properties": {
        "name": "N-25",
        "gcop_source_layer": "highways",
        "gcop_map_layer": "highways_label"
      }
    },
    {
      "type": "Feature",
      "geometry": {
        "type": "LineString",
        "coordinates": [
          [
            66.2640380859375,
            26.27863958300398
          ],
          [
            66.258544921875,
            26.27371402440643
          ],
          [
            66.26953125,
            26.254009699865733
          ],
          [
            66.26953125,
            26.2145910237943
          ],
          [
            66.2860107421875,
            26.194876675795214
          ],
          [
            66.29150390625,
            26.194876675795214
          ],
          [
            66.3079833984375,
            26.199805575765808
          ],
          [
            66.3134765625,
            26.194876675795214
          ],
          [
            66.3189697265625,
            26.194876675795214
          ],
          [
            66.324462890625,
            26.1850182500783
          ],
          [
            66.3299560546875,
            26.1850182500783
          ],
          [
            66.368408203125,
            26.160368536718508
          ],
          [
            66.3739013671875,
            26.155437968713542
          ],
          [
            66.37939453125,
            26.13571361317392
          ],
          [
            66.3958740234375,
            26.13078200354765
          ],
          [
            66.4068603515625,
            26.12585018568035
          ],
          [
            66.4508056640625,
            26.091321632191125
          ],
          [
            66.4727783203125,
            26.071586453170966
          ],
          [
            66.5057373046875,
            26.056782885778816
          ],
          [
            66.533203125,
            26.007424156802216
          ],
          [
            66.5771484375,
            25.94322678532245
          ],
          [
            66.6156005859375,
            25.86416657624642
          ],
          [
            66.62109375,
            25.84933689170761
          ],
          [
            66.6265869140625,
            25.81967194390404
          ],
          [
            66.6265869140625,
            25.79494547564967
          ],
          [
            66.6265869140625,
            25.765266904920963
          ],
          [
            66.610107421875,
            25.7108369196406
          ],
          [
            66.610107421875,
            25.676186684959887
          ]
        ]
      },
      "properties": {
        "name": "N-25",
        "gcop_source_layer": "highways",
        "gcop_map_layer": "highways_label"
      }
    },
    {
      "type": "Feature",
      "geometry": {
        "type": "LineString",
        "coordinates": [
          [
            66.64306640625,
            27.74674626852638
          ],
          [
            66.64306640625,
            27.72243591897343
          ],
          [
            66.6375732421875,
            27.6981201476801
          ],
          [
            66.632080078125,
            27.688392321785656
          ],
          [
            66.6265869140625,
            27.683528083787763
          ],
          [
            66.6156005859375,
            27.668934069896224
          ],
          [
            66.6156005859375,
            27.659203644307922
          ],
          [
            66.610107421875,
            27.654338106691895
          ],
          [
            66.610107421875,
            27.649472352561872
          ],
          [
            66.6046142578125,
            27.64460638194332
          ],
          [
            66.59912109375,
            27.639740194861716
          ],
          [
            66.5826416015625,
            27.639740194861716
          ],
          [
            66.5716552734375,
            27.639740194861716
          ],
          [
            66.55517578125,
            27.639740194861716
          ],
          [
            66.5496826171875,
            27.639740194861716
          ],
          [
            66.5386962890625,
            27.639740194861716
          ],
          [
            66.500244140625,
            27.615406013399593
          ],
          [
            66.456298828125,
            27.586197857692667
          ],
          [
            66.4398193359375,
            27.522886832325796
          ],
          [
            66.4398193359375,
            27.513143435807194
          ],
          [
            66.434326171875,
            27.48878116893799
          ],
          [
            66.434326171875,
            27.483908068528592
          ],
          [
            66.4288330078125,
            27.479034752500652
          ],
          [
            66.4288330078125,
            27.474161220879893
          ],
          [
            66.4288330078125,
            27.45953933271791
          ],
          [
            66.4288330078125,
            27.454664938983143
          ],
          [
            66.4068603515625,
            27.42053815128712
          ],
          [
            66.3958740234375,
            27.396155415336338
          ],
          [
            66.37939453125,
            27.381523191705057
          ],
          [
            66.3739013671875,
            27.366889032381323
          ],
          [
            66.368408203125,
            27.36201054924028
          ],
          [
            66.368408203125,
            27.34737381008027
          ],
          [
            66.3629150390625,
            27.332735136859142
          ],
          [
            66.357421875,
            27.2936892248524
          ],
          [
            66.3519287109375,
            27.279043466068245
          ],
          [
            66.3409423828125,
            27.274161117374675
          ],
          [
            66.33544921875,
            27.264395776495363
          ],
          [
            66.302490234375,
            27.220441130076168
          ],
          [
            66.2860107421875,
            27.196014383173306
          ],
          [
            66.280517578125,
            27.16669522225311
          ],
          [
            66.2860107421875,
            27.147144835991796
          ],
          [
            66.2860107421875,
            27.132479801022868
          ],
          [
            66.2860107421875,
            27.12759102850208
          ],
          [
            66.280517578125,
            27.122702042259462
          ],
          [
            66.280517578125,
            27.117812842321243
          ],
          [
            66.280517578125,
            27.10314396059573
          ],
          [
            66.2860107421875,
            27.0982539061379
          ],
          [
            66.280517578125,
            27.088473156555892
          ],
          [
            66.2860107421875,
            27.083582461484355
          ],
          [
            66.29150390625,
            27.06401754660871
          ],
          [
            66.2969970703125,
            27.049341619870347
          ],
          [
            66.2969970703125,
            27.04444921765402
          ],
          [
            66.2969970703125,
            27.039556602163188
          ],
          [
            66.29150390625,
            27.029770731463543
          ],
          [
            66.302490234375,
            27.019984007982572
          ],
          [
            66.3134765625,
            27.015090326515107
          ],
          [
            66.3134765625,
            27.01019643193152
          ],
          [
            66.3079833984375,
            27.01019643193152
          ],
          [
            66.302490234375,
            26.99551346974843
          ],
          [
            66.302490234375,
            26.98572376319713
          ],
          [
            66.2969970703125,
            26.9808285904721
          ],
          [
            66.2969970703125,
            26.975933204816087
          ],
          [
            66.2969970703125,
            26.971037606255564
          ],
          [
            66.2969970703125,
            26.966141794817034
          ],
          [
            66.302490234375,
            26.961245770526972
          ],
          [
            66.3079833984375,
            26.946556420812627
          ],
          [
            66.302490234375,
            26.88288045572338
          ],
          [
            66.302490234375,
            26.853479438420024
          ],
          [
            66.2969970703125,
            26.82897275381778
          ],
          [
            66.302490234375,
            26.819168595042527
          ],
          [
            66.29150390625,
            26.804460766546157
          ],
          [
            66.29150390625,
            26.789751030291114
          ],
          [
            66.29150390625,
            26.78484736105119
          ],
          [
            66.29150390625,
            26.779943479945103
          ],
          [
            66.2860107421875,
            26.77503938699961
          ],
          [
            66.2860107421875,
            26.770135082241453
          ],
          [
            66.2860107421875,
            26.76523056569748
          ],
          [
            66.2860107421875,
            26.75542089735913
          ],
          [
            66.2860107421875,
            26.750515745618387
          ],
          [
            66.280517578125,
            26.74070480712784
          ],
          [
            66.2860107421875,
            26.73579902043167
          ],
          [
            66.2860107421875,
            26.73089302213735
          ],
          [
            66.29150390625,
            26.725986812271756
          ],
          [
            66.29150390625,
            26.72108039086173
          ],
          [
            66.302490234375,
            26.711266913515743
          ],
          [
            66.3079833984375,
            26.70145259031436
          ],
          [
            66.3079833984375,
            26.696545111585152
          ],
          [
            66.3134765625,
            26.686729520004036
          ],
          [
            66.324462890625,
            26.67200454772943
          ],
          [
            66.3299560546875,
            26.66218684325854
          ],
          [
            66.3299560546875,
            26.637638886645917
          ],
          [
            66.33544921875,
            26.632728662035916
          ],
          [
            66.3409423828125,
            26.627818226393046
          ],
          [
            66.3409423828125,
            26.617996722116757
          ],
          [
            66.3409423828125,
            26.608174374033112
          ],
          [
            66.3409423828125,
            26.60326288363106
          ],
          [
            66.3409423828125,
            26.598351182358286
          ],
          [
            66.3409423828125,
            26.583614813585882
          ],
          [
            66.3409423828125,
            26.573789513879802
          ],
          [
            66.3409423828125,
            26.56887654795065
          ],
          [
            66.3409423828125,
            26.563963371340193
          ],
          [
            66.3409423828125,
            26.55904998407553
          ],
          [
            66.3409423828125,
            26.554136386183785
          ],
          [
            66.3409423828125,
            26.549222577692035
          ],
          [
            66.3409423828125,
            26.54430855862742
          ],
          [
            66.3409423828125,
            26.53939432901703
          ],
          [
            66.3409423828125,
            26.534479888888043
          ],
          [
            66.3409423828125,
            26.524650377182766
          ],
          [
            66.346435546875,
            26.514820023728774
          ],
          [
            66.346435546875,
            26.504988828743407
          ],
          [
            66.346435546875,
            26.50007291574437
          ],
          [
            66.3519287109375,
            26.495156792444035
          ],
          [
            66.3519287109375,
            26.485323915048284
          ],
          [
            66.346435546875,
            26.475490196773805
          ],
          [
            66.346435546875,
            26.470573022375078
          ],
          [
            66.3409423828125,
            26.470573022375078
          ],
          [
            66.33544921875,
            26.465655637838367
          ],
          [
            66.3409423828125,
            26.465655637838367
          ],
          [
            66.33544921875,
            26.460738043190887
          ],
          [
            66.33544921875,
            26.455820238459893
          ],
          [
            66.33544921875,
            26.450902223672628
          ],
          [
            66.33544921875,
            26.445983998856377
          ],
          [
            66.3299560546875,
            26.436146919246013
          ],
          [
            66.324462890625,
            26.431228064506442
          ],
          [
            66.3189697265625,
            26.431228064506442
          ],
          [
            66.3189697265625,
            26.426308999847024
          ],
          [
            66.3079833984375,
            26.40171052870771
          ],
          [
            66.302490234375,
            26.39186967176903
          ],
          [
            66.302490234375,
            26.362342068998757
          ],
          [
            66.2969970703125,
            26.35742006833118
          ],
          [
            66.29150390625,
            26.347575438494673
          ],
          [
            66.2750244140625,
            26.308188543153676
          ],
          [
            66.26953125,
            26.308188543153676
          ],
          [
            66.26953125,
            26.298339726417737
          ],
          [
            66.2640380859375,
            26.298339726417737
          ],
          [
            66.258544921875,
            26.293415004265768
          ],
          [
            66.2640380859375,
            26.27863958300398
          ]
        ]
      },
      "properties": {
        "name": "N-25",
        "gcop_source_layer": "highways",
        "gcop_map_layer": "highways_label"
      }
    },
    {
      "type": "Feature",
      "geometry": {
        "type": "LineString",
        "coordinates": [
          [
            66.2860107421875,
            28.49283312896509
          ],
          [
            66.2750244140625,
            28.444543948574818
          ],
          [
            66.2750244140625,
            28.420391085674297
          ],
          [
            66.280517578125,
            28.391400375817753
          ],
          [
            66.29150390625,
            28.37206882963163
          ],
          [
            66.302490234375,
            28.357567857801698
          ],
          [
            66.3134765625,
            28.347899442570935
          ],
          [
            66.3134765625,
            28.343064904825482
          ],
          [
            66.3189697265625,
            28.3285599713617
          ],
          [
            66.324462890625,
            28.323724553546015
          ],
          [
            66.3299560546875,
            28.323724553546015
          ],
          [
            66.324462890625,
            28.318888915773826
          ],
          [
            66.3189697265625,
            28.304380682962787
          ],
          [
            66.3134765625,
            28.285033294640684
          ],
          [
            66.3134765625,
            28.256005619824975
          ],
          [
            66.3079833984375,
            28.251166905231486
          ],
          [
            66.302490234375,
            28.193085209185227
          ],
          [
            66.3079833984375,
            28.193085209185227
          ],
          [
            66.3189697265625,
            28.173717624327864
          ],
          [
            66.324462890625,
            28.16887518006334
          ],
          [
            66.33544921875,
            28.15918963404671
          ],
          [
            66.3409423828125,
            28.14950321154457
          ],
          [
            66.368408203125,
            28.120438687101057
          ],
          [
            66.3739013671875,
            28.120438687101057
          ],
          [
            66.3739013671875,
            28.115593833316765
          ],
          [
            66.368408203125,
            28.105903469076182
          ],
          [
            66.368408203125,
            28.101057958669443
          ],
          [
            66.368408203125,
            28.09621222943811
          ],
          [
            66.3739013671875,
            28.086520114600717
          ],
          [
            66.3739013671875,
            28.081673729044283
          ],
          [
            66.37939453125,
            28.076827124762374
          ],
          [
            66.3848876953125,
            28.07198030177986
          ],
          [
            66.4178466796875,
            28.04774290722655
          ],
          [
            66.42333984375,
            28.042894772561624
          ],
          [
            66.4398193359375,
            28.02834905750575
          ],
          [
            66.4508056640625,
            28.023500048883022
          ],
          [
            66.4617919921875,
            28.013801376380712
          ],
          [
            66.46728515625,
            28.008951712550953
          ],
          [
            66.4727783203125,
            28.008951712550953
          ],
          [
            66.4837646484375,
            28.004101830368654
          ],
          [
            66.4947509765625,
            27.99440141104617
          ],
          [
            66.5057373046875,
            27.98470011861268
          ],
          [
            66.5277099609375,
            27.965294915211132
          ],
          [
            66.55517578125,
            27.94588622176194
          ],
          [
            66.588134765625,
            27.90705837112199
          ],
          [
            66.59912109375,
            27.88763921713651
          ],
          [
            66.5936279296875,
            27.83907609477781
          ],
          [
            66.5936279296875,
            27.829360859789787
          ],
          [
            66.59912109375,
            27.80020993741826
          ],
          [
            66.62109375,
            27.780771643348217
          ],
          [
            66.64306640625,
            27.74674626852638
          ]
        ]
      },
      "properties": {
        "name": "N-25",
        "gcop_source_layer": "highways",
        "gcop_map_layer": "highways_label"
      }
    },
    {
      "type": "Feature",
      "geometry": {
        "type": "LineString",
        "coordinates": [
          [
            66.4398193359375,
            30.954057859276134
          ],
          [
            66.434326171875,
            30.94463573937753
          ],
          [
            66.4398193359375,
            30.94463573937753
          ],
          [
            66.4453125,
            30.935212690426724
          ],
          [
            66.456298828125,
            30.925788712587007
          ],
          [
            66.4617919921875,
            30.925788712587007
          ],
          [
            66.46728515625,
            30.921076375384885
          ],
          [
            66.478271484375,
            30.921076375384885
          ],
          [
            66.478271484375,
            30.911651004518248
          ],
          [
            66.4947509765625,
            30.88808351560904
          ],
          [
            66.500244140625,
            30.87865489577827
          ],
          [
            66.5057373046875,
            30.873940237887624
          ],
          [
            66.51123046875,
            30.86922534804083
          ],
          [
            66.522216796875,
            30.85979487256077
          ],
          [
            66.522216796875,
            30.85507928696859
          ],
          [
            66.533203125,
            30.85507928696859
          ],
          [
            66.533203125,
            30.85036346950237
          ],
          [
            66.533203125,
            30.8456474201826
          ],
          [
            66.533203125,
            30.84093113902992
          ],
          [
            66.5386962890625,
            30.8456474201826
          ],
          [
            66.544189453125,
            30.8456474201826
          ],
          [
            66.5496826171875,
            30.8456474201826
          ],
          [
            66.5496826171875,
            30.85036346950237
          ],
          [
            66.55517578125,
            30.8456474201826
          ],
          [
            66.55517578125,
            30.85036346950237
          ],
          [
            66.5606689453125,
            30.8456474201826
          ],
          [
            66.566162109375,
            30.84093113902992
          ],
          [
            66.566162109375,
            30.8456474201826
          ],
          [
            66.5716552734375,
            30.8456474201826
          ],
          [
            66.5771484375,
            30.8456474201826
          ],
          [
            66.5771484375,
            30.84093113902992
          ],
          [
            66.5771484375,
            30.8456474201826
          ],
          [
            66.5826416015625,
            30.836214626064844
          ],
          [
            66.5826416015625,
            30.84093113902992
          ],
          [
            66.5826416015625,
            30.836214626064844
          ],
          [
            66.588134765625,
            30.836214626064844
          ],
          [
            66.588134765625,
            30.831497881307925
          ],
          [
            66.5936279296875,
            30.831497881307925
          ],
          [
            66.5936279296875,
            30.82678090477978
          ],
          [
            66.59912109375,
            30.82678090477978
          ],
          [
            66.59912109375,
            30.822063696500948
          ],
          [
            66.610107421875,
            30.817346256492073
          ],
          [
            66.6156005859375,
            30.812628584773705
          ],
          [
            66.6265869140625,
            30.803192546290973
          ],
          [
            66.632080078125,
            30.79847417956782
          ],
          [
            66.6375732421875,
            30.789036751261165
          ],
          [
            66.64306640625,
            30.78431768971889
          ],
          [
            66.6485595703125,
            30.779598396611533
          ],
          [
            66.6485595703125,
            30.774878871959743
          ],
          [
            66.6485595703125,
            30.76071890894447
          ],
          [
            66.6485595703125,
            30.75127777625781
          ],
          [
            66.654052734375,
            30.741835717889785
          ],
          [
            66.654052734375,
            30.73711434162702
          ],
          [
            66.6650390625,
            30.72767089504768
          ],
          [
            66.6705322265625,
            30.718226523201352
          ],
          [
            66.6705322265625,
            30.708781226254118
          ],
          [
            66.676025390625,
            30.708781226254118
          ],
          [
            66.6925048828125,
            30.699335004371974
          ],
          [
            66.7034912109375,
            30.699335004371974
          ],
          [
            66.763916015625,
            30.581179257386978
          ],
          [
            66.7694091796875,
            30.576450026618105
          ],
          [
            66.86279296875,
            30.57172056519987
          ],
          [
            66.873779296875,
            30.566990873153344
          ],
          [
            66.8792724609375,
            30.562260950499436
          ],
          [
            66.9012451171875,
            30.54806979910356
          ],
          [
            66.917724609375,
            30.533876572997627
          ],
          [
            66.917724609375,
            30.524413269923983
          ],
          [
            66.9342041015625,
            30.524413269923983
          ],
          [
            66.95068359375,
            30.51968127274941
          ],
          [
            66.95068359375,
            30.510216587229976
          ],
          [
            66.9561767578125,
            30.50548389892728
          ],
          [
            66.95068359375,
            30.486550842588485
          ],
          [
            66.9451904296875,
            30.462879341709893
          ],
          [
            66.939697265625,
            30.458144351018078
          ],
          [
            66.9451904296875,
            30.458144351018078
          ],
          [
            66.939697265625,
            30.448673679287566
          ],
          [
            66.9451904296875,
            30.4392020872356
          ],
          [
            66.939697265625,
            30.434465946141998
          ],
          [
            66.939697265625,
            30.4297295750316
          ],
          [
            66.939697265625,
            30.42025614284516
          ],
          [
            66.939697265625,
            30.41551908181151
          ],
          [
            66.9451904296875,
            30.41551908181151
          ],
          [
            66.95068359375,
            30.41078179084589
          ],
          [
            66.9561767578125,
            30.401306519203587
          ],
          [
            66.961669921875,
            30.396568538569383
          ],
          [
            66.961669921875,
            30.391830328088133
          ],
          [
            66.9561767578125,
            30.387091887781125
          ],
          [
            66.9561767578125,
            30.38235321766959
          ],
          [
            66.95068359375,
            30.358656420788776
          ],
          [
            66.95068359375,
            30.353916372297036
          ],
          [
            66.939697265625,
            30.330212685432727
          ],
          [
            66.9342041015625,
            30.325471259328083
          ],
          [
            66.9342041015625,
            30.315987718557864
          ],
          [
            66.9122314453125,
            30.301760686320705
          ],
          [
            66.90673828125,
            30.29227485102426
          ],
          [
            66.9122314453125,
            30.282788098216884
          ],
          [
            66.917724609375,
            30.27330042806996
          ],
          [
            66.9287109375,
            30.27330042806996
          ],
          [
            66.9287109375,
            30.26855624904772
          ],
          [
            66.95068359375,
            30.263811840754926
          ],
          [
            66.961669921875,
            30.25906720321302
          ],
          [
            66.961669921875,
            30.254322336443437
          ],
          [
            66.9561767578125,
            30.211608223816924
          ],
          [
            66.95068359375,
            30.192618218499277
          ],
          [
            66.95068359375,
            30.18312184219552
          ],
          [
            66.95068359375,
            30.159376896356193
          ],
          [
            66.9451904296875,
            30.15462722077598
          ],
          [
            66.9451904296875,
            30.130875412002325
          ],
          [
            66.9287109375,
            30.083354648756156
          ],
          [
            66.9342041015625,
            30.07860131571654
          ],
          [
            66.9451904296875,
            30.073847754270204
          ],
          [
            66.9342041015625,
            30.064339946244303
          ],
          [
            66.9287109375,
            30.059585699708208
          ],
          [
            66.9232177734375,
            30.045321590268856
          ],
          [
            66.917724609375,
            30.031055426540206
          ],
          [
            66.9012451171875,
            30.012030680358606
          ],
          [
            66.8902587890625,
            29.997759725578902
          ],
          [
            66.884765625,
            29.983486718474694
          ],
          [
            66.8792724609375,
            29.983486718474694
          ],
          [
            66.884765625,
            29.97397024051662
          ]
        ]
      },
      "properties": {
        "name": "N-25",
        "gcop_source_layer": "highways",
        "gcop_map_layer": "highways_label"
      }
    },
    {
      "type": "Feature",
      "geometry": {
        "type": "LineString",
        "coordinates": [
          [
            63.6053466796875,
            28.7483965711874
          ],
          [
            63.5888671875,
            28.73876397137029
          ],
          [
            63.52294921875,
            28.73876397137029
          ],
          [
            63.47900390625,
            28.729130483430154
          ],
          [
            63.4130859375,
            28.724313406473485
          ],
          [
            63.3087158203125,
            28.709860843942863
          ],
          [
            63.094482421875,
            28.758028282691143
          ],
          [
            62.9296875,
            28.767659105691223
          ],
          [
            62.7593994140625,
            28.820612741699435
          ],
          [
            62.7484130859375,
            28.820612741699435
          ],
          [
            62.720947265625,
            28.82542537447722
          ],
          [
            62.68798828125,
            28.82542537447722
          ],
          [
            62.51220703125,
            28.830237784797035
          ],
          [
            62.4957275390625,
            28.830237784797035
          ],
          [
            62.490234375,
            28.835049972635147
          ],
          [
            62.413330078125,
            28.830237784797035
          ],
          [
            62.3858642578125,
            28.835049972635147
          ],
          [
            62.33642578125,
            28.84467368077179
          ],
          [
            62.314453125,
            28.830237784797035
          ],
          [
            62.2760009765625,
            28.80135998648177
          ],
          [
            62.2100830078125,
            28.78210367383126
          ],
          [
            62.16064453125,
            28.777289039997626
          ],
          [
            62.1002197265625,
            28.78210367383126
          ],
          [
            62.02880859375,
            28.810986808864513
          ],
          [
            61.98486328125,
            28.82542537447722
          ],
          [
            61.9244384765625,
            28.859107573773002
          ],
          [
            61.8914794921875,
            28.873539463162686
          ],
          [
            61.8475341796875,
            28.916823103291662
          ],
          [
            61.787109375,
            28.9456688336505
          ],
          [
            61.7596435546875,
            28.9456688336505
          ],
          [
            61.732177734375,
            28.950475674848008
          ],
          [
            61.710205078125,
            28.9552822929746
          ],
          [
            61.69921875,
            28.9552822929746
          ],
          [
            61.6552734375,
            28.964894859921145
          ],
          [
            61.6058349609375,
            28.950475674848008
          ],
          [
            61.600341796875,
            28.9456688336505
          ],
          [
            61.58935546875,
            28.9552822929746
          ],
          [
            61.5618896484375,
            28.974506534302407
          ],
          [
            61.4739990234375,
            29.008140362978153
          ]
        ]
      },
      "properties": {
        "name": "N-40",
        "gcop_source_layer": "highways",
        "gcop_map_layer": "highways_label"
      }
    },
    {
      "type": "Feature",
      "geometry": {
        "type": "LineString",
        "coordinates": [
          [
            66.884765625,
            29.97397024051662
          ],
          [
            66.8792724609375,
            29.95969381418452
          ],
          [
            66.873779296875,
            29.950175057288817
          ],
          [
            66.8572998046875,
            29.935895213372447
          ],
          [
            66.851806640625,
            29.93113480986868
          ],
          [
            66.851806640625,
            29.926374178635754
          ],
          [
            66.8408203125,
            29.926374178635754
          ],
          [
            66.8353271484375,
            29.916852233070173
          ],
          [
            66.81884765625,
            29.90732937685155
          ],
          [
            66.807861328125,
            29.90732937685155
          ],
          [
            66.796875,
            29.90732937685155
          ],
          [
            66.7913818359375,
            29.912090918781473
          ],
          [
            66.785888671875,
            29.912090918781473
          ],
          [
            66.77490234375,
            29.912090918781473
          ],
          [
            66.763916015625,
            29.90732937685155
          ],
          [
            66.7474365234375,
            29.90256760730233
          ],
          [
            66.741943359375,
            29.90256760730233
          ],
          [
            66.7364501953125,
            29.89780561015587
          ],
          [
            66.7254638671875,
            29.89304338543417
          ],
          [
            66.7144775390625,
            29.89304338543417
          ],
          [
            66.708984375,
            29.89304338543417
          ],
          [
            66.68701171875,
            29.90256760730233
          ],
          [
            66.6815185546875,
            29.90256760730233
          ],
          [
            66.6705322265625,
            29.90256760730233
          ],
          [
            66.6485595703125,
            29.89780561015587
          ],
          [
            66.6265869140625,
            29.89780561015587
          ],
          [
            66.6265869140625,
            29.89304338543417
          ],
          [
            66.6265869140625,
            29.888280933159265
          ],
          [
            66.62109375,
            29.878755346037977
          ],
          [
            66.610107421875,
            29.864465259257997
          ],
          [
            66.6046142578125,
            29.859701442126763
          ],
          [
            66.5936279296875,
            29.859701442126763
          ],
          [
            66.5936279296875,
            29.864465259257997
          ],
          [
            66.588134765625,
            29.864465259257997
          ],
          [
            66.5826416015625,
            29.859701442126763
          ],
          [
            66.5771484375,
            29.859701442126763
          ],
          [
            66.5771484375,
            29.8549373975967
          ],
          [
            66.5716552734375,
            29.8549373975967
          ],
          [
            66.5716552734375,
            29.859701442126763
          ],
          [
            66.566162109375,
            29.859701442126763
          ],
          [
            66.566162109375,
            29.869228848968305
          ],
          [
            66.544189453125,
            29.869228848968305
          ],
          [
            66.5277099609375,
            29.859701442126763
          ],
          [
            66.4837646484375,
            29.812050767525065
          ],
          [
            66.478271484375,
            29.812050767525065
          ],
          [
            66.4617919921875,
            29.788216909678965
          ],
          [
            66.4453125,
            29.778681776917637
          ],
          [
            66.4398193359375,
            29.76914573606669
          ],
          [
            66.434326171875,
            29.76437737516312
          ],
          [
            66.4288330078125,
            29.754839972510936
          ],
          [
            66.4288330078125,
            29.750070930806785
          ],
          [
            66.4178466796875,
            29.74053216675361
          ],
          [
            66.4178466796875,
            29.73099249532227
          ],
          [
            66.4013671875,
            29.721451916690995
          ],
          [
            66.3958740234375,
            29.702368038541763
          ],
          [
            66.3739013671875,
            29.673735421779128
          ],
          [
            66.3629150390625,
            29.65941605491237
          ],
          [
            66.346435546875,
            29.645094649860752
          ],
          [
            66.3409423828125,
            29.640320395351395
          ],
          [
            66.33544921875,
            29.635545914466675
          ],
          [
            66.324462890625,
            29.630771207229003
          ],
          [
            66.3189697265625,
            29.6212211137845
          ],
          [
            66.3134765625,
            29.6212211137845
          ],
          [
            66.3079833984375,
            29.6212211137845
          ],
          [
            66.302490234375,
            29.616445727622548
          ],
          [
            66.2969970703125,
            29.6116701151974
          ],
          [
            66.29150390625,
            29.602118211647337
          ],
          [
            66.280517578125,
            29.602118211647337
          ],
          [
            66.26953125,
            29.592565403314083
          ],
          [
            66.2640380859375,
            29.59734192056736
          ],
          [
            66.2530517578125,
            29.602118211647337
          ],
          [
            66.2420654296875,
            29.592565403314083
          ],
          [
            66.236572265625,
            29.58778865990996
          ],
          [
            66.2255859375,
            29.58778865990996
          ],
          [
            66.2200927734375,
            29.583011690377504
          ],
          [
            66.2200927734375,
            29.578234494739206
          ],
          [
            66.214599609375,
            29.578234494739206
          ],
          [
            66.2091064453125,
            29.578234494739206
          ],
          [
            66.2091064453125,
            29.58778865990996
          ],
          [
            66.20361328125,
            29.58778865990996
          ],
          [
            66.1981201171875,
            29.58778865990996
          ],
          [
            66.1761474609375,
            29.583011690377504
          ],
          [
            66.1541748046875,
            29.578234494739206
          ],
          [
            66.1376953125,
            29.573457073017565
          ],
          [
            66.11572265625,
            29.573457073017565
          ],
          [
            66.104736328125,
            29.573457073017565
          ],
          [
            66.0992431640625,
            29.568679425235132
          ],
          [
            66.09375,
            29.568679425235132
          ],
          [
            66.082763671875,
            29.573457073017565
          ],
          [
            66.082763671875,
            29.578234494739206
          ],
          [
            66.0772705078125,
            29.583011690377504
          ],
          [
            66.07177734375,
            29.583011690377504
          ],
          [
            66.0662841796875,
            29.578234494739206
          ],
          [
            66.0662841796875,
            29.573457073017565
          ],
          [
            66.060791015625,
            29.568679425235132
          ],
          [
            66.0552978515625,
            29.549566573947942
          ],
          [
            66.0443115234375,
            29.544787796199472
          ],
          [
            66.038818359375,
            29.530450107491063
          ],
          [
            66.02783203125,
            29.530450107491063
          ],
          [
            66.005859375,
            29.52567042617582
          ],
          [
            66.005859375,
            29.520890519025357
          ],
          [
            65.9893798828125,
            29.501768632523266
          ],
          [
            65.9893798828125,
            29.492206334848717
          ],
          [
            65.9783935546875,
            29.468296641713223
          ],
          [
            65.98388671875,
            29.458731185355347
          ],
          [
            65.9783935546875,
            29.449164826924672
          ],
          [
            65.972900390625,
            29.4395975666029
          ],
          [
            65.9674072265625,
            29.434813598289637
          ],
          [
            65.9564208984375,
            29.430029404571755
          ],
          [
            65.9454345703125,
            29.40610505570929
          ],
          [
            65.928955078125,
            29.391747742992806
          ],
          [
            65.9014892578125,
            29.358239465729355
          ],
          [
            65.9014892578125,
            29.353451668635017
          ],
          [
            65.8905029296875,
            29.33908692734107
          ],
          [
            65.8575439453125,
            29.295980558715698
          ],
          [
            65.8465576171875,
            29.281607722988355
          ],
          [
            65.8355712890625,
            29.27202470909843
          ],
          [
            65.80810546875,
            29.252855985973767
          ],
          [
            65.7586669921875,
            29.228890030194222
          ],
          [
            65.7257080078125,
            29.209713225868185
          ]
        ]
      },
      "properties": {
        "name": "N-40",
        "gcop_source_layer": "highways",
        "gcop_map_layer": "highways_label"
      }
    }
  ]
}