{
  "type": "FeatureCollection",
  "metadata": {
    "gcop_export_scope": "loaded-map-tiles",
    "gcop_notice": "This vector tile source does not expose a full browser-side dataset endpoint; exported features are from currently loaded map tiles."
  },
  "features": [
    {
      "type": "Feature",
      "geometry": {
        "type": "Point",
        "coordinates": [
          72.432861328125,
          33.81110228864701
        ]
      },
      "properties": {
        "district": "Attock",
        "name": "Sanjwal",
        "province": "Punjab",
        "tehsil": "Attock",
        "type": "Railway Station",
        "gcop_source_layer": "railway_stations",
        "gcop_map_layer": "railway_stations_label"
      }
    },
    {
      "type": "Feature",
      "geometry": {
        "type": "Point",
        "coordinates": [
          67.9339599609375,
          30.097613277217135
        ]
      },
      "properties": {
        "district": "Harnai",
        "name": "Harnai",
        "province": "Balochistan",
        "tehsil": "Harnai",
        "type": "Railway Station",
        "gcop_source_layer": "railway_stations",
        "gcop_map_layer": "railway_stations_label"
      }
    },
    {
      "type": "Feature",
      "geometry": {
        "type": "Point",
        "coordinates": [
          68.0987548828125,
          29.940655389125
        ]
      },
      "properties": {
        "district": "Harnai",
        "name": "Speen Tangi",
        "province": "Balochistan",
        "tehsil": "Harnai",
        "type": "Railway Station",
        "gcop_source_layer": "railway_stations",
        "gcop_map_layer": "railway_stations_label"
      }
    },
    {
      "type": "Feature",
      "geometry": {
        "type": "Point",
        "coordinates": [
          67.532958984375,
          30.27330042806996
        ]
      },
      "properties": {
        "district": "Harnai",
        "name": "Zardalo",
        "province": "Balochistan",
        "tehsil": "Shahrigh",
        "type": "Railway Station",
        "gcop_source_layer": "railway_stations",
        "gcop_map_layer": "railway_stations_label"
      }
    },
    {
      "type": "Feature",
      "geometry": {
        "type": "Point",
        "coordinates": [
          67.8350830078125,
          30.14037682159973
        ]
      },
      "properties": {
        "district": "Harnai",
        "name": "Nakus",
        "province": "Balochistan",
        "tehsil": "Shahrigh",
        "type": "Railway Station",
        "gcop_source_layer": "railway_stations",
        "gcop_map_layer": "railway_stations_label"
      }
    },
    {
      "type": "Feature",
      "geometry": {
        "type": "Point",
        "coordinates": [
          67.576904296875,
          30.221101852485987
        ]
      },
      "properties": {
        "district": "Harnai",
        "name": "Khost",
        "province": "Balochistan",
        "tehsil": "Shahrigh",
        "type": "Railway Station",
        "gcop_source_layer": "railway_stations",
        "gcop_map_layer": "railway_stations_label"
      }
    },
    {
      "type": "Feature",
      "geometry": {
        "type": "Point",
        "coordinates": [
          67.708740234375,
          30.187870144799817
        ]
      },
      "properties": {
        "district": "Harnai",
        "name": "Sharigh",
        "province": "Balochistan",
        "tehsil": "Shahrigh",
        "type": "Railway Station",
        "gcop_source_layer": "railway_stations",
        "gcop_map_layer": "railway_stations_label"
      }
    },
    {
      "type": "Feature",
      "geometry": {
        "type": "Point",
        "coordinates": [
          68.04931640625,
          28.178559849396976
        ]
      },
      "properties": {
        "district": "Usta Muhammad",
        "name": "Usta Muhammad",
        "province": "Balochistan",
        "tehsil": "Usta Mohammad",
        "type": "Railway Station",
        "gcop_source_layer": "railway_stations",
        "gcop_map_layer": "railway_stations_label"
      }
    },
    {
      "type": "Feature",
      "geometry": {
        "type": "Point",
        "coordinates": [
          67.730712890625,
          29.563901551414418
        ]
      },
      "properties": {
        "district": "Kachhi",
        "name": "Mushkaf",
        "province": "Balochistan",
        "tehsil": "Dhadar",
        "type": "Railway Station",
        "gcop_source_layer": "railway_stations",
        "gcop_map_layer": "railway_stations_label"
      }
    },
    {
      "type": "Feature",
      "geometry": {
        "type": "Point",
        "coordinates": [
          67.664794921875,
          29.616445727622548
        ]
      },
      "properties": {
        "district": "Kachhi",
        "name": "Pehro Kunri",
        "province": "Balochistan",
        "tehsil": "Dhadar",
        "type": "Railway Station",
        "gcop_source_layer": "railway_stations",
        "gcop_map_layer": "railway_stations_label"
      }
    },
    {
      "type": "Feature",
      "geometry": {
        "type": "Point",
        "coordinates": [
          67.8021240234375,
          29.52567042617582
        ]
      },
      "properties": {
        "district": "Kachhi",
        "name": "Nari Bank",
        "province": "Balochistan",
        "tehsil": "Dhadar",
        "type": "Railway Station",
        "gcop_source_layer": "railway_stations",
        "gcop_map_layer": "railway_stations_label"
      }
    },
    {
      "type": "Feature",
      "geometry": {
        "type": "Point",
        "coordinates": [
          67.137451171875,
          29.90256760730233
        ]
      },
      "properties": {
        "district": "Kachhi",
        "name": "Kolpur",
        "province": "Balochistan",
        "tehsil": "Mach",
        "type": "Railway Station",
        "gcop_source_layer": "railway_stations",
        "gcop_map_layer": "railway_stations_label"
      }
    },
    {
      "type": "Feature",
      "geometry": {
        "type": "Point",
        "coordinates": [
          67.5439453125,
          29.673735421779128
        ]
      },
      "properties": {
        "district": "Kachhi",
        "name": "Panir",
        "province": "Balochistan",
        "tehsil": "Mach",
        "type": "Railway Station",
        "gcop_source_layer": "railway_stations",
        "gcop_map_layer": "railway_stations_label"
      }
    },
    {
      "type": "Feature",
      "geometry": {
        "type": "Point",
        "coordinates": [
          67.4835205078125,
          29.726222319395504
        ]
      },
      "properties": {
        "district": "Kachhi",
        "name": "Peshi",
        "province": "Balochistan",
        "tehsil": "Mach",
        "type": "Railway Station",
        "gcop_source_layer": "railway_stations",
        "gcop_map_layer": "railway_stations_label"
      }
    },
    {
      "type": "Feature",
      "geometry": {
        "type": "Point",
        "coordinates": [
          67.401123046875,
          29.802517905764446
        ]
      },
      "properties": {
        "district": "Kachhi",
        "name": "Aab-e-Gum",
        "province": "Balochistan",
        "tehsil": "Mach",
        "type": "Railway Station",
        "gcop_source_layer": "railway_stations",
        "gcop_map_layer": "railway_stations_label"
      }
    },
    {
      "type": "Feature",
      "geometry": {
        "type": "Point",
        "coordinates": [
          67.225341796875,
          29.93113480986868
        ]
      },
      "properties": {
        "district": "Kachhi",
        "name": "Hirok",
        "province": "Balochistan",
        "tehsil": "Mach",
        "type": "Railway Station",
        "gcop_source_layer": "railway_stations",
        "gcop_map_layer": "railway_stations_label"
      }
    },
    {
      "type": "Feature",
      "geometry": {
        "type": "Point",
        "coordinates": [
          67.1868896484375,
          29.940655389125
        ]
      },
      "properties": {
        "district": "Kachhi",
        "name": "Dozan",
        "province": "Balochistan",
        "tehsil": "Mach",
        "type": "Railway Station",
        "gcop_source_layer": "railway_stations",
        "gcop_map_layer": "railway_stations_label"
      }
    },
    {
      "type": "Feature",
      "geometry": {
        "type": "Point",
        "coordinates": [
          67.32421875,
          29.864465259257997
        ]
      },
      "properties": {
        "district": "Kachhi",
        "name": "Mach",
        "province": "Balochistan",
        "tehsil": "Mach",
        "type": "Railway Station",
        "gcop_source_layer": "railway_stations",
        "gcop_map_layer": "railway_stations_label"
      }
    },
    {
      "type": "Feature",
      "geometry": {
        "type": "Point",
        "coordinates": [
          67.8955078125,
          29.28639889293477
        ]
      },
      "properties": {
        "district": "Kachhi",
        "name": "Dingra",
        "province": "Balochistan",
        "tehsil": "Balanari",
        "type": "Railway Station",
        "gcop_source_layer": "railway_stations",
        "gcop_map_layer": "railway_stations_label"
      }
    },
    {
      "type": "Feature",
      "geometry": {
        "type": "Point",
        "coordinates": [
          67.52197265625,
          30.722948824772516
        ]
      },
      "properties": {
        "district": "Killa Saifullah",
        "name": "Kan Mehtarzai",
        "province": "Balochistan",
        "tehsil": "Muslim Bagh",
        "type": "Railway Station",
        "gcop_source_layer": "railway_stations",
        "gcop_map_layer": "railway_stations_label"
      }
    },
    {
      "type": "Feature",
      "geometry": {
        "type": "Point",
        "coordinates": [
          67.74169921875,
          30.807910681366465
        ]
      },
      "properties": {
        "district": "Killa Saifullah",
        "name": "Muslim Bagh",
        "province": "Balochistan",
        "tehsil": "Muslim Bagh",
        "type": "Railway Station",
        "gcop_source_layer": "railway_stations",
        "gcop_map_layer": "railway_stations_label"
      }
    },
    {
      "type": "Feature",
      "geometry": {
        "type": "Point",
        "coordinates": [
          68.0108642578125,
          28.98892237190414
        ]
      },
      "properties": {
        "district": "Lehri",
        "name": "Bukhtiarabad Domki",
        "province": "Balochistan",
        "tehsil": "Lehri",
        "type": "Railway Station",
        "gcop_source_layer": "railway_stations",
        "gcop_map_layer": "railway_stations_label"
      }
    },
    {
      "type": "Feature",
      "geometry": {
        "type": "Point",
        "coordinates": [
          67.972412109375,
          29.08977693862319
        ]
      },
      "properties": {
        "district": "Lehri",
        "name": "Damboli",
        "province": "Balochistan",
        "tehsil": "Lehri",
        "type": "Railway Station",
        "gcop_source_layer": "railway_stations",
        "gcop_map_layer": "railway_stations_label"
      }
    },
    {
      "type": "Feature",
      "geometry": {
        "type": "Point",
        "coordinates": [
          68.0767822265625,
          28.753212537990336
        ]
      },
      "properties": {
        "district": "Nasirabad",
        "name": "Nuttall",
        "province": "Balochistan",
        "tehsil": "Dera Murad Jamali",
        "type": "Railway Station",
        "gcop_source_layer": "railway_stations",
        "gcop_map_layer": "railway_stations_label"
      }
    },
    {
      "type": "Feature",
      "geometry": {
        "type": "Point",
        "coordinates": [
          68.2196044921875,
          28.550750996758154
        ]
      },
      "properties": {
        "district": "Nasirabad",
        "name": "Dera Murad Jamali",
        "province": "Balochistan",
        "tehsil": "Dera Murad Jamali",
        "type": "Railway Station",
        "gcop_source_layer": "railway_stations",
        "gcop_map_layer": "railway_stations_label"
      }
    },
    {
      "type": "Feature",
      "geometry": {
        "type": "Point",
        "coordinates": [
          68.280029296875,
          28.468691297348144
        ]
      },
      "properties": {
        "district": "Nasirabad",
        "name": "Mangoli",
        "province": "Balochistan",
        "tehsil": "Dera Murad Jamali",
        "type": "Railway Station",
        "gcop_source_layer": "railway_stations",
        "gcop_map_layer": "railway_stations_label"
      }
    },
    {
      "type": "Feature",
      "geometry": {
        "type": "Point",
        "coordinates": [
          67.005615234375,
          30.4297295750316
        ]
      },
      "properties": {
        "district": "Pishin",
        "name": "Bostan",
        "province": "Balochistan",
        "tehsil": "Karezat",
        "type": "Junction",
        "gcop_source_layer": "railway_stations",
        "gcop_map_layer": "railway_stations_label"
      }
    },
    {
      "type": "Feature",
      "geometry": {
        "type": "Point",
        "coordinates": [
          67.313232421875,
          30.59063702689295
        ]
      },
      "properties": {
        "district": "Pishin",
        "name": "Zarghoon",
        "province": "Balochistan",
        "tehsil": "Karezat",
        "type": "Railway Station",
        "gcop_source_layer": "railway_stations",
        "gcop_map_layer": "railway_stations_label"
      }
    },
    {
      "type": "Feature",
      "geometry": {
        "type": "Point",
        "coordinates": [
          67.005615234375,
          29.978728593469924
        ]
      },
      "properties": {
        "district": "Quetta",
        "name": "Spezand",
        "province": "Balochistan",
        "tehsil": "Quetta City",
        "type": "Junction",
        "gcop_source_layer": "railway_stations",
        "gcop_map_layer": "railway_stations_label"
      }
    },
    {
      "type": "Feature",
      "geometry": {
        "type": "Point",
        "coordinates": [
          66.983642578125,
          30.10236569641242
        ]
      },
      "properties": {
        "district": "Quetta",
        "name": "Sariab",
        "province": "Balochistan",
        "tehsil": "Quetta City",
        "type": "Railway Station",
        "gcop_source_layer": "railway_stations",
        "gcop_map_layer": "railway_stations_label"
      }
    },
    {
      "type": "Feature",
      "geometry": {
        "type": "Point",
        "coordinates": [
          67.0001220703125,
          30.192618218499277
        ]
      },
      "properties": {
        "district": "Quetta",
        "name": "Quetta",
        "province": "Balochistan",
        "tehsil": "Quetta City",
        "type": "Railway Station",
        "gcop_source_layer": "railway_stations",
        "gcop_map_layer": "railway_stations_label"
      }
    },
    {
      "type": "Feature",
      "geometry": {
        "type": "Point",
        "coordinates": [
          67.8680419921875,
          29.549566573947942
        ]
      },
      "properties": {
        "district": "Sibi",
        "name": "Sibi",
        "province": "Balochistan",
        "tehsil": "Sibi",
        "type": "Junction",
        "gcop_source_layer": "railway_stations",
        "gcop_map_layer": "railway_stations_label"
      }
    },
    {
      "type": "Feature",
      "geometry": {
        "type": "Point",
        "coordinates": [
          67.8460693359375,
          29.468296641713223
        ]
      },
      "properties": {
        "district": "Sibi",
        "name": "Perak",
        "province": "Balochistan",
        "tehsil": "Sibi",
        "type": "Railway Station",
        "gcop_source_layer": "railway_stations",
        "gcop_map_layer": "railway_stations_label"
      }
    },
    {
      "type": "Feature",
      "geometry": {
        "type": "Point",
        "coordinates": [
          67.9888916015625,
          29.792984135470505
        ]
      },
      "properties": {
        "district": "Sibi",
        "name": "Babar Kach",
        "province": "Balochistan",
        "tehsil": "Sibi",
        "type": "Railway Station",
        "gcop_source_layer": "railway_stations",
        "gcop_map_layer": "railway_stations_label"
      }
    },
    {
      "type": "Feature",
      "geometry": {
        "type": "Point",
        "coordinates": [
          67.9449462890625,
          29.721451916690995
        ]
      },
      "properties": {
        "district": "Sibi",
        "name": "Nari Gaht",
        "province": "Balochistan",
        "tehsil": "Sibi",
        "type": "Railway Station",
        "gcop_source_layer": "railway_stations",
        "gcop_map_layer": "railway_stations_label"
      }
    },
    {
      "type": "Feature",
      "geometry": {
        "type": "Point",
        "coordinates": [
          73.01513671875,
          33.6283419913718
        ]
      },
      "properties": {
        "district": "Islamabad",
        "name": "Nur",
        "province": "Islamabad",
        "tehsil": "Islamabad",
        "type": "Junction",
        "gcop_source_layer": "railway_stations",
        "gcop_map_layer": "railway_stations_label"
      }
    },
    {
      "type": "Feature",
      "geometry": {
        "type": "Point",
        "coordinates": [
          72.850341796875,
          33.696922692957685
        ]
      },
      "properties": {
        "district": "Islamabad",
        "name": "Sangjani",
        "province": "Islamabad",
        "tehsil": "Islamabad",
        "type": "Railway Station",
        "gcop_source_layer": "railway_stations",
        "gcop_map_layer": "railway_stations_label"
      }
    },
    {
      "type": "Feature",
      "geometry": {
        "type": "Point",
        "coordinates": [
          72.97119140625,
          33.63291573870478
        ]
      },
      "properties": {
        "district": "Islamabad",
        "name": "Madina tul Hujjaj",
        "province": "Islamabad",
        "tehsil": "Islamabad",
        "type": "Railway Station",
        "gcop_source_layer": "railway_stations",
        "gcop_map_layer": "railway_stations_label"
      }
    },
    {
      "type": "Feature",
      "geometry": {
        "type": "Point",
        "coordinates": [
          73.2073974609375,
          33.55055114384406
        ]
      },
      "properties": {
        "district": "Islamabad",
        "name": "Sehala",
        "province": "Islamabad",
        "tehsil": "Islamabad",
        "type": "Railway Station",
        "gcop_source_layer": "railway_stations",
        "gcop_map_layer": "railway_stations_label"
      }
    },
    {
      "type": "Feature",
      "geometry": {
        "type": "Point",
        "coordinates": [
          72.94921875,
          33.66949697279553
        ]
      },
      "properties": {
        "district": "Islamabad",
        "name": "Golra Sharif",
        "province": "Islamabad",
        "tehsil": "Islamabad",
        "type": "Junction",
        "gcop_source_layer": "railway_stations",
        "gcop_map_layer": "railway_stations_label"
      }
    },
    {
      "type": "Feature",
      "geometry": {
        "type": "Point",
        "coordinates": [
          73.048095703125,
          33.66492516885242
        ]
      },
      "properties": {
        "district": "Islamabad",
        "name": "Margalla",
        "province": "Islamabad",
        "tehsil": "Islamabad",
        "type": "Railway Station",
        "gcop_source_layer": "railway_stations",
        "gcop_map_layer": "railway_stations_label"
      }
    },
    {
      "type": "Feature",
      "geometry": {
        "type": "Point",
        "coordinates": [
          71.7572021484375,
          34.152726980118175
        ]
      },
      "properties": {
        "district": "Charsadda",
        "name": "Charsadda",
        "province": "Khyber Pakhtunkhwa",
        "tehsil": "Charsadda",
        "type": "Railway Station",
        "gcop_source_layer": "railway_stations",
        "gcop_map_layer": "railway_stations_label"
      }
    },
    {
      "type": "Feature",
      "geometry": {
        "type": "Point",
        "coordinates": [
          71.378173828125,
          34.00713506435885
        ]
      },
      "properties": {
        "district": "Khyber",
        "name": "Jamrud",
        "province": "Khyber Pakhtunkhwa",
        "tehsil": "Jamrud",
        "type": "Railway Station",
        "gcop_source_layer": "railway_stations",
        "gcop_map_layer": "railway_stations_label"
      }
    },
    {
      "type": "Feature",
      "geometry": {
        "type": "Point",
        "coordinates": [
          71.1474609375,
          34.093610452768715
        ]
      },
      "properties": {
        "district": "Khyber",
        "name": "Landi Kotal",
        "province": "Khyber Pakhtunkhwa",
        "tehsil": "Landi Kotal",
        "type": "Railway Station",
        "gcop_source_layer": "railway_stations",
        "gcop_map_layer": "railway_stations_label"
      }
    },
    {
      "type": "Feature",
      "geometry": {
        "type": "Point",
        "coordinates": [
          71.1090087890625,
          34.11180455556898
        ]
      },
      "properties": {
        "district": "Khyber",
        "name": "Landi Khana",
        "province": "Khyber Pakhtunkhwa",
        "tehsil": "Landi Kotal",
        "type": "Railway Station",
        "gcop_source_layer": "railway_stations",
        "gcop_map_layer": "railway_stations_label"
      }
    },
    {
      "type": "Feature",
      "geometry": {
        "type": "Point",
        "coordinates": [
          71.19140625,
          34.08451193447476
        ]
      },
      "properties": {
        "district": "Khyber",
        "name": "sultan khel",
        "province": "Khyber Pakhtunkhwa",
        "tehsil": "Landi Kotal",
        "type": "Railway Station",
        "gcop_source_layer": "railway_stations",
        "gcop_map_layer": "railway_stations_label"
      }
    },
    {
      "type": "Feature",
      "geometry": {
        "type": "Point",
        "coordinates": [
          71.4495849609375,
          33.57343808567735
        ]
      },
      "properties": {
        "district": "Kohat",
        "name": "Kohat",
        "province": "Khyber Pakhtunkhwa",
        "tehsil": "Kohat",
        "type": "Railway Station",
        "gcop_source_layer": "railway_stations",
        "gcop_map_layer": "railway_stations_label"
      }
    },
    {
      "type": "Feature",
      "geometry": {
        "type": "Point",
        "coordinates": [
          71.575927734375,
          33.527658137677335
        ]
      },
      "properties": {
        "district": "Kohat",
        "name": "Babribanda",
        "province": "Khyber Pakhtunkhwa",
        "tehsil": "Kohat",
        "type": "Railway Station",
        "gcop_source_layer": "railway_stations",
        "gcop_map_layer": "railway_stations_label"
      }
    },
    {
      "type": "Feature",
      "geometry": {
        "type": "Point",
        "coordinates": [
          71.89453125,
          34.51560953848204
        ]
      },
      "properties": {
        "district": "Malakand",
        "name": "Dargai",
        "province": "Khyber Pakhtunkhwa",
        "tehsil": "Dargai",
        "type": "Railway Station",
        "gcop_source_layer": "railway_stations",
        "gcop_map_layer": "railway_stations_label"
      }
    },
    {
      "type": "Feature",
      "geometry": {
        "type": "Point",
        "coordinates": [
          72.0318603515625,
          34.18454183141725
        ]
      },
      "properties": {
        "district": "Mardan",
        "name": "Mardan",
        "province": "Khyber Pakhtunkhwa",
        "tehsil": "Mardan",
        "type": "Railway Station",
        "gcop_source_layer": "railway_stations",
        "gcop_map_layer": "railway_stations_label"
      }
    },
    {
      "type": "Feature",
      "geometry": {
        "type": "Point",
        "coordinates": [
          71.927490234375,
          34.275375297643876
        ]
      },
      "properties": {
        "district": "Mardan",
        "name": "Takht-e-Bhai",
        "province": "Khyber Pakhtunkhwa",
        "tehsil": "Takht Bhai",
        "type": "Railway Station",
        "gcop_source_layer": "railway_stations",
        "gcop_map_layer": "railway_stations_label"
      }
    },
    {
      "type": "Feature",
      "geometry": {
        "type": "Point",
        "coordinates": [
          71.9384765625,
          34.32982832836203
        ]
      },
      "properties": {
        "district": "Mardan",
        "name": "Parkho",
        "province": "Khyber Pakhtunkhwa",
        "tehsil": "Takht Bhai",
        "type": "Railway Station",
        "gcop_source_layer": "railway_stations",
        "gcop_map_layer": "railway_stations_label"
      }
    },
    {
      "type": "Feature",
      "geometry": {
        "type": "Point",
        "coordinates": [
          71.9219970703125,
          34.38424604015218
        ]
      },
      "properties": {
        "district": "Mardan",
        "name": "Hathian",
        "province": "Khyber Pakhtunkhwa",
        "tehsil": "Takht Bhai",
        "type": "Railway Station",
        "gcop_source_layer": "railway_stations",
        "gcop_map_layer": "railway_stations_label"
      }
    },
    {
      "type": "Feature",
      "geometry": {
        "type": "Point",
        "coordinates": [
          71.9384765625,
          34.00713506435885
        ]
      },
      "properties": {
        "district": "Nowshera",
        "name": "Khushhal Kot",
        "province": "Khyber Pakhtunkhwa",
        "tehsil": "Nowshera",
        "type": "Railway Station",
        "gcop_source_layer": "railway_stations",
        "gcop_map_layer": "railway_stations_label"
      }
    },
    {
      "type": "Feature",
      "geometry": {
        "type": "Point",
        "coordinates": [
          71.89453125,
          34.011688599108524
        ]
      },
      "properties": {
        "district": "Nowshera",
        "name": "Pir Piai",
        "province": "Khyber Pakhtunkhwa",
        "tehsil": "Nowshera",
        "type": "Railway Station",
        "gcop_source_layer": "railway_stations",
        "gcop_map_layer": "railway_stations_label"
      }
    },
    {
      "type": "Feature",
      "geometry": {
        "type": "Point",
        "coordinates": [
          72.00439453125,
          33.99802726234877
        ]
      },
      "properties": {
        "district": "Nowshera",
        "name": "Noshehra",
        "province": "Khyber Pakhtunkhwa",
        "tehsil": "Nowshera",
        "type": "Junction",
        "gcop_source_layer": "railway_stations",
        "gcop_map_layer": "railway_stations_label"
      }
    },
    {
      "type": "Feature",
      "geometry": {
        "type": "Point",
        "coordinates": [
          71.7791748046875,
          34.011688599108524
        ]
      },
      "properties": {
        "district": "Nowshera",
        "name": "Pabbi",
        "province": "Khyber Pakhtunkhwa",
        "tehsil": "Pabbi",
        "type": "Railway Station",
        "gcop_source_layer": "railway_stations",
        "gcop_map_layer": "railway_stations_label"
      }
    },
    {
      "type": "Feature",
      "geometry": {
        "type": "Point",
        "coordinates": [
          71.729736328125,
          34.016241889667015
        ]
      },
      "properties": {
        "district": "Nowshera",
        "name": "Taro Jabba",
        "province": "Khyber Pakhtunkhwa",
        "tehsil": "Pabbi",
        "type": "Railway Station",
        "gcop_source_layer": "railway_stations",
        "gcop_map_layer": "railway_stations_label"
      }
    },
    {
      "type": "Feature",
      "geometry": {
        "type": "Point",
        "coordinates": [
          72.3504638671875,
          33.77458136371689
        ]
      },
      "properties": {
        "district": "Attock",
        "name": "Attock Station",
        "province": "Punjab",
        "tehsil": "Attock",
        "type": "Railway Station",
        "gcop_source_layer": "railway_stations",
        "gcop_map_layer": "railway_stations_label"
      }
    },
    {
      "type": "Feature",
      "geometry": {
        "type": "Point",
        "coordinates": [
          72.5042724609375,
          33.82479361826488
        ]
      },
      "properties": {
        "district": "Attock",
        "name": "Faqirabad",
        "province": "Punjab",
        "tehsil": "Attock",
        "type": "Railway Station",
        "gcop_source_layer": "railway_stations",
        "gcop_map_layer": "railway_stations_label"
      }
    },
    {
      "type": "Feature",
      "geometry": {
        "type": "Point",
        "coordinates": [
          72.6416015625,
          33.57801474614399
        ]
      },
      "properties": {
        "district": "Attock",
        "name": "Fateh Jang",
        "province": "Punjab",
        "tehsil": "Fateh Jang",
        "type": "Railway Station",
        "gcop_source_layer": "railway_stations",
        "gcop_map_layer": "railway_stations_label"
      }
    },
    {
      "type": "Feature",
      "geometry": {
        "type": "Point",
        "coordinates": [
          72.5152587890625,
          33.54139466898275
        ]
      },
      "properties": {
        "district": "Attock",
        "name": "Gaggan",
        "province": "Punjab",
        "tehsil": "Fateh Jang",
        "type": "Railway Station",
        "gcop_source_layer": "railway_stations",
        "gcop_map_layer": "railway_stations_label"
      }
    },
    {
      "type": "Feature",
      "geometry": {
        "type": "Point",
        "coordinates": [
          72.0098876953125,
          33.44060944370355
        ]
      },
      "properties": {
        "district": "Attock",
        "name": "Jand",
        "province": "Punjab",
        "tehsil": "Jand",
        "type": "Junction",
        "gcop_source_layer": "railway_stations",
        "gcop_map_layer": "railway_stations_label"
      }
    },
    {
      "type": "Feature",
      "geometry": {
        "type": "Point",
        "coordinates": [
          71.861572265625,
          33.17434155100207
        ]
      },
      "properties": {
        "district": "Attock",
        "name": "Khattakabad",
        "province": "Punjab",
        "tehsil": "Jand",
        "type": "Railway Station",
        "gcop_source_layer": "railway_stations",
        "gcop_map_layer": "railway_stations_label"
      }
    },
    {
      "type": "Feature",
      "geometry": {
        "type": "Point",
        "coordinates": [
          71.9000244140625,
          33.234092955225194
        ]
      },
      "properties": {
        "district": "Attock",
        "name": "Chhab",
        "province": "Punjab",
        "tehsil": "Jand",
        "type": "Railway Station",
        "gcop_source_layer": "railway_stations",
        "gcop_map_layer": "railway_stations_label"
      }
    },
    {
      "type": "Feature",
      "geometry": {
        "type": "Point",
        "coordinates": [
          72.322998046875,
          33.53681606773303
        ]
      },
      "properties": {
        "district": "Attock",
        "name": "Kahal",
        "province": "Punjab",
        "tehsil": "Jand",
        "type": "Railway Station",
        "gcop_source_layer": "railway_stations",
        "gcop_map_layer": "railway_stations_label"
      }
    },
    {
      "type": "Feature",
      "geometry": {
        "type": "Point",
        "coordinates": [
          71.8505859375,
          33.128351191631566
        ]
      },
      "properties": {
        "district": "Attock",
        "name": "Injra",
        "province": "Punjab",
        "tehsil": "Jand",
        "type": "Railway Station",
        "gcop_source_layer": "railway_stations",
        "gcop_map_layer": "railway_stations_label"
      }
    },
    {
      "type": "Feature",
      "geometry": {
        "type": "Point",
        "coordinates": [
          71.78466796875,
          33.03629817885955
        ]
      },
      "properties": {
        "district": "Attock",
        "name": "Mukhad Road",
        "province": "Punjab",
        "tehsil": "Jand",
        "type": "Railway Station",
        "gcop_source_layer": "railway_stations",
        "gcop_map_layer": "railway_stations_label"
      }
    },
    {
      "type": "Feature",
      "geometry": {
        "type": "Point",
        "coordinates": [
          72.235107421875,
          33.55512901742287
        ]
      },
      "properties": {
        "district": "Attock",
        "name": "Basāl",
        "province": "Punjab",
        "tehsil": "Jand",
        "type": "Railway Station",
        "gcop_source_layer": "railway_stations",
        "gcop_map_layer": "railway_stations_label"
      }
    },
    {
      "type": "Feature",
      "geometry": {
        "type": "Point",
        "coordinates": [
          72.1142578125,
          33.50475906922608
        ]
      },
      "properties": {
        "district": "Attock",
        "name": "Namāl",
        "province": "Punjab",
        "tehsil": "Jand",
        "type": "Railway Station",
        "gcop_source_layer": "railway_stations",
        "gcop_map_layer": "railway_stations_label"
      }
    },
    {
      "type": "Feature",
      "geometry": {
        "type": "Point",
        "coordinates": [
          72.333984375,
          33.63291573870478
        ]
      },
      "properties": {
        "district": "Attock",
        "name": "Jhalar",
        "province": "Punjab",
        "tehsil": "Jand",
        "type": "Railway Station",
        "gcop_source_layer": "railway_stations",
        "gcop_map_layer": "railway_stations_label"
      }
    },
    {
      "type": "Feature",
      "geometry": {
        "type": "Point",
        "coordinates": [
          71.927490234375,
          33.362649660256636
        ]
      },
      "properties": {
        "district": "Attock",
        "name": "Uchri",
        "province": "Punjab",
        "tehsil": "Jand",
        "type": "Railway Station",
        "gcop_source_layer": "railway_stations",
        "gcop_map_layer": "railway_stations_label"
      }
    },
    {
      "type": "Feature",
      "geometry": {
        "type": "Point",
        "coordinates": [
          71.9000244140625,
          33.293803558346596
        ]
      },
      "properties": {
        "district": "Attock",
        "name": "Jhammat",
        "province": "Punjab",
        "tehsil": "Jand",
        "type": "Railway Station",
        "gcop_source_layer": "railway_stations",
        "gcop_map_layer": "railway_stations_label"
      }
    },
    {
      "type": "Feature",
      "geometry": {
        "type": "Point",
        "coordinates": [
          73.2513427734375,
          30.00251693857068
        ]
      },
      "properties": {
        "district": "Bahawalnagar",
        "name": "Bahawalnagar",
        "province": "Punjab",
        "tehsil": "Bahawalnagar",
        "type": "Junction",
        "gcop_source_layer": "railway_stations",
        "gcop_map_layer": "railway_stations_label"
      }
    },
    {
      "type": "Feature",
      "geometry": {
        "type": "Point",
        "coordinates": [
          73.135986328125,
          29.6116701151974
        ]
      },
      "properties": {
        "district": "Bahawalnagar",
        "name": "Haroonabad",
        "province": "Punjab",
        "tehsil": "Bahawalnagar",
        "type": "Railway Station",
        "gcop_source_layer": "railway_stations",
        "gcop_map_layer": "railway_stations_label"
      }
    },
    {
      "type": "Feature",
      "geometry": {
        "type": "Point",
        "coordinates": [
          72.8558349609375,
          29.79775113417307
        ]
      },
      "properties": {
        "district": "Bahawalnagar",
        "name": "Chishtian Sharif",
        "province": "Punjab",
        "tehsil": "Chishtian",
        "type": "Railway Station",
        "gcop_source_layer": "railway_stations",
        "gcop_map_layer": "railway_stations_label"
      }
    },
    {
      "type": "Feature",
      "geometry": {
        "type": "Point",
        "coordinates": [
          73.740234375,
          30.15462722077598
        ]
      },
      "properties": {
        "district": "Bahawalnagar",
        "name": "Mandi Sadiq Ganj",
        "province": "Punjab",
        "tehsil": "Minchinabad",
        "type": "junction",
        "gcop_source_layer": "railway_stations",
        "gcop_map_layer": "railway_stations_label"
      }
    },
    {
      "type": "Feature",
      "geometry": {
        "type": "Point",
        "coordinates": [
          73.8995361328125,
          30.29701788337205
        ]
      },
      "properties": {
        "district": "Bahawalnagar",
        "name": "Amruka",
        "province": "Punjab",
        "tehsil": "Minchinabad",
        "type": "Railway Station",
        "gcop_source_layer": "railway_stations",
        "gcop_map_layer": "railway_stations_label"
      }
    },
    {
      "type": "Feature",
      "geometry": {
        "type": "Point",
        "coordinates": [
          71.25732421875,
          29.152161283318918
        ]
      },
      "properties": {
        "district": "Bahawalpur",
        "name": "Dera Nawab Sahib",
        "province": "Punjab",
        "tehsil": "Ahmadpur East",
        "type": "Railway Station",
        "gcop_source_layer": "railway_stations",
        "gcop_map_layer": "railway_stations_label"
      }
    },
    {
      "type": "Feature",
      "geometry": {
        "type": "Point",
        "coordinates": [
          71.5484619140625,
          29.348663646523633
        ]
      },
      "properties": {
        "district": "Bahawalpur",
        "name": "Samasata",
        "province": "Punjab",
        "tehsil": "Bahawalpur",
        "type": "Junction",
        "gcop_source_layer": "railway_stations",
        "gcop_map_layer": "railway_stations_label"
      }
    },
    {
      "type": "Feature",
      "geometry": {
        "type": "Point",
        "coordinates": [
          71.65283203125,
          29.40131951004149
        ]
      },
      "properties": {
        "district": "Bahawalpur",
        "name": "Bahawalpur",
        "province": "Punjab",
        "tehsil": "Bahawalpur",
        "type": "Railway Station",
        "gcop_source_layer": "railway_stations",
        "gcop_map_layer": "railway_stations_label"
      }
    },
    {
      "type": "Feature",
      "geometry": {
        "type": "Point",
        "coordinates": [
          72.5482177734375,
          29.69759650228319
        ]
      },
      "properties": {
        "district": "Bahawalpur",
        "name": "Hasilpur",
        "province": "Punjab",
        "tehsil": "Hasilpur",
        "type": "Railway Station",
        "gcop_source_layer": "railway_stations",
        "gcop_map_layer": "railway_stations_label"
      }
    },
    {
      "type": "Feature",
      "geometry": {
        "type": "Point",
        "coordinates": [
          71.0650634765625,
          31.620643692450557
        ]
      },
      "properties": {
        "district": "Bhakkar",
        "name": "Bhakkar",
        "province": "Punjab",
        "tehsil": "Bhakkar",
        "type": "Railway Station",
        "gcop_source_layer": "railway_stations",
        "gcop_map_layer": "railway_stations_label"
      }
    },
    {
      "type": "Feature",
      "geometry": {
        "type": "Point",
        "coordinates": [
          71.03759765625,
          31.475524020001814
        ]
      },
      "properties": {
        "district": "Bhakkar",
        "name": "Notak",
        "province": "Punjab",
        "tehsil": "Bhakkar",
        "type": "Railway Station",
        "gcop_source_layer": "railway_stations",
        "gcop_map_layer": "railway_stations_label"
      }
    },
    {
      "type": "Feature",
      "geometry": {
        "type": "Point",
        "coordinates": [
          71.1090087890625,
          31.78421688448738
        ]
      },
      "properties": {
        "district": "Bhakkar",
        "name": "Darya Khan",
        "province": "Punjab",
        "tehsil": "Darya Khan",
        "type": "Railway Station",
        "gcop_source_layer": "railway_stations",
        "gcop_map_layer": "railway_stations_label"
      }
    },
    {
      "type": "Feature",
      "geometry": {
        "type": "Point",
        "coordinates": [
          71.5869140625,
          34.016241889667015
        ]
      },
      "properties": {
        "district": "Peshawar",
        "name": "Peshawar City",
        "province": "Khyber Pakhtunkhwa",
        "tehsil": "Town-I",
        "type": "Railway Station",
        "gcop_source_layer": "railway_stations",
        "gcop_map_layer": "railway_stations_label"
      }
    },
    {
      "type": "Feature",
      "geometry": {
        "type": "Point",
        "coordinates": [
          71.5484619140625,
          34.00258128543372
        ]
      },
      "properties": {
        "district": "Peshawar",
        "name": "Peshawar Cantt.",
        "province": "Khyber Pakhtunkhwa",
        "tehsil": "Town-Iii",
        "type": "Railway Station",
        "gcop_source_layer": "railway_stations",
        "gcop_map_layer": "railway_stations_label"
      }
    },
    {
      "type": "Feature",
      "geometry": {
        "type": "Point",
        "coordinates": [
          72.982177734375,
          31.73283925365007
        ]
      },
      "properties": {
        "district": "Chiniot",
        "name": "Chiniot",
        "province": "Punjab",
        "tehsil": "Chiniot",
        "type": "Railway Station",
        "gcop_source_layer": "railway_stations",
        "gcop_map_layer": "railway_stations_label"
      }
    },
    {
      "type": "Feature",
      "geometry": {
        "type": "Point",
        "coordinates": [
          73.0975341796875,
          31.658057274089913
        ]
      },
      "properties": {
        "district": "Chiniot",
        "name": "Burj",
        "province": "Punjab",
        "tehsil": "Chiniot",
        "type": "Railway Station",
        "gcop_source_layer": "railway_stations",
        "gcop_map_layer": "railway_stations_label"
      }
    },
    {
      "type": "Feature",
      "geometry": {
        "type": "Point",
        "coordinates": [
          72.9052734375,
          31.760866951379555
        ]
      },
      "properties": {
        "district": "Chiniot",
        "name": "Rabwah",
        "province": "Punjab",
        "tehsil": "Lalian",
        "type": "Railway Station",
        "gcop_source_layer": "railway_stations",
        "gcop_map_layer": "railway_stations_label"
      }
    },
    {
      "type": "Feature",
      "geometry": {
        "type": "Point",
        "coordinates": [
          72.8118896484375,
          31.826231907142883
        ]
      },
      "properties": {
        "district": "Chiniot",
        "name": "Lalian",
        "province": "Punjab",
        "tehsil": "Lalian",
        "type": "Railway Station",
        "gcop_source_layer": "railway_stations",
        "gcop_map_layer": "railway_stations_label"
      }
    },
    {
      "type": "Feature",
      "geometry": {
        "type": "Point",
        "coordinates": [
          70.6256103515625,
          30.050076521698728
        ]
      },
      "properties": {
        "district": "Dera Ghazi Khan",
        "name": "Dera Ghazi Khan",
        "province": "Punjab",
        "tehsil": "Dera Ghazi Khan",
        "type": "Railway Station",
        "gcop_source_layer": "railway_stations",
        "gcop_map_layer": "railway_stations_label"
      }
    },
    {
      "type": "Feature",
      "geometry": {
        "type": "Point",
        "coordinates": [
          73.2843017578125,
          31.672083485607402
        ]
      },
      "properties": {
        "district": "Faisalabad",
        "name": "Salarwala",
        "province": "Punjab",
        "tehsil": "Chak Jhumra",
        "type": "Railway Station",
        "gcop_source_layer": "railway_stations",
        "gcop_map_layer": "railway_stations_label"
      }
    },
    {
      "type": "Feature",
      "geometry": {
        "type": "Point",
        "coordinates": [
          73.1854248046875,
          31.569175449070897
        ]
      },
      "properties": {
        "district": "Faisalabad",
        "name": "Chak Jhumra",
        "province": "Punjab",
        "tehsil": "Chak Jhumra",
        "type": "Junction",
        "gcop_source_layer": "railway_stations",
        "gcop_map_layer": "railway_stations_label"
      }
    },
    {
      "type": "Feature",
      "geometry": {
        "type": "Point",
        "coordinates": [
          73.0645751953125,
          31.391157522824713
        ]
      },
      "properties": {
        "district": "Faisalabad",
        "name": "Samanabad",
        "province": "Punjab",
        "tehsil": "Faisalabad City",
        "type": "Railway Station",
        "gcop_source_layer": "railway_stations",
        "gcop_map_layer": "railway_stations_label"
      }
    },
    {
      "type": "Feature",
      "geometry": {
        "type": "Point",
        "coordinates": [
          73.0975341796875,
          31.419288124288357
        ]
      },
      "properties": {
        "district": "Faisalabad",
        "name": "Faisalabad",
        "province": "Punjab",
        "tehsil": "Faisalabad City",
        "type": "Railway Station",
        "gcop_source_layer": "railway_stations",
        "gcop_map_layer": "railway_stations_label"
      }
    },
    {
      "type": "Feature",
      "geometry": {
        "type": "Point",
        "coordinates": [
          73.0206298828125,
          31.367708915120843
        ]
      },
      "properties": {
        "district": "Faisalabad",
        "name": "Risalewala",
        "province": "Punjab",
        "tehsil": "Faisalabad Sadar",
        "type": "Railway Station",
        "gcop_source_layer": "railway_stations",
        "gcop_map_layer": "railway_stations_label"
      }
    },
    {
      "type": "Feature",
      "geometry": {
        "type": "Point",
        "coordinates": [
          73.4271240234375,
          31.33487103395059
        ]
      },
      "properties": {
        "district": "Faisalabad",
        "name": "Jaranwala",
        "province": "Punjab",
        "tehsil": "Jaranwala",
        "type": "Railway Station",
        "gcop_source_layer": "railway_stations",
        "gcop_map_layer": "railway_stations_label"
      }
    },
    {
      "type": "Feature",
      "geometry": {
        "type": "Point",
        "coordinates": [
          73.30078125,
          31.198706347135243
        ]
      },
      "properties": {
        "district": "Faisalabad",
        "name": "Rurala",
        "province": "Punjab",
        "tehsil": "Jaranwala",
        "type": "Railway Station",
        "gcop_source_layer": "railway_stations",
        "gcop_map_layer": "railway_stations_label"
      }
    },
    {
      "type": "Feature",
      "geometry": {
        "type": "Point",
        "coordinates": [
          72.8009033203125,
          30.831497881307925
        ]
      },
      "properties": {
        "district": "Faisalabad",
        "name": "Mamu Kanjan",
        "province": "Punjab",
        "tehsil": "Tandlian Wala",
        "type": "Railway Station",
        "gcop_source_layer": "railway_stations",
        "gcop_map_layer": "railway_stations_label"
      }
    },
    {
      "type": "Feature",
      "geometry": {
        "type": "Point",
        "coordinates": [
          72.9986572265625,
          30.949346915468567
        ]
      },
      "properties": {
        "district": "Faisalabad",
        "name": "Rahme Shah",
        "province": "Punjab",
        "tehsil": "Tandlian Wala",
        "type": "Railway Station",
        "gcop_source_layer": "railway_stations",
        "gcop_map_layer": "railway_stations_label"
      }
    },
    {
      "type": "Feature",
      "geometry": {
        "type": "Point",
        "coordinates": [
          74.168701171875,
          32.245328614046
        ]
      },
      "properties": {
        "district": "Gujranwala",
        "name": "Gujranwala Cantt",
        "province": "Punjab",
        "tehsil": "Gujranwala",
        "type": "Railway Station",
        "gcop_source_layer": "railway_stations",
        "gcop_map_layer": "railway_stations_label"
      }
    },
    {
      "type": "Feature",
      "geometry": {
        "type": "Point",
        "coordinates": [
          74.1851806640625,
          32.17561247849932
        ]
      },
      "properties": {
        "district": "Gujranwala",
        "name": "Gujranwala",
        "province": "Punjab",
        "tehsil": "Gujranwala",
        "type": "Railway Station",
        "gcop_source_layer": "railway_stations",
        "gcop_map_layer": "railway_stations_label"
      }
    },
    {
      "type": "Feature",
      "geometry": {
        "type": "Point",
        "coordinates": [
          74.1796875,
          32.19885712788491
        ]
      },
      "properties": {
        "district": "Gujranwala",
        "name": "Gujranwala",
        "province": "Punjab",
        "tehsil": "Gujranwala",
        "type": "Railway Station",
        "gcop_source_layer": "railway_stations",
        "gcop_map_layer": "railway_stations_label"
      }
    },
    {
      "type": "Feature",
      "geometry": {
        "type": "Point",
        "coordinates": [
          74.20166015625,
          32.10118973232095
        ]
      },
      "properties": {
        "district": "Gujranwala",
        "name": "Theri Sansi",
        "province": "Punjab",
        "tehsil": "Gujranwala",
        "type": "Railway Station",
        "gcop_source_layer": "railway_stations",
        "gcop_map_layer": "railway_stations_label"
      }
    },
    {
      "type": "Feature",
      "geometry": {
        "type": "Point",
        "coordinates": [
          74.212646484375,
          32.054644690549324
        ]
      },
      "properties": {
        "district": "Gujranwala",
        "name": "Eimenabad",
        "province": "Punjab",
        "tehsil": "Gujranwala",
        "type": "Railway Station",
        "gcop_source_layer": "railway_stations",
        "gcop_map_layer": "railway_stations_label"
      }
    },
    {
      "type": "Feature",
      "geometry": {
        "type": "Point",
        "coordinates": [
          74.2236328125,
          31.980123357368015
        ]
      },
      "properties": {
        "district": "Gujranwala",
        "name": "Kamoke",
        "province": "Punjab",
        "tehsil": "Kamoke",
        "type": "Railway Station",
        "gcop_source_layer": "railway_stations",
        "gcop_map_layer": "railway_stations_label"
      }
    },
    {
      "type": "Feature",
      "geometry": {
        "type": "Point",
        "coordinates": [
          74.24560546875,
          31.89155061268437
        ]
      },
      "properties": {
        "district": "Gujranwala",
        "name": "Sadhoke",
        "province": "Punjab",
        "tehsil": "Kamoke",
        "type": "Railway Station",
        "gcop_source_layer": "railway_stations",
        "gcop_map_layer": "railway_stations_label"
      }
    },
    {
      "type": "Feature",
      "geometry": {
        "type": "Point",
        "coordinates": [
          74.00390625,
          32.379961464357294
        ]
      },
      "properties": {
        "district": "Gujranwala",
        "name": "Mansurwali",
        "province": "Punjab",
        "tehsil": "Wazirabad",
        "type": "Railway Station",
        "gcop_source_layer": "railway_stations",
        "gcop_map_layer": "railway_stations_label"
      }
    },
    {
      "type": "Feature",
      "geometry": {
        "type": "Point",
        "coordinates": [
          74.11376953125,
          32.44488496716713
        ]
      },
      "properties": {
        "district": "Gujranwala",
        "name": "Wazirabad",
        "province": "Punjab",
        "tehsil": "Wazirabad",
        "type": "Junction",
        "gcop_source_layer": "railway_stations",
        "gcop_map_layer": "railway_stations_label"
      }
    },
    {
      "type": "Feature",
      "geometry": {
        "type": "Point",
        "coordinates": [
          74.1357421875,
          32.38460040620993
        ]
      },
      "properties": {
        "district": "Gujranwala",
        "name": "Dhaunkal",
        "province": "Punjab",
        "tehsil": "Wazirabad",
        "type": "Railway Station",
        "gcop_source_layer": "railway_stations",
        "gcop_map_layer": "railway_stations_label"
      }
    },
    {
      "type": "Feature",
      "geometry": {
        "type": "Point",
        "coordinates": [
          74.1522216796875,
          32.301063025369274
        ]
      },
      "properties": {
        "district": "Gujranwala",
        "name": "Gakhar Mandi",
        "province": "Punjab",
        "tehsil": "Wazirabad",
        "type": "Railway Station",
        "gcop_source_layer": "railway_stations",
        "gcop_map_layer": "railway_stations_label"
      }
    },
    {
      "type": "Feature",
      "geometry": {
        "type": "Point",
        "coordinates": [
          73.817138671875,
          32.25462006000723
        ]
      },
      "properties": {
        "district": "Gujranwala",
        "name": "Alipur Chattha",
        "province": "Punjab",
        "tehsil": "Wazirabad",
        "type": "Railway Station",
        "gcop_source_layer": "railway_stations",
        "gcop_map_layer": "railway_stations_label"
      }
    },
    {
      "type": "Feature",
      "geometry": {
        "type": "Point",
        "coordinates": [
          74.1192626953125,
          32.426340161546406
        ]
      },
      "properties": {
        "district": "Gujranwala",
        "name": "Nizamabad",
        "province": "Punjab",
        "tehsil": "Wazirabad",
        "type": "Railway Station",
        "gcop_source_layer": "railway_stations",
        "gcop_map_layer": "railway_stations_label"
      }
    },
    {
      "type": "Feature",
      "geometry": {
        "type": "Point",
        "coordinates": [
          74.0643310546875,
          32.560703522325156
        ]
      },
      "properties": {
        "district": "Gujrat",
        "name": "Gujrat",
        "province": "Punjab",
        "tehsil": "Gujrat",
        "type": "Railway Station",
        "gcop_source_layer": "railway_stations",
        "gcop_map_layer": "railway_stations_label"
      }
    },
    {
      "type": "Feature",
      "geometry": {
        "type": "Point",
        "coordinates": [
          74.00390625,
          32.63474905974431
        ]
      },
      "properties": {
        "district": "Gujrat",
        "name": "Dewna Mandi",
        "province": "Punjab",
        "tehsil": "Gujrat",
        "type": "Railway Station",
        "gcop_source_layer": "railway_stations",
        "gcop_map_layer": "railway_stations_label"
      }
    },
    {
      "type": "Feature",
      "geometry": {
        "type": "Point",
        "coordinates": [
          73.948974609375,
          32.69948868085268
        ]
      },
      "properties": {
        "district": "Gujrat",
        "name": "Lala Musa",
        "province": "Punjab",
        "tehsil": "Kharian",
        "type": "Junction",
        "gcop_source_layer": "railway_stations",
        "gcop_map_layer": "railway_stations_label"
      }
    },
    {
      "type": "Feature",
      "geometry": {
        "type": "Point",
        "coordinates": [
          73.8555908203125,
          32.81497839698581
        ]
      },
      "properties": {
        "district": "Gujrat",
        "name": "Kharian",
        "province": "Punjab",
        "tehsil": "Kharian",
        "type": "Railway Station",
        "gcop_source_layer": "railway_stations",
        "gcop_map_layer": "railway_stations_label"
      }
    },
    {
      "type": "Feature",
      "geometry": {
        "type": "Point",
        "coordinates": [
          73.8885498046875,
          32.773419354975175
        ]
      },
      "properties": {
        "district": "Gujrat",
        "name": "KHARAIN CANTT",
        "province": "Punjab",
        "tehsil": "Kharian",
        "type": "Railway Station",
        "gcop_source_layer": "railway_stations",
        "gcop_map_layer": "railway_stations_label"
      }
    },
    {
      "type": "Feature",
      "geometry": {
        "type": "Point",
        "coordinates": [
          73.905029296875,
          32.75032260780969
        ]
      },
      "properties": {
        "district": "Gujrat",
        "name": "Chak Peerana",
        "province": "Punjab",
        "tehsil": "Kharian",
        "type": "Railway Station",
        "gcop_source_layer": "railway_stations",
        "gcop_map_layer": "railway_stations_label"
      }
    },
    {
      "type": "Feature",
      "geometry": {
        "type": "Point",
        "coordinates": [
          73.71826171875,
          32.63012300670739
        ]
      },
      "properties": {
        "district": "Gujrat",
        "name": "Dinga",
        "province": "Punjab",
        "tehsil": "Kharian",
        "type": "Railway Station",
        "gcop_source_layer": "railway_stations",
        "gcop_map_layer": "railway_stations_label"
      }
    },
    {
      "type": "Feature",
      "geometry": {
        "type": "Point",
        "coordinates": [
          73.8006591796875,
          32.644000448276756
        ]
      },
      "properties": {
        "district": "Gujrat",
        "name": "Pir Jand",
        "province": "Punjab",
        "tehsil": "Kharian",
        "type": "Railway Station",
        "gcop_source_layer": "railway_stations",
        "gcop_map_layer": "railway_stations_label"
      }
    },
    {
      "type": "Feature",
      "geometry": {
        "type": "Point",
        "coordinates": [
          73.839111328125,
          32.657875736955276
        ]
      },
      "properties": {
        "district": "Gujrat",
        "name": "Jaura Karnana",
        "province": "Punjab",
        "tehsil": "Kharian",
        "type": "Railway Station",
        "gcop_source_layer": "railway_stations",
        "gcop_map_layer": "railway_stations_label"
      }
    },
    {
      "type": "Feature",
      "geometry": {
        "type": "Point",
        "coordinates": [
          73.8720703125,
          32.66712473312033
        ]
      },
      "properties": {
        "district": "Gujrat",
        "name": "Akhtar Karnana",
        "province": "Punjab",
        "tehsil": "Kharian",
        "type": "Railway Station",
        "gcop_source_layer": "railway_stations",
        "gcop_map_layer": "railway_stations_label"
      }
    },
    {
      "type": "Feature",
      "geometry": {
        "type": "Point",
        "coordinates": [
          73.751220703125,
          32.90726224488304
        ]
      },
      "properties": {
        "district": "Gujrat",
        "name": "Sarai Alamgir",
        "province": "Punjab",
        "tehsil": "Sarai Alamgir",
        "type": "Railway Station",
        "gcop_source_layer": "railway_stations",
        "gcop_map_layer": "railway_stations_label"
      }
    },
    {
      "type": "Feature",
      "geometry": {
        "type": "Point",
        "coordinates": [
          73.7841796875,
          32.87958717306631
        ]
      },
      "properties": {
        "district": "Gujrat",
        "name": "Choa kariyala",
        "province": "Punjab",
        "tehsil": "Sarai Alamgir",
        "type": "Railway Station",
        "gcop_source_layer": "railway_stations",
        "gcop_map_layer": "railway_stations_label"
      }
    },
    {
      "type": "Feature",
      "geometry": {
        "type": "Point",
        "coordinates": [
          73.6907958984375,
          32.0732655510424
        ]
      },
      "properties": {
        "district": "Hafizabad",
        "name": "Hafizabad",
        "province": "Punjab",
        "tehsil": "Hafizabad",
        "type": "Railway Station",
        "gcop_source_layer": "railway_stations",
        "gcop_map_layer": "railway_stations_label"
      }
    },
    {
      "type": "Feature",
      "geometry": {
        "type": "Point",
        "coordinates": [
          73.5040283203125,
          31.863562548378965
        ]
      },
      "properties": {
        "district": "Hafizabad",
        "name": "Sukheki",
        "province": "Punjab",
        "tehsil": "Pindi Bhattian",
        "type": "Railway Station",
        "gcop_source_layer": "railway_stations",
        "gcop_map_layer": "railway_stations_label"
      }
    },
    {
      "type": "Feature",
      "geometry": {
        "type": "Point",
        "coordinates": [
          72.3284912109375,
          31.259769987394293
        ]
      },
      "properties": {
        "district": "Jhang",
        "name": "Jhang Sadar",
        "province": "Punjab",
        "tehsil": "Jhang",
        "type": "Railway Station",
        "gcop_source_layer": "railway_stations",
        "gcop_map_layer": "railway_stations_label"
      }
    },
    {
      "type": "Feature",
      "geometry": {
        "type": "Point",
        "coordinates": [
          72.257080078125,
          30.96347904995936
        ]
      },
      "properties": {
        "district": "Jhang",
        "name": "Waryam",
        "province": "Punjab",
        "tehsil": "Shorkot",
        "type": "Railway Station",
        "gcop_source_layer": "railway_stations",
        "gcop_map_layer": "railway_stations_label"
      }
    },
    {
      "type": "Feature",
      "geometry": {
        "type": "Point",
        "coordinates": [
          72.2515869140625,
          30.789036751261165
        ]
      },
      "properties": {
        "district": "Jhang",
        "name": "Shorkot Cantonment",
        "province": "Punjab",
        "tehsil": "Shorkot",
        "type": "Junction",
        "gcop_source_layer": "railway_stations",
        "gcop_map_layer": "railway_stations_label"
      }
    },
    {
      "type": "Feature",
      "geometry": {
        "type": "Point",
        "coordinates": [
          72.2076416015625,
          30.722948824772516
        ]
      },
      "properties": {
        "district": "Jhang",
        "name": "Jarala",
        "province": "Punjab",
        "tehsil": "Shorkot",
        "type": "Railway Station",
        "gcop_source_layer": "railway_stations",
        "gcop_map_layer": "railway_stations_label"
      }
    },
    {
      "type": "Feature",
      "geometry": {
        "type": "Point",
        "coordinates": [
          73.5369873046875,
          33.03169299978312
        ]
      },
      "properties": {
        "district": "Jhelum",
        "name": "Ratial",
        "province": "Punjab",
        "tehsil": "Dina",
        "type": "Railway Station",
        "gcop_source_layer": "railway_stations",
        "gcop_map_layer": "railway_stations_label"
      }
    },
    {
      "type": "Feature",
      "geometry": {
        "type": "Point",
        "coordinates": [
          73.6029052734375,
          33.0224819196136
        ]
      },
      "properties": {
        "district": "Jhelum",
        "name": "Dina",
        "province": "Punjab",
        "tehsil": "Dina",
        "type": "Railway Station",
        "gcop_source_layer": "railway_stations",
        "gcop_map_layer": "railway_stations_label"
      }
    },
    {
      "type": "Feature",
      "geometry": {
        "type": "Point",
        "coordinates": [
          73.6578369140625,
          33.0224819196136
        ]
      },
      "properties": {
        "district": "Jhelum",
        "name": "Kaloowal",
        "province": "Punjab",
        "tehsil": "Dina",
        "type": "Railway Station",
        "gcop_source_layer": "railway_stations",
        "gcop_map_layer": "railway_stations_label"
      }
    },
    {
      "type": "Feature",
      "geometry": {
        "type": "Point",
        "coordinates": [
          73.6962890625,
          32.962586441917466
        ]
      },
      "properties": {
        "district": "Jhelum",
        "name": "Kala Gujran",
        "province": "Punjab",
        "tehsil": "Jhelum",
        "type": "Railway Station",
        "gcop_source_layer": "railway_stations",
        "gcop_map_layer": "railway_stations_label"
      }
    },
    {
      "type": "Feature",
      "geometry": {
        "type": "Point",
        "coordinates": [
          73.7237548828125,
          32.93031819907053
        ]
      },
      "properties": {
        "district": "Jhelum",
        "name": "Jhelum",
        "province": "Punjab",
        "tehsil": "Jhelum",
        "type": "Railway Station",
        "gcop_source_layer": "railway_stations",
        "gcop_map_layer": "railway_stations_label"
      }
    },
    {
      "type": "Feature",
      "geometry": {
        "type": "Point",
        "coordinates": [
          73.048095703125,
          32.59310597426534
        ]
      },
      "properties": {
        "district": "Jhelum",
        "name": "Pind Dadan Khan",
        "province": "Punjab",
        "tehsil": "Pind Dadan Khan",
        "type": "Railway Station",
        "gcop_source_layer": "railway_stations",
        "gcop_map_layer": "railway_stations_label"
      }
    },
    {
      "type": "Feature",
      "geometry": {
        "type": "Point",
        "coordinates": [
          72.982177734375,
          32.6393748736067
        ]
      },
      "properties": {
        "district": "Jhelum",
        "name": "Dandot",
        "province": "Punjab",
        "tehsil": "Pind Dadan Khan",
        "type": "Railway Station",
        "gcop_source_layer": "railway_stations",
        "gcop_map_layer": "railway_stations_label"
      }
    },
    {
      "type": "Feature",
      "geometry": {
        "type": "Point",
        "coordinates": [
          73.465576171875,
          33.03169299978312
        ]
      },
      "properties": {
        "district": "Jhelum",
        "name": "Domeli",
        "province": "Punjab",
        "tehsil": "Sohawa",
        "type": "Railway Station",
        "gcop_source_layer": "railway_stations",
        "gcop_map_layer": "railway_stations_label"
      }
    },
    {
      "type": "Feature",
      "geometry": {
        "type": "Point",
        "coordinates": [
          73.4326171875,
          33.13295131251587
        ]
      },
      "properties": {
        "district": "Jhelum",
        "name": "SOHAWA",
        "province": "Punjab",
        "tehsil": "Sohawa",
        "type": "Railway Station",
        "gcop_source_layer": "railway_stations",
        "gcop_map_layer": "railway_stations_label"
      }
    },
    {
      "type": "Feature",
      "geometry": {
        "type": "Point",
        "coordinates": [
          73.4271240234375,
          33.068527691971184
        ]
      },
      "properties": {
        "district": "Jhelum",
        "name": "Taraki",
        "province": "Punjab",
        "tehsil": "Sohawa",
        "type": "Railway Station",
        "gcop_source_layer": "railway_stations",
        "gcop_map_layer": "railway_stations_label"
      }
    },
    {
      "type": "Feature",
      "geometry": {
        "type": "Point",
        "coordinates": [
          74.256591796875,
          31.222197032103196
        ]
      },
      "properties": {
        "district": "Kasur",
        "name": "Raja Jang",
        "province": "Punjab",
        "tehsil": "Kasur",
        "type": "Railway Station",
        "gcop_source_layer": "railway_stations",
        "gcop_map_layer": "railway_stations_label"
      }
    },
    {
      "type": "Feature",
      "geometry": {
        "type": "Point",
        "coordinates": [
          74.443359375,
          31.118794395989525
        ]
      },
      "properties": {
        "district": "Kasur",
        "name": "Kasur",
        "province": "Punjab",
        "tehsil": "Kasur",
        "type": "Railway Station",
        "gcop_source_layer": "railway_stations",
        "gcop_map_layer": "railway_stations_label"
      }
    },
    {
      "type": "Feature",
      "geometry": {
        "type": "Point",
        "coordinates": [
          74.3280029296875,
          31.189308439528162
        ]
      },
      "properties": {
        "district": "Kasur",
        "name": "Rao Khan Wala",
        "province": "Punjab",
        "tehsil": "Kasur",
        "type": "Railway Station",
        "gcop_source_layer": "railway_stations",
        "gcop_map_layer": "railway_stations_label"
      }
    },
    {
      "type": "Feature",
      "geometry": {
        "type": "Point",
        "coordinates": [
          74.2236328125,
          31.250378149855706
        ]
      },
      "properties": {
        "district": "Kasur",
        "name": "Raiwind",
        "province": "Punjab",
        "tehsil": "Kot Radha Kishen",
        "type": "Junction",
        "gcop_source_layer": "railway_stations",
        "gcop_map_layer": "railway_stations_label"
      }
    },
    {
      "type": "Feature",
      "geometry": {
        "type": "Point",
        "coordinates": [
          74.15771484375,
          31.208103321325254
        ]
      },
      "properties": {
        "district": "Kasur",
        "name": "Premnagar",
        "province": "Punjab",
        "tehsil": "Kot Radha Kishen",
        "type": "Railway Station",
        "gcop_source_layer": "railway_stations",
        "gcop_map_layer": "railway_stations_label"
      }
    },
    {
      "type": "Feature",
      "geometry": {
        "type": "Point",
        "coordinates": [
          74.0972900390625,
          31.170509824703444
        ]
      },
      "properties": {
        "district": "Kasur",
        "name": "Kot Radha",
        "province": "Punjab",
        "tehsil": "Kot Radha Kishen",
        "type": "Railway Station",
        "gcop_source_layer": "railway_stations",
        "gcop_map_layer": "railway_stations_label"
      }
    },
    {
      "type": "Feature",
      "geometry": {
        "type": "Point",
        "coordinates": [
          74.036865234375,
          31.128199299111955
        ]
      },
      "properties": {
        "district": "Kasur",
        "name": "Bhoe Asal",
        "province": "Punjab",
        "tehsil": "Pattoki",
        "type": "Railway Station",
        "gcop_source_layer": "railway_stations",
        "gcop_map_layer": "railway_stations_label"
      }
    },
    {
      "type": "Feature",
      "geometry": {
        "type": "Point",
        "coordinates": [
          73.8555908203125,
          31.019986671412497
        ]
      },
      "properties": {
        "district": "Kasur",
        "name": "Pattoki",
        "province": "Punjab",
        "tehsil": "Pattoki",
        "type": "Railway Station",
        "gcop_source_layer": "railway_stations",
        "gcop_map_layer": "railway_stations_label"
      }
    },
    {
      "type": "Feature",
      "geometry": {
        "type": "Point",
        "coordinates": [
          72.1307373046875,
          30.55280041345354
        ]
      },
      "properties": {
        "district": "Khanewal",
        "name": "Abdul Hakim",
        "province": "Punjab",
        "tehsil": "Kabirwala",
        "type": "Railway Station",
        "gcop_source_layer": "railway_stations",
        "gcop_map_layer": "railway_stations_label"
      }
    },
    {
      "type": "Feature",
      "geometry": {
        "type": "Point",
        "coordinates": [
          72.1417236328125,
          30.372875188118044
        ]
      },
      "properties": {
        "district": "Khanewal",
        "name": "Kacha Kho",
        "province": "Punjab",
        "tehsil": "Khanewal",
        "type": "Railway Station",
        "gcop_source_layer": "railway_stations",
        "gcop_map_layer": "railway_stations_label"
      }
    },
    {
      "type": "Feature",
      "geometry": {
        "type": "Point",
        "coordinates": [
          71.927490234375,
          30.311245603935006
        ]
      },
      "properties": {
        "district": "Khanewal",
        "name": "Khanewal",
        "province": "Punjab",
        "tehsil": "Khanewal",
        "type": "Junction",
        "gcop_source_layer": "railway_stations",
        "gcop_map_layer": "railway_stations_label"
      }
    },
    {
      "type": "Feature",
      "geometry": {
        "type": "Point",
        "coordinates": [
          71.883544921875,
          30.235340577517945
        ]
      },
      "properties": {
        "district": "Khanewal",
        "name": "Mehr Shah Railway",
        "province": "Punjab",
        "tehsil": "Khanewal",
        "type": "Railway Station",
        "gcop_source_layer": "railway_stations",
        "gcop_map_layer": "railway_stations_label"
      }
    },
    {
      "type": "Feature",
      "geometry": {
        "type": "Point",
        "coordinates": [
          72.35595703125,
          30.4392020872356
        ]
      },
      "properties": {
        "district": "Khanewal",
        "name": "Mian Chunnu",
        "province": "Punjab",
        "tehsil": "Mian Channu",
        "type": "Railway Station",
        "gcop_source_layer": "railway_stations",
        "gcop_map_layer": "railway_stations_label"
      }
    },
    {
      "type": "Feature",
      "geometry": {
        "type": "Point",
        "coordinates": [
          72.432861328125,
          32.29177633471201
        ]
      },
      "properties": {
        "district": "Khushab",
        "name": "Katimar",
        "province": "Punjab",
        "tehsil": "Khushab",
        "type": "Railway Station",
        "gcop_source_layer": "railway_stations",
        "gcop_map_layer": "railway_stations_label"
      }
    },
    {
      "type": "Feature",
      "geometry": {
        "type": "Point",
        "coordinates": [
          72.344970703125,
          32.29641979896908
        ]
      },
      "properties": {
        "district": "Khushab",
        "name": "Khushab",
        "province": "Punjab",
        "tehsil": "Khushab",
        "type": "Junction",
        "gcop_source_layer": "railway_stations",
        "gcop_map_layer": "railway_stations_label"
      }
    },
    {
      "type": "Feature",
      "geometry": {
        "type": "Point",
        "coordinates": [
          71.9000244140625,
          32.338200271527754
        ]
      },
      "properties": {
        "district": "Khushab",
        "name": "Gunjial Railway",
        "province": "Punjab",
        "tehsil": "Quaidabad",
        "type": "Railway Station",
        "gcop_source_layer": "railway_stations",
        "gcop_map_layer": "railway_stations_label"
      }
    },
    {
      "type": "Feature",
      "geometry": {
        "type": "Point",
        "coordinates": [
          74.5751953125,
          31.587894464070402
        ]
      },
      "properties": {
        "district": "Lahore",
        "name": "Wagah",
        "province": "Punjab",
        "tehsil": "Lahore Cantt",
        "type": "Railway Station",
        "gcop_source_layer": "railway_stations",
        "gcop_map_layer": "railway_stations_label"
      }
    },
    {
      "type": "Feature",
      "geometry": {
        "type": "Point",
        "coordinates": [
          74.35546875,
          31.489577718501934
        ]
      },
      "properties": {
        "district": "Lahore",
        "name": "Walton",
        "province": "Punjab",
        "tehsil": "Lahore Cantt",
        "type": "Railway Station",
        "gcop_source_layer": "railway_stations",
        "gcop_map_layer": "railway_stations_label"
      }
    },
    {
      "type": "Feature",
      "geometry": {
        "type": "Point",
        "coordinates": [
          74.4927978515625,
          31.57853542647338
        ]
      },
      "properties": {
        "district": "Lahore",
        "name": "Jallo",
        "province": "Punjab",
        "tehsil": "Lahore Cantt",
        "type": "Railway Station",
        "gcop_source_layer": "railway_stations",
        "gcop_map_layer": "railway_stations_label"
      }
    },
    {
      "type": "Feature",
      "geometry": {
        "type": "Point",
        "coordinates": [
          74.3389892578125,
          31.57853542647338
        ]
      },
      "properties": {
        "district": "Lahore",
        "name": "Lahore",
        "province": "Punjab",
        "tehsil": "Lahore Cantt",
        "type": "Junction",
        "gcop_source_layer": "railway_stations",
        "gcop_map_layer": "railway_stations_label"
      }
    },
    {
      "type": "Feature",
      "geometry": {
        "type": "Point",
        "coordinates": [
          74.3609619140625,
          31.53172614451715
        ]
      },
      "properties": {
        "district": "Lahore",
        "name": "Lahore cantt",
        "province": "Punjab",
        "tehsil": "Lahore Cantt",
        "type": "Railway Station",
        "gcop_source_layer": "railway_stations",
        "gcop_map_layer": "railway_stations_label"
      }
    },
    {
      "type": "Feature",
      "geometry": {
        "type": "Point",
        "coordinates": [
          74.3389892578125,
          31.46146821080106
        ]
      },
      "properties": {
        "district": "Lahore",
        "name": "Kot Lakhpat",
        "province": "Punjab",
        "tehsil": "Lahore Cantt",
        "type": "Railway Station",
        "gcop_source_layer": "railway_stations",
        "gcop_map_layer": "railway_stations_label"
      }
    },
    {
      "type": "Feature",
      "geometry": {
        "type": "Point",
        "coordinates": [
          74.3060302734375,
          31.40053532686393
        ]
      },
      "properties": {
        "district": "Lahore",
        "name": "Kahna",
        "province": "Punjab",
        "tehsil": "Lahore Cantt",
        "type": "Railway Station",
        "gcop_source_layer": "railway_stations",
        "gcop_map_layer": "railway_stations_label"
      }
    },
    {
      "type": "Feature",
      "geometry": {
        "type": "Point",
        "coordinates": [
          74.3115234375,
          31.564495107991192
        ]
      },
      "properties": {
        "district": "Lahore",
        "name": "Anarkali",
        "province": "Punjab",
        "tehsil": "Lahore Cantt",
        "type": "Metro station",
        "gcop_source_layer": "railway_stations",
        "gcop_map_layer": "railway_stations_label"
      }
    },
    {
      "type": "Feature",
      "geometry": {
        "type": "Point",
        "coordinates": [
          74.28955078125,
          31.53172614451715
        ]
      },
      "properties": {
        "district": "Lahore",
        "name": "Bund Road",
        "province": "Punjab",
        "tehsil": "Lahore Cantt",
        "type": "Metro station",
        "gcop_source_layer": "railway_stations",
        "gcop_map_layer": "railway_stations_label"
      }
    },
    {
      "type": "Feature",
      "geometry": {
        "type": "Point",
        "coordinates": [
          74.4049072265625,
          31.587894464070402
        ]
      },
      "properties": {
        "district": "Lahore",
        "name": "Mahmood Booti",
        "province": "Punjab",
        "tehsil": "Lahore Cantt",
        "type": "Metro station",
        "gcop_source_layer": "railway_stations",
        "gcop_map_layer": "railway_stations_label"
      }
    },
    {
      "type": "Feature",
      "geometry": {
        "type": "Point",
        "coordinates": [
          74.410400390625,
          31.587894464070402
        ]
      },
      "properties": {
        "district": "Lahore",
        "name": "Salamatpura",
        "province": "Punjab",
        "tehsil": "Lahore Cantt",
        "type": "Metro station",
        "gcop_source_layer": "railway_stations",
        "gcop_map_layer": "railway_stations_label"
      }
    },
    {
      "type": "Feature",
      "geometry": {
        "type": "Point",
        "coordinates": [
          74.42138671875,
          31.587894464070402
        ]
      },
      "properties": {
        "district": "Lahore",
        "name": "Islam Park",
        "province": "Punjab",
        "tehsil": "Lahore Cantt",
        "type": "Metro station",
        "gcop_source_layer": "railway_stations",
        "gcop_map_layer": "railway_stations_label"
      }
    },
    {
      "type": "Feature",
      "geometry": {
        "type": "Point",
        "coordinates": [
          74.432373046875,
          31.587894464070402
        ]
      },
      "properties": {
        "district": "Lahore",
        "name": "Dera Gujjran",
        "province": "Punjab",
        "tehsil": "Lahore Cantt",
        "type": "Metro station",
        "gcop_source_layer": "railway_stations",
        "gcop_map_layer": "railway_stations_label"
      }
    },
    {
      "type": "Feature",
      "geometry": {
        "type": "Point",
        "coordinates": [
          74.2840576171875,
          31.52236147042143
        ]
      },
      "properties": {
        "district": "Lahore",
        "name": "Salahudin Road",
        "province": "Punjab",
        "tehsil": "Lahore Cantt",
        "type": "Metro station",
        "gcop_source_layer": "railway_stations",
        "gcop_map_layer": "railway_stations_label"
      }
    },
    {
      "type": "Feature",
      "geometry": {
        "type": "Point",
        "coordinates": [
          74.37744140625,
          31.55981453201842
        ]
      },
      "properties": {
        "district": "Lahore",
        "name": "Mughalpura",
        "province": "Punjab",
        "tehsil": "Lahore Cantt",
        "type": "Railway Station",
        "gcop_source_layer": "railway_stations",
        "gcop_map_layer": "railway_stations_label"
      }
    },
    {
      "type": "Feature",
      "geometry": {
        "type": "Point",
        "coordinates": [
          74.28955078125,
          31.625321213299188
        ]
      },
      "properties": {
        "district": "Lahore",
        "name": "Shahdra Town",
        "province": "Punjab",
        "tehsil": "Lahore City",
        "type": "Junction",
        "gcop_source_layer": "railway_stations",
        "gcop_map_layer": "railway_stations_label"
      }
    },
    {
      "type": "Feature",
      "geometry": {
        "type": "Point",
        "coordinates": [
          74.3170166015625,
          31.597252561706668
        ]
      },
      "properties": {
        "district": "Lahore",
        "name": "Badami Bagh",
        "province": "Punjab",
        "tehsil": "Lahore City",
        "type": "Railway Station",
        "gcop_source_layer": "railway_stations",
        "gcop_map_layer": "railway_stations_label"
      }
    },
    {
      "type": "Feature",
      "geometry": {
        "type": "Point",
        "coordinates": [
          74.267578125,
          31.330178972184655
        ]
      },
      "properties": {
        "district": "Lahore",
        "name": "Jia Bagga",
        "province": "Punjab",
        "tehsil": "Lahore City",
        "type": "Railway Station",
        "gcop_source_layer": "railway_stations",
        "gcop_map_layer": "railway_stations_label"
      }
    },
    {
      "type": "Feature",
      "geometry": {
        "type": "Point",
        "coordinates": [
          74.2950439453125,
          31.545771394936267
        ]
      },
      "properties": {
        "district": "Lahore",
        "name": "Gulshan-e-Ravi",
        "province": "Punjab",
        "tehsil": "Lahore City",
        "type": "Metro station",
        "gcop_source_layer": "railway_stations",
        "gcop_map_layer": "railway_stations_label"
      }
    },
    {
      "type": "Feature",
      "geometry": {
        "type": "Point",
        "coordinates": [
          74.2950439453125,
          31.54108987958581
        ]
      },
      "properties": {
        "district": "Lahore",
        "name": "Samanabad",
        "province": "Punjab",
        "tehsil": "Lahore City",
        "type": "Metro station",
        "gcop_source_layer": "railway_stations",
        "gcop_map_layer": "railway_stations_label"
      }
    },
    {
      "type": "Feature",
      "geometry": {
        "type": "Point",
        "coordinates": [
          74.24560546875,
          31.46615371502429
        ]
      },
      "properties": {
        "district": "Lahore",
        "name": "Ali Town",
        "province": "Punjab",
        "tehsil": "Lahore City",
        "type": "Metro station",
        "gcop_source_layer": "railway_stations",
        "gcop_map_layer": "railway_stations_label"
      }
    },
    {
      "type": "Feature",
      "geometry": {
        "type": "Point",
        "coordinates": [
          74.2401123046875,
          31.475524020001814
        ]
      },
      "properties": {
        "district": "Lahore",
        "name": "Thokar Niaz Baig",
        "province": "Punjab",
        "tehsil": "Lahore City",
        "type": "Metro station",
        "gcop_source_layer": "railway_stations",
        "gcop_map_layer": "railway_stations_label"
      }
    },
    {
      "type": "Feature",
      "geometry": {
        "type": "Point",
        "coordinates": [
          74.2510986328125,
          31.480208820716925
        ]
      },
      "properties": {
        "district": "Lahore",
        "name": "Canal View",
        "province": "Punjab",
        "tehsil": "Lahore City",
        "type": "Metro station",
        "gcop_source_layer": "railway_stations",
        "gcop_map_layer": "railway_stations_label"
      }
    },
    {
      "type": "Feature",
      "geometry": {
        "type": "Point",
        "coordinates": [
          74.256591796875,
          31.484893386890164
        ]
      },
      "properties": {
        "district": "Lahore",
        "name": "Hanjarwal",
        "province": "Punjab",
        "tehsil": "Lahore City",
        "type": "Metro station",
        "gcop_source_layer": "railway_stations",
        "gcop_map_layer": "railway_stations_label"
      }
    },
    {
      "type": "Feature",
      "geometry": {
        "type": "Point",
        "coordinates": [
          74.2620849609375,
          31.494261815532724
        ]
      },
      "properties": {
        "district": "Lahore",
        "name": "Wahdat Road",
        "province": "Punjab",
        "tehsil": "Lahore City",
        "type": "Metro station",
        "gcop_source_layer": "railway_stations",
        "gcop_map_layer": "railway_stations_label"
      }
    },
    {
      "type": "Feature",
      "geometry": {
        "type": "Point",
        "coordinates": [
          74.267578125,
          31.503629305773032
        ]
      },
      "properties": {
        "district": "Lahore",
        "name": "Awan Town",
        "province": "Punjab",
        "tehsil": "Lahore City",
        "type": "Metro station",
        "gcop_source_layer": "railway_stations",
        "gcop_map_layer": "railway_stations_label"
      }
    },
    {
      "type": "Feature",
      "geometry": {
        "type": "Point",
        "coordinates": [
          74.2730712890625,
          31.508312698943442
        ]
      },
      "properties": {
        "district": "Lahore",
        "name": "Sabzazar",
        "province": "Punjab",
        "tehsil": "Lahore City",
        "type": "Metro station",
        "gcop_source_layer": "railway_stations",
        "gcop_map_layer": "railway_stations_label"
      }
    },
    {
      "type": "Feature",
      "geometry": {
        "type": "Point",
        "coordinates": [
          74.278564453125,
          31.517678781287174
        ]
      },
      "properties": {
        "district": "Lahore",
        "name": "Shah Noor",
        "province": "Punjab",
        "tehsil": "Lahore City",
        "type": "Metro station",
        "gcop_source_layer": "railway_stations",
        "gcop_map_layer": "railway_stations_label"
      }
    },
    {
      "type": "Feature",
      "geometry": {
        "type": "Point",
        "coordinates": [
          70.9552001953125,
          31.142304905845734
        ]
      },
      "properties": {
        "district": "Layyah",
        "name": "Rajan Shah",
        "province": "Punjab",
        "tehsil": "Karor Lal Esan",
        "type": "Railway Station",
        "gcop_source_layer": "railway_stations",
        "gcop_map_layer": "railway_stations_label"
      }
    },
    {
      "type": "Feature",
      "geometry": {
        "type": "Point",
        "coordinates": [
          70.9442138671875,
          30.96818929679425
        ]
      },
      "properties": {
        "district": "Layyah",
        "name": "Layyah",
        "province": "Punjab",
        "tehsil": "Leiah",
        "type": "Railway Station",
        "gcop_source_layer": "railway_stations",
        "gcop_map_layer": "railway_stations_label"
      }
    },
    {
      "type": "Feature",
      "geometry": {
        "type": "Point",
        "coordinates": [
          70.9332275390625,
          30.76543912810554
        ]
      },
      "properties": {
        "district": "Layyah",
        "name": "Kot Sultan",
        "province": "Punjab",
        "tehsil": "Leiah",
        "type": "Railway Station",
        "gcop_source_layer": "railway_stations",
        "gcop_map_layer": "railway_stations_label"
      }
    },
    {
      "type": "Feature",
      "geometry": {
        "type": "Point",
        "coordinates": [
          70.9442138671875,
          30.699335004371974
        ]
      },
      "properties": {
        "district": "Layyah",
        "name": "Pahar Pur",
        "province": "Punjab",
        "tehsil": "Leiah",
        "type": "Railway Station",
        "gcop_source_layer": "railway_stations",
        "gcop_map_layer": "railway_stations_label"
      }
    },
    {
      "type": "Feature",
      "geometry": {
        "type": "Point",
        "coordinates": [
          71.9000244140625,
          29.630771207229003
        ]
      },
      "properties": {
        "district": "Lodhran",
        "name": "Kahror Pakka",
        "province": "Punjab",
        "tehsil": "Kahror Pacca",
        "type": "Railway Station",
        "gcop_source_layer": "railway_stations",
        "gcop_map_layer": "railway_stations_label"
      }
    },
    {
      "type": "Feature",
      "geometry": {
        "type": "Point",
        "coordinates": [
          71.6253662109375,
          29.540008792525455
        ]
      },
      "properties": {
        "district": "Lodhran",
        "name": "Lodhran",
        "province": "Punjab",
        "tehsil": "Lodhran",
        "type": "Railway Station",
        "gcop_source_layer": "railway_stations",
        "gcop_map_layer": "railway_stations_label"
      }
    },
    {
      "type": "Feature",
      "geometry": {
        "type": "Point",
        "coordinates": [
          71.47705078125,
          29.71668128723107
        ]
      },
      "properties": {
        "district": "Lodhran",
        "name": "Gilawala",
        "province": "Punjab",
        "tehsil": "Lodhran",
        "type": "Railway Station",
        "gcop_source_layer": "railway_stations",
        "gcop_map_layer": "railway_stations_label"
      }
    },
    {
      "type": "Feature",
      "geometry": {
        "type": "Point",
        "coordinates": [
          73.212890625,
          32.55144352864431
        ]
      },
      "properties": {
        "district": "Mandi Bahauddin",
        "name": "Malakwal",
        "province": "Punjab",
        "tehsil": "Malakwal",
        "type": "Junction",
        "gcop_source_layer": "railway_stations",
        "gcop_map_layer": "railway_stations_label"
      }
    },
    {
      "type": "Feature",
      "geometry": {
        "type": "Point",
        "coordinates": [
          73.0645751953125,
          32.42170336417894
        ]
      },
      "properties": {
        "district": "Mandi Bahauddin",
        "name": "Mona",
        "province": "Punjab",
        "tehsil": "Malakwal",
        "type": "Railway Station",
        "gcop_source_layer": "railway_stations",
        "gcop_map_layer": "railway_stations_label"
      }
    },
    {
      "type": "Feature",
      "geometry": {
        "type": "Point",
        "coordinates": [
          73.092041015625,
          32.44952057251956
        ]
      },
      "properties": {
        "district": "Mandi Bahauddin",
        "name": "Pind Muku",
        "province": "Punjab",
        "tehsil": "Malakwal",
        "type": "Railway Station",
        "gcop_source_layer": "railway_stations",
        "gcop_map_layer": "railway_stations_label"
      }
    },
    {
      "type": "Feature",
      "geometry": {
        "type": "Point",
        "coordinates": [
          73.3172607421875,
          32.560703522325156
        ]
      },
      "properties": {
        "district": "Mandi Bahauddin",
        "name": "Haria",
        "province": "Punjab",
        "tehsil": "Malakwal",
        "type": "Railway Station",
        "gcop_source_layer": "railway_stations",
        "gcop_map_layer": "railway_stations_label"
      }
    },
    {
      "type": "Feature",
      "geometry": {
        "type": "Point",
        "coordinates": [
          73.4930419921875,
          32.588477769459146
        ]
      },
      "properties": {
        "district": "Mandi Bahauddin",
        "name": "Mandi Bahauddin",
        "province": "Punjab",
        "tehsil": "Mandi Bahauddin",
        "type": "Railway Station",
        "gcop_source_layer": "railway_stations",
        "gcop_map_layer": "railway_stations_label"
      }
    },
    {
      "type": "Feature",
      "geometry": {
        "type": "Point",
        "coordinates": [
          73.6248779296875,
          32.61161640317033
        ]
      },
      "properties": {
        "district": "Mandi Bahauddin",
        "name": "Chailianwala",
        "province": "Punjab",
        "tehsil": "Mandi Bahauddin",
        "type": "Railway Station",
        "gcop_source_layer": "railway_stations",
        "gcop_map_layer": "railway_stations_label"
      }
    },
    {
      "type": "Feature",
      "geometry": {
        "type": "Point",
        "coordinates": [
          73.3941650390625,
          32.57459172113418
        ]
      },
      "properties": {
        "district": "Mandi Bahauddin",
        "name": "Ahla",
        "province": "Punjab",
        "tehsil": "Mandi Bahauddin",
        "type": "Railway Station",
        "gcop_source_layer": "railway_stations",
        "gcop_map_layer": "railway_stations_label"
      }
    },
    {
      "type": "Feature",
      "geometry": {
        "type": "Point",
        "coordinates": [
          71.5814208984375,
          32.884200285405484
        ]
      },
      "properties": {
        "district": "Mianwali",
        "name": "Daud Khel",
        "province": "Punjab",
        "tehsil": "Mianwali",
        "type": "Railway Station",
        "gcop_source_layer": "railway_stations",
        "gcop_map_layer": "railway_stations_label"
      }
    },
    {
      "type": "Feature",
      "geometry": {
        "type": "Point",
        "coordinates": [
          71.5374755859375,
          32.57922064287567
        ]
      },
      "properties": {
        "district": "Mianwali",
        "name": "Mianwali",
        "province": "Punjab",
        "tehsil": "Mianwali",
        "type": "Railway Station",
        "gcop_source_layer": "railway_stations",
        "gcop_map_layer": "railway_stations_label"
      }
    },
    {
      "type": "Feature",
      "geometry": {
        "type": "Point",
        "coordinates": [
          71.69677734375,
          32.42170336417894
        ]
      },
      "properties": {
        "district": "Mianwali",
        "name": "Wan Bhachran",
        "province": "Punjab",
        "tehsil": "Mianwali",
        "type": "Railway Station",
        "gcop_source_layer": "railway_stations",
        "gcop_map_layer": "railway_stations_label"
      }
    },
    {
      "type": "Feature",
      "geometry": {
        "type": "Point",
        "coordinates": [
          71.575927734375,
          32.76418137510082
        ]
      },
      "properties": {
        "district": "Mianwali",
        "name": "Pai Khel",
        "province": "Punjab",
        "tehsil": "Mianwali",
        "type": "Railway Station",
        "gcop_source_layer": "railway_stations",
        "gcop_map_layer": "railway_stations_label"
      }
    },
    {
      "type": "Feature",
      "geometry": {
        "type": "Point",
        "coordinates": [
          71.553955078125,
          32.63012300670739
        ]
      },
      "properties": {
        "district": "Mianwali",
        "name": "Beruli",
        "province": "Punjab",
        "tehsil": "Mianwali",
        "type": "Railway Station",
        "gcop_source_layer": "railway_stations",
        "gcop_map_layer": "railway_stations_label"
      }
    },
    {
      "type": "Feature",
      "geometry": {
        "type": "Point",
        "coordinates": [
          71.4715576171875,
          30.18312184219552
        ]
      },
      "properties": {
        "district": "Multan",
        "name": "Multan City",
        "province": "Punjab",
        "tehsil": "Multan City",
        "type": "Railway Station",
        "gcop_source_layer": "railway_stations",
        "gcop_map_layer": "railway_stations_label"
      }
    },
    {
      "type": "Feature",
      "geometry": {
        "type": "Point",
        "coordinates": [
          71.444091796875,
          30.178373310707883
        ]
      },
      "properties": {
        "district": "Multan",
        "name": "Multan Cantonment",
        "province": "Punjab",
        "tehsil": "Multan City",
        "type": "Railway Station",
        "gcop_source_layer": "railway_stations",
        "gcop_map_layer": "railway_stations_label"
      }
    },
    {
      "type": "Feature",
      "geometry": {
        "type": "Point",
        "coordinates": [
          71.3671875,
          30.135626231134594
        ]
      },
      "properties": {
        "district": "Multan",
        "name": "Muzafarabad",
        "province": "Punjab",
        "tehsil": "Multan City",
        "type": "Railway Station",
        "gcop_source_layer": "railway_stations",
        "gcop_map_layer": "railway_stations_label"
      }
    },
    {
      "type": "Feature",
      "geometry": {
        "type": "Point",
        "coordinates": [
          71.773681640625,
          30.263811840754926
        ]
      },
      "properties": {
        "district": "Multan",
        "name": "Kot Abas Shaheed",
        "province": "Punjab",
        "tehsil": "Multan Saddar",
        "type": "Railway Station",
        "gcop_source_layer": "railway_stations",
        "gcop_map_layer": "railway_stations_label"
      }
    },
    {
      "type": "Feature",
      "geometry": {
        "type": "Point",
        "coordinates": [
          71.34521484375,
          30.092860629528147
        ]
      },
      "properties": {
        "district": "Multan",
        "name": "Shershah",
        "province": "Punjab",
        "tehsil": "Multan Saddar",
        "type": "Railway Station",
        "gcop_source_layer": "railway_stations",
        "gcop_map_layer": "railway_stations_label"
      }
    },
    {
      "type": "Feature",
      "geometry": {
        "type": "Point",
        "coordinates": [
          70.94970703125,
          30.647364258243186
        ]
      },
      "properties": {
        "district": "Muzaffargarh",
        "name": "Ehsan Pur",
        "province": "Punjab",
        "tehsil": "Kot Addu",
        "type": "Railway Station",
        "gcop_source_layer": "railway_stations",
        "gcop_map_layer": "railway_stations_label"
      }
    },
    {
      "type": "Feature",
      "geometry": {
        "type": "Point",
        "coordinates": [
          70.9771728515625,
          30.19736606327224
        ]
      },
      "properties": {
        "district": "Muzaffargarh",
        "name": "Mehmood Kot Railway",
        "province": "Punjab",
        "tehsil": "Kot Addu",
        "type": "Railway Station",
        "gcop_source_layer": "railway_stations",
        "gcop_map_layer": "railway_stations_label"
      }
    },
    {
      "type": "Feature",
      "geometry": {
        "type": "Point",
        "coordinates": [
          70.9442138671875,
          30.566990873153344
        ]
      },
      "properties": {
        "district": "Muzaffargarh",
        "name": "Daira Din Panah",
        "province": "Punjab",
        "tehsil": "Kot Addu",
        "type": "Railway Station",
        "gcop_source_layer": "railway_stations",
        "gcop_map_layer": "railway_stations_label"
      }
    },
    {
      "type": "Feature",
      "geometry": {
        "type": "Point",
        "coordinates": [
          70.960693359375,
          30.467614102257855
        ]
      },
      "properties": {
        "district": "Muzaffargarh",
        "name": "Kot addu",
        "province": "Punjab",
        "tehsil": "Kot Addu",
        "type": "Junction",
        "gcop_source_layer": "railway_stations",
        "gcop_map_layer": "railway_stations_label"
      }
    },
    {
      "type": "Feature",
      "geometry": {
        "type": "Point",
        "coordinates": [
          71.19140625,
          30.083354648756156
        ]
      },
      "properties": {
        "district": "Muzaffargarh",
        "name": "Muzaffargarh",
        "province": "Punjab",
        "tehsil": "Muzaffargarh",
        "type": "Railway Station",
        "gcop_source_layer": "railway_stations",
        "gcop_map_layer": "railway_stations_label"
      }
    },
    {
      "type": "Feature",
      "geometry": {
        "type": "Point",
        "coordinates": [
          71.0540771484375,
          30.130875412002325
        ]
      },
      "properties": {
        "district": "Muzaffargarh",
        "name": "Budh",
        "province": "Punjab",
        "tehsil": "Muzaffargarh",
        "type": "Railway Station",
        "gcop_source_layer": "railway_stations",
        "gcop_map_layer": "railway_stations_label"
      }
    },
    {
      "type": "Feature",
      "geometry": {
        "type": "Point",
        "coordinates": [
          73.3721923828125,
          31.71882222408327
        ]
      },
      "properties": {
        "district": "Nankana Sahib",
        "name": "Sangla Hill",
        "province": "Punjab",
        "tehsil": "Sangla Hill",
        "type": "Junction",
        "gcop_source_layer": "railway_stations",
        "gcop_map_layer": "railway_stations_label"
      }
    },
    {
      "type": "Feature",
      "geometry": {
        "type": "Point",
        "coordinates": [
          73.465576171875,
          31.81689688674699
        ]
      },
      "properties": {
        "district": "Nankana Sahib",
        "name": "Nankana Sahib",
        "province": "Punjab",
        "tehsil": "Sangla Hill",
        "type": "Railway Station",
        "gcop_source_layer": "railway_stations",
        "gcop_map_layer": "railway_stations_label"
      }
    },
    {
      "type": "Feature",
      "geometry": {
        "type": "Point",
        "coordinates": [
          74.8663330078125,
          32.10118973232095
        ]
      },
      "properties": {
        "district": "Narowal",
        "name": "Narowal",
        "province": "Punjab",
        "tehsil": "Narowal",
        "type": "Railway Station",
        "gcop_source_layer": "railway_stations",
        "gcop_map_layer": "railway_stations_label"
      }
    },
    {
      "type": "Feature",
      "geometry": {
        "type": "Point",
        "coordinates": [
          74.6575927734375,
          31.984782715952377
        ]
      },
      "properties": {
        "district": "Narowal",
        "name": "Baddo Malhi",
        "province": "Punjab",
        "tehsil": "Narowal",
        "type": "Railway Station",
        "gcop_source_layer": "railway_stations",
        "gcop_map_layer": "railway_stations_label"
      }
    },
    {
      "type": "Feature",
      "geometry": {
        "type": "Point",
        "coordinates": [
          74.8333740234375,
          32.06861069132685
        ]
      },
      "properties": {
        "district": "Narowal",
        "name": "Kalaas Goraya",
        "province": "Punjab",
        "tehsil": "Narowal",
        "type": "Railway Station",
        "gcop_source_layer": "railway_stations",
        "gcop_map_layer": "railway_stations_label"
      }
    },
    {
      "type": "Feature",
      "geometry": {
        "type": "Point",
        "coordinates": [
          74.94873046875,
          32.08257455954592
        ]
      },
      "properties": {
        "district": "Narowal",
        "name": "Jassar",
        "province": "Punjab",
        "tehsil": "Narowal",
        "type": "Railway Station",
        "gcop_source_layer": "railway_stations",
        "gcop_map_layer": "railway_stations_label"
      }
    },
    {
      "type": "Feature",
      "geometry": {
        "type": "Point",
        "coordinates": [
          74.7344970703125,
          32.01273389791075
        ]
      },
      "properties": {
        "district": "Narowal",
        "name": "Ria Khas",
        "province": "Punjab",
        "tehsil": "Narowal",
        "type": "Railway Station",
        "gcop_source_layer": "railway_stations",
        "gcop_map_layer": "railway_stations_label"
      }
    },
    {
      "type": "Feature",
      "geometry": {
        "type": "Point",
        "coordinates": [
          73.5260009765625,
          30.8456474201826
        ]
      },
      "properties": {
        "district": "Okara",
        "name": "Kissan",
        "province": "Punjab",
        "tehsil": "Okara",
        "type": "Railway Station",
        "gcop_source_layer": "railway_stations",
        "gcop_map_layer": "railway_stations_label"
      }
    },
    {
      "type": "Feature",
      "geometry": {
        "type": "Point",
        "coordinates": [
          73.443603515625,
          30.803192546290973
        ]
      },
      "properties": {
        "district": "Okara",
        "name": "Okara",
        "province": "Punjab",
        "tehsil": "Okara",
        "type": "Railway Station",
        "gcop_source_layer": "railway_stations",
        "gcop_map_layer": "railway_stations_label"
      }
    },
    {
      "type": "Feature",
      "geometry": {
        "type": "Point",
        "coordinates": [
          73.7457275390625,
          30.954057859276134
        ]
      },
      "properties": {
        "district": "Okara",
        "name": "Habib Abad",
        "province": "Punjab",
        "tehsil": "Renala Khurd",
        "type": "Railway Station",
        "gcop_source_layer": "railway_stations",
        "gcop_map_layer": "railway_stations_label"
      }
    },
    {
      "type": "Feature",
      "geometry": {
        "type": "Point",
        "coordinates": [
          73.6798095703125,
          30.921076375384885
        ]
      },
      "properties": {
        "district": "Okara",
        "name": "Akhtar Abad",
        "province": "Punjab",
        "tehsil": "Renala Khurd",
        "type": "Railway Station",
        "gcop_source_layer": "railway_stations",
        "gcop_map_layer": "railway_stations_label"
      }
    },
    {
      "type": "Feature",
      "geometry": {
        "type": "Point",
        "coordinates": [
          73.597412109375,
          30.87865489577827
        ]
      },
      "properties": {
        "district": "Okara",
        "name": "Renala Khurd",
        "province": "Punjab",
        "tehsil": "Renala Khurd",
        "type": "Railway Station",
        "gcop_source_layer": "railway_stations",
        "gcop_map_layer": "railway_stations_label"
      }
    },
    {
      "type": "Feature",
      "geometry": {
        "type": "Point",
        "coordinates": [
          73.0645751953125,
          30.29227485102426
        ]
      },
      "properties": {
        "district": "Pakpattan",
        "name": "Cargo Station Arifwala",
        "province": "Punjab",
        "tehsil": "Arif Wala",
        "type": "Railway Station",
        "gcop_source_layer": "railway_stations",
        "gcop_map_layer": "railway_stations_label"
      }
    },
    {
      "type": "Feature",
      "geometry": {
        "type": "Point",
        "coordinates": [
          70.6475830078125,
          28.637568089327843
        ]
      },
      "properties": {
        "district": "Rahim Yar Khan",
        "name": "Khanpur",
        "province": "Punjab",
        "tehsil": "Khanpur",
        "type": "Railway Station",
        "gcop_source_layer": "railway_stations",
        "gcop_map_layer": "railway_stations_label"
      }
    },
    {
      "type": "Feature",
      "geometry": {
        "type": "Point",
        "coordinates": [
          70.5596923828125,
          28.589345223446188
        ]
      },
      "properties": {
        "district": "Rahim Yar Khan",
        "name": "Sahja",
        "province": "Punjab",
        "tehsil": "Khanpur",
        "type": "Railway Station",
        "gcop_source_layer": "railway_stations",
        "gcop_map_layer": "railway_stations_label"
      }
    },
    {
      "type": "Feature",
      "geometry": {
        "type": "Point",
        "coordinates": [
          70.81787109375,
          28.76284380526603
        ]
      },
      "properties": {
        "district": "Rahim Yar Khan",
        "name": "Firoza",
        "province": "Punjab",
        "tehsil": "Khanpur",
        "type": "Railway Station",
        "gcop_source_layer": "railway_stations",
        "gcop_map_layer": "railway_stations_label"
      }
    },
    {
      "type": "Feature",
      "geometry": {
        "type": "Point",
        "coordinates": [
          70.740966796875,
          28.680949728554964
        ]
      },
      "properties": {
        "district": "Rahim Yar Khan",
        "name": "Jetha Bhutta",
        "province": "Punjab",
        "tehsil": "Khanpur",
        "type": "Railway Station",
        "gcop_source_layer": "railway_stations",
        "gcop_map_layer": "railway_stations_label"
      }
    },
    {
      "type": "Feature",
      "geometry": {
        "type": "Point",
        "coordinates": [
          70.9442138671875,
          28.93605448213667
        ]
      },
      "properties": {
        "district": "Rahim Yar Khan",
        "name": "Liaquatpur",
        "province": "Punjab",
        "tehsil": "Liaqatpur",
        "type": "Railway Station",
        "gcop_source_layer": "railway_stations",
        "gcop_map_layer": "railway_stations_label"
      }
    },
    {
      "type": "Feature",
      "geometry": {
        "type": "Point",
        "coordinates": [
          70.301513671875,
          28.420391085674297
        ]
      },
      "properties": {
        "district": "Rahim Yar Khan",
        "name": "Rahim Yar Khan",
        "province": "Punjab",
        "tehsil": "Rahim Yar Khan",
        "type": "Railway Station",
        "gcop_source_layer": "railway_stations",
        "gcop_map_layer": "railway_stations_label"
      }
    },
    {
      "type": "Feature",
      "geometry": {
        "type": "Point",
        "coordinates": [
          70.400390625,
          28.488005204159464
        ]
      },
      "properties": {
        "district": "Rahim Yar Khan",
        "name": "Tarinda Saway Khan",
        "province": "Punjab",
        "tehsil": "Rahim Yar Khan",
        "type": "Railway Station",
        "gcop_source_layer": "railway_stations",
        "gcop_map_layer": "railway_stations_label"
      }
    },
    {
      "type": "Feature",
      "geometry": {
        "type": "Point",
        "coordinates": [
          70.4827880859375,
          28.53627451298992
        ]
      },
      "properties": {
        "district": "Rahim Yar Khan",
        "name": "Kot Samaba",
        "province": "Punjab",
        "tehsil": "Rahim Yar Khan",
        "type": "Railway Station",
        "gcop_source_layer": "railway_stations",
        "gcop_map_layer": "railway_stations_label"
      }
    },
    {
      "type": "Feature",
      "geometry": {
        "type": "Point",
        "coordinates": [
          70.576171875,
          29.635545914466675
        ]
      },
      "properties": {
        "district": "Rajanpur",
        "name": "Jampur",
        "province": "Punjab",
        "tehsil": "Jampur",
        "type": "Railway Station",
        "gcop_source_layer": "railway_stations",
        "gcop_map_layer": "railway_stations_label"
      }
    },
    {
      "type": "Feature",
      "geometry": {
        "type": "Point",
        "coordinates": [
          70.3564453125,
          28.974506534302407
        ]
      },
      "properties": {
        "district": "Rajanpur",
        "name": "Mithan Kot",
        "province": "Punjab",
        "tehsil": "Rajanpur",
        "type": "Railway Station",
        "gcop_source_layer": "railway_stations",
        "gcop_map_layer": "railway_stations_label"
      }
    },
    {
      "type": "Feature",
      "geometry": {
        "type": "Point",
        "coordinates": [
          70.3399658203125,
          29.099376992628493
        ]
      },
      "properties": {
        "district": "Rajanpur",
        "name": "Rajanpur",
        "province": "Punjab",
        "tehsil": "Rajanpur",
        "type": "Railway Station",
        "gcop_source_layer": "railway_stations",
        "gcop_map_layer": "railway_stations_label"
      }
    },
    {
      "type": "Feature",
      "geometry": {
        "type": "Point",
        "coordinates": [
          73.2623291015625,
          33.30298618122413
        ]
      },
      "properties": {
        "district": "Rawalpindi",
        "name": "Ghungrilla",
        "province": "Punjab",
        "tehsil": "Gujar Khan",
        "type": "Railway Station",
        "gcop_source_layer": "railway_stations",
        "gcop_map_layer": "railway_stations_label"
      }
    },
    {
      "type": "Feature",
      "geometry": {
        "type": "Point",
        "coordinates": [
          73.2403564453125,
          33.367237465838315
        ]
      },
      "properties": {
        "district": "Rawalpindi",
        "name": "Mandra",
        "province": "Punjab",
        "tehsil": "Gujar Khan",
        "type": "Junction",
        "gcop_source_layer": "railway_stations",
        "gcop_map_layer": "railway_stations_label"
      }
    },
    {
      "type": "Feature",
      "geometry": {
        "type": "Point",
        "coordinates": [
          73.3062744140625,
          33.25706340236546
        ]
      },
      "properties": {
        "district": "Rawalpindi",
        "name": "Gujar Khan",
        "province": "Punjab",
        "tehsil": "Gujar Khan",
        "type": "Railway Station",
        "gcop_source_layer": "railway_stations",
        "gcop_map_layer": "railway_stations_label"
      }
    },
    {
      "type": "Feature",
      "geometry": {
        "type": "Point",
        "coordinates": [
          73.3392333984375,
          33.224903086263964
        ]
      },
      "properties": {
        "district": "Rawalpindi",
        "name": "Pandora",
        "province": "Punjab",
        "tehsil": "Gujar Khan",
        "type": "Railway Station",
        "gcop_source_layer": "railway_stations",
        "gcop_map_layer": "railway_stations_label"
      }
    },
    {
      "type": "Feature",
      "geometry": {
        "type": "Point",
        "coordinates": [
          73.0975341796875,
          33.6008944080788
        ]
      },
      "properties": {
        "district": "Rawalpindi",
        "name": "Chaklala",
        "province": "Punjab",
        "tehsil": "Rawalpindi",
        "type": "Railway Station",
        "gcop_source_layer": "railway_stations",
        "gcop_map_layer": "railway_stations_label"
      }
    },
    {
      "type": "Feature",
      "geometry": {
        "type": "Point",
        "coordinates": [
          73.14697265625,
          33.582591163939185
        ]
      },
      "properties": {
        "district": "Rawalpindi",
        "name": "Loi Bher",
        "province": "Punjab",
        "tehsil": "Rawalpindi",
        "type": "Railway Station",
        "gcop_source_layer": "railway_stations",
        "gcop_map_layer": "railway_stations_label"
      }
    },
    {
      "type": "Feature",
      "geometry": {
        "type": "Point",
        "coordinates": [
          73.2403564453125,
          33.47727218776036
        ]
      },
      "properties": {
        "district": "Rawalpindi",
        "name": "Mankiala",
        "province": "Punjab",
        "tehsil": "Rawalpindi",
        "type": "Railway Station",
        "gcop_source_layer": "railway_stations",
        "gcop_map_layer": "railway_stations_label"
      }
    },
    {
      "type": "Feature",
      "geometry": {
        "type": "Point",
        "coordinates": [
          73.048095703125,
          33.60546961227189
        ]
      },
      "properties": {
        "district": "Rawalpindi",
        "name": "Rawalpindi",
        "province": "Punjab",
        "tehsil": "Rawalpindi",
        "type": "Railway Station",
        "gcop_source_layer": "railway_stations",
        "gcop_map_layer": "railway_stations_label"
      }
    },
    {
      "type": "Feature",
      "geometry": {
        "type": "Point",
        "coordinates": [
          72.7349853515625,
          33.815666308702774
        ]
      },
      "properties": {
        "district": "Rawalpindi",
        "name": "Wah",
        "province": "Punjab",
        "tehsil": "Taxila",
        "type": "Railway Station",
        "gcop_source_layer": "railway_stations",
        "gcop_map_layer": "railway_stations_label"
      }
    },
    {
      "type": "Feature",
      "geometry": {
        "type": "Point",
        "coordinates": [
          72.8118896484375,
          33.74261277734689
        ]
      },
      "properties": {
        "district": "Rawalpindi",
        "name": "Taxila",
        "province": "Punjab",
        "tehsil": "Taxila",
        "type": "Junction",
        "gcop_source_layer": "railway_stations",
        "gcop_map_layer": "railway_stations_label"
      }
    },
    {
      "type": "Feature",
      "geometry": {
        "type": "Point",
        "coordinates": [
          72.7679443359375,
          33.792843773631844
        ]
      },
      "properties": {
        "district": "Rawalpindi",
        "name": "Budho",
        "province": "Punjab",
        "tehsil": "Taxila",
        "type": "Railway Station",
        "gcop_source_layer": "railway_stations",
        "gcop_map_layer": "railway_stations_label"
      }
    },
    {
      "type": "Feature",
      "geometry": {
        "type": "Point",
        "coordinates": [
          72.6910400390625,
          30.533876572997627
        ]
      },
      "properties": {
        "district": "Sahiwal",
        "name": "Chichawatni",
        "province": "Punjab",
        "tehsil": "Chichawatni",
        "type": "Railway Station",
        "gcop_source_layer": "railway_stations",
        "gcop_map_layer": "railway_stations_label"
      }
    },
    {
      "type": "Feature",
      "geometry": {
        "type": "Point",
        "coordinates": [
          72.5372314453125,
          30.491284452100174
        ]
      },
      "properties": {
        "district": "Sahiwal",
        "name": "Kassowal",
        "province": "Punjab",
        "tehsil": "Chichawatni",
        "type": "Railway Station",
        "gcop_source_layer": "railway_stations",
        "gcop_map_layer": "railway_stations_label"
      }
    },
    {
      "type": "Feature",
      "geometry": {
        "type": "Point",
        "coordinates": [
          72.9052734375,
          30.600093873550065
        ]
      },
      "properties": {
        "district": "Sahiwal",
        "name": "Harappa",
        "province": "Punjab",
        "tehsil": "Sahiwal",
        "type": "Railway Station",
        "gcop_source_layer": "railway_stations",
        "gcop_map_layer": "railway_stations_label"
      }
    },
    {
      "type": "Feature",
      "geometry": {
        "type": "Point",
        "coordinates": [
          73.333740234375,
          30.75127777625781
        ]
      },
      "properties": {
        "district": "Sahiwal",
        "name": "Okara Cantt",
        "province": "Punjab",
        "tehsil": "Sahiwal",
        "type": "Railway Station",
        "gcop_source_layer": "railway_stations",
        "gcop_map_layer": "railway_stations_label"
      }
    },
    {
      "type": "Feature",
      "geometry": {
        "type": "Point",
        "coordinates": [
          73.1964111328125,
          30.685163937659567
        ]
      },
      "properties": {
        "district": "Sahiwal",
        "name": "Yousafwala",
        "province": "Punjab",
        "tehsil": "Sahiwal",
        "type": "Railway Station",
        "gcop_source_layer": "railway_stations",
        "gcop_map_layer": "railway_stations_label"
      }
    },
    {
      "type": "Feature",
      "geometry": {
        "type": "Point",
        "coordinates": [
          73.10302734375,
          30.652090026760007
        ]
      },
      "properties": {
        "district": "Sahiwal",
        "name": "Sahiwal",
        "province": "Punjab",
        "tehsil": "Sahiwal",
        "type": "Railway Station",
        "gcop_source_layer": "railway_stations",
        "gcop_map_layer": "railway_stations_label"
      }
    },
    {
      "type": "Feature",
      "geometry": {
        "type": "Point",
        "coordinates": [
          72.9052734375,
          32.263910555201306
        ]
      },
      "properties": {
        "district": "Sargodha",
        "name": "Bhalwal",
        "province": "Punjab",
        "tehsil": "Bhalwal",
        "type": "Railway Station",
        "gcop_source_layer": "railway_stations",
        "gcop_map_layer": "railway_stations_label"
      }
    },
    {
      "type": "Feature",
      "geometry": {
        "type": "Point",
        "coordinates": [
          72.94921875,
          32.301063025369274
        ]
      },
      "properties": {
        "district": "Sargodha",
        "name": "Wilson pur",
        "province": "Punjab",
        "tehsil": "Bhalwal",
        "type": "Railway Station",
        "gcop_source_layer": "railway_stations",
        "gcop_map_layer": "railway_stations_label"
      }
    },
    {
      "type": "Feature",
      "geometry": {
        "type": "Point",
        "coordinates": [
          73.0096435546875,
          32.36140331527544
        ]
      },
      "properties": {
        "district": "Sargodha",
        "name": "Phulrwan",
        "province": "Punjab",
        "tehsil": "Bhalwal",
        "type": "Railway Station",
        "gcop_source_layer": "railway_stations",
        "gcop_map_layer": "railway_stations_label"
      }
    },
    {
      "type": "Feature",
      "geometry": {
        "type": "Point",
        "coordinates": [
          72.8778076171875,
          32.24068253457369
        ]
      },
      "properties": {
        "district": "Sargodha",
        "name": "Qudratabad",
        "province": "Punjab",
        "tehsil": "Bhalwal",
        "type": "Railway Station",
        "gcop_source_layer": "railway_stations",
        "gcop_map_layer": "railway_stations_label"
      }
    },
    {
      "type": "Feature",
      "geometry": {
        "type": "Point",
        "coordinates": [
          72.828369140625,
          32.20350534542368
        ]
      },
      "properties": {
        "district": "Sargodha",
        "name": "Ajnalah",
        "province": "Punjab",
        "tehsil": "Bhalwal",
        "type": "Railway Station",
        "gcop_source_layer": "railway_stations",
        "gcop_map_layer": "railway_stations_label"
      }
    },
    {
      "type": "Feature",
      "geometry": {
        "type": "Point",
        "coordinates": [
          72.6416015625,
          32.017391599804
        ]
      },
      "properties": {
        "district": "Sargodha",
        "name": "Charnali",
        "province": "Punjab",
        "tehsil": "Sargodha",
        "type": "Railway Station",
        "gcop_source_layer": "railway_stations",
        "gcop_map_layer": "railway_stations_label"
      }
    },
    {
      "type": "Feature",
      "geometry": {
        "type": "Point",
        "coordinates": [
          72.674560546875,
          32.08257455954592
        ]
      },
      "properties": {
        "district": "Sargodha",
        "name": "Sargodha",
        "province": "Punjab",
        "tehsil": "Sargodha",
        "type": "Junction",
        "gcop_source_layer": "railway_stations",
        "gcop_map_layer": "railway_stations_label"
      }
    },
    {
      "type": "Feature",
      "geometry": {
        "type": "Point",
        "coordinates": [
          72.696533203125,
          31.89155061268437
        ]
      },
      "properties": {
        "district": "Sargodha",
        "name": "Sillanwali",
        "province": "Punjab",
        "tehsil": "Sargodha",
        "type": "Railway Station",
        "gcop_source_layer": "railway_stations",
        "gcop_map_layer": "railway_stations_label"
      }
    },
    {
      "type": "Feature",
      "geometry": {
        "type": "Point",
        "coordinates": [
          72.806396484375,
          32.18026188320705
        ]
      },
      "properties": {
        "district": "Sargodha",
        "name": "Chak Waraichanwala",
        "province": "Punjab",
        "tehsil": "Sargodha",
        "type": "Railway Station",
        "gcop_source_layer": "railway_stations",
        "gcop_map_layer": "railway_stations_label"
      }
    },
    {
      "type": "Feature",
      "geometry": {
        "type": "Point",
        "coordinates": [
          72.7789306640625,
          32.13375715632645
        ]
      },
      "properties": {
        "district": "Sargodha",
        "name": "Mitha Lak",
        "province": "Punjab",
        "tehsil": "Sargodha",
        "type": "Railway Station",
        "gcop_source_layer": "railway_stations",
        "gcop_map_layer": "railway_stations_label"
      }
    },
    {
      "type": "Feature",
      "geometry": {
        "type": "Point",
        "coordinates": [
          72.6416015625,
          31.970803930433092
        ]
      },
      "properties": {
        "district": "Sargodha",
        "name": "Pindi Rasool",
        "province": "Punjab",
        "tehsil": "Sargodha",
        "type": "Railway Station",
        "gcop_source_layer": "railway_stations",
        "gcop_map_layer": "railway_stations_label"
      }
    },
    {
      "type": "Feature",
      "geometry": {
        "type": "Point",
        "coordinates": [
          72.5372314453125,
          32.19885712788491
        ]
      },
      "properties": {
        "district": "Sargodha",
        "name": "Wegowal",
        "province": "Punjab",
        "tehsil": "Shahpur",
        "type": "Railway Station",
        "gcop_source_layer": "railway_stations",
        "gcop_map_layer": "railway_stations_label"
      }
    },
    {
      "type": "Feature",
      "geometry": {
        "type": "Point",
        "coordinates": [
          72.6361083984375,
          31.919530172476954
        ]
      },
      "properties": {
        "district": "Sargodha",
        "name": "Shaheenabad",
        "province": "Punjab",
        "tehsil": "Sillanwali",
        "type": "Junction",
        "gcop_source_layer": "railway_stations",
        "gcop_map_layer": "railway_stations_label"
      }
    },
    {
      "type": "Feature",
      "geometry": {
        "type": "Point",
        "coordinates": [
          72.3284912109375,
          31.64870528997686
        ]
      },
      "properties": {
        "district": "Sargodha",
        "name": "Shah Nikdar",
        "province": "Punjab",
        "tehsil": "Sillanwali",
        "type": "Railway Station",
        "gcop_source_layer": "railway_stations",
        "gcop_map_layer": "railway_stations_label"
      }
    },
    {
      "type": "Feature",
      "geometry": {
        "type": "Point",
        "coordinates": [
          72.5372314453125,
          31.826231907142883
        ]
      },
      "properties": {
        "district": "Sargodha",
        "name": "sillanwali",
        "province": "Punjab",
        "tehsil": "Sillanwali",
        "type": "Railway Station",
        "gcop_source_layer": "railway_stations",
        "gcop_map_layer": "railway_stations_label"
      }
    },
    {
      "type": "Feature",
      "geometry": {
        "type": "Point",
        "coordinates": [
          73.0426025390625,
          32.39851580247402
        ]
      },
      "properties": {
        "district": "Sargodha",
        "name": "Ratokala",
        "province": "Punjab",
        "tehsil": "Bhera",
        "type": "Railway Station",
        "gcop_source_layer": "railway_stations",
        "gcop_map_layer": "railway_stations_label"
      }
    },
    {
      "type": "Feature",
      "geometry": {
        "type": "Point",
        "coordinates": [
          73.114013671875,
          32.477329196399424
        ]
      },
      "properties": {
        "district": "Sargodha",
        "name": "Pakhowal",
        "province": "Punjab",
        "tehsil": "Bhera",
        "type": "Railway Station",
        "gcop_source_layer": "railway_stations",
        "gcop_map_layer": "railway_stations_label"
      }
    },
    {
      "type": "Feature",
      "geometry": {
        "type": "Point",
        "coordinates": [
          73.1634521484375,
          32.57459172113418
        ]
      },
      "properties": {
        "district": "Sargodha",
        "name": "Chak Nizam",
        "province": "Punjab",
        "tehsil": "Bhera",
        "type": "Railway Station",
        "gcop_source_layer": "railway_stations",
        "gcop_map_layer": "railway_stations_label"
      }
    },
    {
      "type": "Feature",
      "geometry": {
        "type": "Point",
        "coordinates": [
          73.1744384765625,
          32.537551746769
        ]
      },
      "properties": {
        "district": "Sargodha",
        "name": "Banna Mianwala",
        "province": "Punjab",
        "tehsil": "Bhera",
        "type": "Railway Station",
        "gcop_source_layer": "railway_stations",
        "gcop_map_layer": "railway_stations_label"
      }
    },
    {
      "type": "Feature",
      "geometry": {
        "type": "Point",
        "coordinates": [
          74.2730712890625,
          31.73283925365007
        ]
      },
      "properties": {
        "district": "Sheikhupura",
        "name": "Kala shah Kaku",
        "province": "Punjab",
        "tehsil": "Ferozewala",
        "type": "Railway Station",
        "gcop_source_layer": "railway_stations",
        "gcop_map_layer": "railway_stations_label"
      }
    },
    {
      "type": "Feature",
      "geometry": {
        "type": "Point",
        "coordinates": [
          74.2730712890625,
          31.71882222408327
        ]
      },
      "properties": {
        "district": "Sheikhupura",
        "name": "Kala Shah Kaku",
        "province": "Punjab",
        "tehsil": "Ferozewala",
        "type": "Railway Station",
        "gcop_source_layer": "railway_stations",
        "gcop_map_layer": "railway_stations_label"
      }
    },
    {
      "type": "Feature",
      "geometry": {
        "type": "Point",
        "coordinates": [
          74.3829345703125,
          31.74218276211799
        ]
      },
      "properties": {
        "district": "Sheikhupura",
        "name": "Srirampura",
        "province": "Punjab",
        "tehsil": "Ferozewala",
        "type": "Railway Station",
        "gcop_source_layer": "railway_stations",
        "gcop_map_layer": "railway_stations_label"
      }
    },
    {
      "type": "Feature",
      "geometry": {
        "type": "Point",
        "coordinates": [
          74.212646484375,
          31.667408317080913
        ]
      },
      "properties": {
        "district": "Sheikhupura",
        "name": "Missan Kalar",
        "province": "Punjab",
        "tehsil": "Ferozewala",
        "type": "Railway Station",
        "gcop_source_layer": "railway_stations",
        "gcop_map_layer": "railway_stations_label"
      }
    },
    {
      "type": "Feature",
      "geometry": {
        "type": "Point",
        "coordinates": [
          74.5147705078125,
          31.905541455900376
        ]
      },
      "properties": {
        "district": "Sheikhupura",
        "name": "Narang Mandi",
        "province": "Punjab",
        "tehsil": "Muridke",
        "type": "Railway Station",
        "gcop_source_layer": "railway_stations",
        "gcop_map_layer": "railway_stations_label"
      }
    },
    {
      "type": "Feature",
      "geometry": {
        "type": "Point",
        "coordinates": [
          74.256591796875,
          31.80289258670676
        ]
      },
      "properties": {
        "district": "Sheikhupura",
        "name": "Muridke",
        "province": "Punjab",
        "tehsil": "Muridke",
        "type": "Railway Station",
        "gcop_source_layer": "railway_stations",
        "gcop_map_layer": "railway_stations_label"
      }
    },
    {
      "type": "Feature",
      "geometry": {
        "type": "Point",
        "coordinates": [
          73.575439453125,
          31.73283925365007
        ]
      },
      "properties": {
        "district": "Sheikhupura",
        "name": "Safdarabad",
        "province": "Punjab",
        "tehsil": "Safdarabad",
        "type": "Railway Station",
        "gcop_source_layer": "railway_stations",
        "gcop_map_layer": "railway_stations_label"
      }
    },
    {
      "type": "Feature",
      "geometry": {
        "type": "Point",
        "coordinates": [
          73.8336181640625,
          31.74218276211799
        ]
      },
      "properties": {
        "district": "Sheikhupura",
        "name": "Farooqabad",
        "province": "Punjab",
        "tehsil": "Sheikhupura",
        "type": "Railway Station",
        "gcop_source_layer": "railway_stations",
        "gcop_map_layer": "railway_stations_label"
      }
    },
    {
      "type": "Feature",
      "geometry": {
        "type": "Point",
        "coordinates": [
          73.9764404296875,
          31.71882222408327
        ]
      },
      "properties": {
        "district": "Sheikhupura",
        "name": "Sheikhupura",
        "province": "Punjab",
        "tehsil": "Sheikhupura",
        "type": "Junction",
        "gcop_source_layer": "railway_stations",
        "gcop_map_layer": "railway_stations_label"
      }
    },
    {
      "type": "Feature",
      "geometry": {
        "type": "Point",
        "coordinates": [
          74.6685791015625,
          32.27320009948134
        ]
      },
      "properties": {
        "district": "Sialkot",
        "name": "Pasrur",
        "province": "Punjab",
        "tehsil": "Pasrur",
        "type": "Railway Station",
        "gcop_source_layer": "railway_stations",
        "gcop_map_layer": "railway_stations_label"
      }
    },
    {
      "type": "Feature",
      "geometry": {
        "type": "Point",
        "coordinates": [
          74.696044921875,
          32.34284135639302
        ]
      },
      "properties": {
        "district": "Sialkot",
        "name": "Chawinda",
        "province": "Punjab",
        "tehsil": "Pasrur",
        "type": "Railway Station",
        "gcop_source_layer": "railway_stations",
        "gcop_map_layer": "railway_stations_label"
      }
    },
    {
      "type": "Feature",
      "geometry": {
        "type": "Point",
        "coordinates": [
          74.6685791015625,
          32.37532228431935
        ]
      },
      "properties": {
        "district": "Sialkot",
        "name": "Alher",
        "province": "Punjab",
        "tehsil": "Pasrur",
        "type": "Railway Station",
        "gcop_source_layer": "railway_stations",
        "gcop_map_layer": "railway_stations_label"
      }
    },
    {
      "type": "Feature",
      "geometry": {
        "type": "Point",
        "coordinates": [
          74.542236328125,
          32.500496489244824
        ]
      },
      "properties": {
        "district": "Sialkot",
        "name": "Sialkot",
        "province": "Punjab",
        "tehsil": "Sialkot",
        "type": "Junction",
        "gcop_source_layer": "railway_stations",
        "gcop_map_layer": "railway_stations_label"
      }
    },
    {
      "type": "Feature",
      "geometry": {
        "type": "Point",
        "coordinates": [
          74.608154296875,
          32.41706632846282
        ]
      },
      "properties": {
        "district": "Sialkot",
        "name": "Gunna Kalan RS",
        "province": "Punjab",
        "tehsil": "Sialkot",
        "type": "Railway Station",
        "gcop_source_layer": "railway_stations",
        "gcop_map_layer": "railway_stations_label"
      }
    },
    {
      "type": "Feature",
      "geometry": {
        "type": "Point",
        "coordinates": [
          74.443359375,
          32.477329196399424
        ]
      },
      "properties": {
        "district": "Sialkot",
        "name": "Ugoke",
        "province": "Punjab",
        "tehsil": "Sialkot",
        "type": "Railway Station",
        "gcop_source_layer": "railway_stations",
        "gcop_map_layer": "railway_stations_label"
      }
    },
    {
      "type": "Feature",
      "geometry": {
        "type": "Point",
        "coordinates": [
          72.685546875,
          31.142304905845734
        ]
      },
      "properties": {
        "district": "Toba Tek Singh",
        "name": "Gojra",
        "province": "Punjab",
        "tehsil": "Gojra",
        "type": "Railway Station",
        "gcop_source_layer": "railway_stations",
        "gcop_map_layer": "railway_stations_label"
      }
    },
    {
      "type": "Feature",
      "geometry": {
        "type": "Point",
        "coordinates": [
          72.4822998046875,
          30.96818929679425
        ]
      },
      "properties": {
        "district": "Toba Tek Singh",
        "name": "Toba Tek Singh",
        "province": "Punjab",
        "tehsil": "Toba Tek Singh",
        "type": "Railway Station",
        "gcop_source_layer": "railway_stations",
        "gcop_map_layer": "railway_stations_label"
      }
    },
    {
      "type": "Feature",
      "geometry": {
        "type": "Point",
        "coordinates": [
          72.3504638671875,
          30.86922534804083
        ]
      },
      "properties": {
        "district": "Toba Tek Singh",
        "name": "Chatiana",
        "province": "Punjab",
        "tehsil": "Toba Tek Singh",
        "type": "Railway Station",
        "gcop_source_layer": "railway_stations",
        "gcop_map_layer": "railway_stations_label"
      }
    },
    {
      "type": "Feature",
      "geometry": {
        "type": "Point",
        "coordinates": [
          72.4163818359375,
          30.91636380602182
        ]
      },
      "properties": {
        "district": "Toba Tek Singh",
        "name": "Daban Wala",
        "province": "Punjab",
        "tehsil": "Toba Tek Singh",
        "type": "Railway Station",
        "gcop_source_layer": "railway_stations",
        "gcop_map_layer": "railway_stations_label"
      }
    },
    {
      "type": "Feature",
      "geometry": {
        "type": "Point",
        "coordinates": [
          72.421875,
          30.76071890894447
        ]
      },
      "properties": {
        "district": "Toba Tek Singh",
        "name": "Pir Mahal",
        "province": "Punjab",
        "tehsil": "Pir Mahal",
        "type": "Railway Station",
        "gcop_source_layer": "railway_stations",
        "gcop_map_layer": "railway_stations_label"
      }
    },
    {
      "type": "Feature",
      "geometry": {
        "type": "Point",
        "coordinates": [
          72.6800537109375,
          30.15462722077598
        ]
      },
      "properties": {
        "district": "Vehari",
        "name": "Burewala",
        "province": "Punjab",
        "tehsil": "Burewala",
        "type": "Railway Station",
        "gcop_source_layer": "railway_stations",
        "gcop_map_layer": "railway_stations_label"
      }
    },
    {
      "type": "Feature",
      "geometry": {
        "type": "Point",
        "coordinates": [
          72.828369140625,
          30.216355152668555
        ]
      },
      "properties": {
        "district": "Vehari",
        "name": "Gaggoo",
        "province": "Punjab",
        "tehsil": "Burewala",
        "type": "Railway Station",
        "gcop_source_layer": "railway_stations",
        "gcop_map_layer": "railway_stations_label"
      }
    },
    {
      "type": "Feature",
      "geometry": {
        "type": "Point",
        "coordinates": [
          72.1746826171875,
          29.807284450222497
        ]
      },
      "properties": {
        "district": "Vehari",
        "name": "Mailsi",
        "province": "Punjab",
        "tehsil": "Mailsi",
        "type": "Railway Station",
        "gcop_source_layer": "railway_stations",
        "gcop_map_layer": "railway_stations_label"
      }
    },
    {
      "type": "Feature",
      "geometry": {
        "type": "Point",
        "coordinates": [
          72.3504638671875,
          30.045321590268856
        ]
      },
      "properties": {
        "district": "Vehari",
        "name": "Vehari",
        "province": "Punjab",
        "tehsil": "Vehari",
        "type": "Railway Station",
        "gcop_source_layer": "railway_stations",
        "gcop_map_layer": "railway_stations_label"
      }
    },
    {
      "type": "Feature",
      "geometry": {
        "type": "Point",
        "coordinates": [
          68.84033203125,
          24.661994379101543
        ]
      },
      "properties": {
        "district": "Badin",
        "name": "Badin",
        "province": "Sindh",
        "tehsil": "Badin",
        "type": "Railway Station",
        "gcop_source_layer": "railway_stations",
        "gcop_map_layer": "railway_stations_label"
      }
    },
    {
      "type": "Feature",
      "geometry": {
        "type": "Point",
        "coordinates": [
          68.653564453125,
          25.03583855563501
        ]
      },
      "properties": {
        "district": "Badin",
        "name": "Malti",
        "province": "Sindh",
        "tehsil": "Matli",
        "type": "Railway Station",
        "gcop_source_layer": "railway_stations",
        "gcop_map_layer": "railway_stations_label"
      }
    },
    {
      "type": "Feature",
      "geometry": {
        "type": "Point",
        "coordinates": [
          67.0550537109375,
          24.91633140459909
        ]
      },
      "properties": {
        "district": "Central Karachi",
        "name": "Liaquatabad",
        "province": "Sindh",
        "tehsil": "Gulberg Town",
        "type": "Railway Station",
        "gcop_source_layer": "railway_stations",
        "gcop_map_layer": "railway_stations_label"
      }
    },
    {
      "type": "Feature",
      "geometry": {
        "type": "Point",
        "coordinates": [
          67.7691650390625,
          26.725986812271756
        ]
      },
      "properties": {
        "district": "Dadu",
        "name": "Dadu",
        "province": "Sindh",
        "tehsil": "Dadu",
        "type": "Railway Station",
        "gcop_source_layer": "railway_stations",
        "gcop_map_layer": "railway_stations_label"
      }
    },
    {
      "type": "Feature",
      "geometry": {
        "type": "Point",
        "coordinates": [
          67.78564453125,
          26.86328062676624
        ]
      },
      "properties": {
        "district": "Dadu",
        "name": "Phulji",
        "province": "Sindh",
        "tehsil": "Dadu",
        "type": "Railway Station",
        "gcop_source_layer": "railway_stations",
        "gcop_map_layer": "railway_stations_label"
      }
    },
    {
      "type": "Feature",
      "geometry": {
        "type": "Point",
        "coordinates": [
          67.8460693359375,
          27.039556602163188
        ]
      },
      "properties": {
        "district": "Dadu",
        "name": "Sita",
        "province": "Sindh",
        "tehsil": "Khairpur Nathan Shah",
        "type": "Railway Station",
        "gcop_source_layer": "railway_stations",
        "gcop_map_layer": "railway_stations_label"
      }
    },
    {
      "type": "Feature",
      "geometry": {
        "type": "Point",
        "coordinates": [
          67.9559326171875,
          27.176469131898898
        ]
      },
      "properties": {
        "district": "Dadu",
        "name": "Radhan",
        "province": "Sindh",
        "tehsil": "Mehar",
        "type": "Railway Station",
        "gcop_source_layer": "railway_stations",
        "gcop_map_layer": "railway_stations_label"
      }
    },
    {
      "type": "Feature",
      "geometry": {
        "type": "Point",
        "coordinates": [
          67.9339599609375,
          27.14225670479398
        ]
      },
      "properties": {
        "district": "Dadu",
        "name": "Shah Panjo",
        "province": "Sindh",
        "tehsil": "Mehar",
        "type": "Railway Station",
        "gcop_source_layer": "railway_stations",
        "gcop_map_layer": "railway_stations_label"
      }
    },
    {
      "type": "Feature",
      "geometry": {
        "type": "Point",
        "coordinates": [
          67.12646484375,
          24.886436490787716
        ]
      },
      "properties": {
        "district": "East Karachi",
        "name": "Drigh Road",
        "province": "Sindh",
        "tehsil": "Jamshaid Town",
        "type": "Railway Station",
        "gcop_source_layer": "railway_stations",
        "gcop_map_layer": "railway_stations_label"
      }
    },
    {
      "type": "Feature",
      "geometry": {
        "type": "Point",
        "coordinates": [
          69.8565673828125,
          28.086520114600717
        ]
      },
      "properties": {
        "district": "Ghotki",
        "name": "Reti",
        "province": "Sindh",
        "tehsil": "Daharki",
        "type": "Railway Station",
        "gcop_source_layer": "railway_stations",
        "gcop_map_layer": "railway_stations_label"
      }
    },
    {
      "type": "Feature",
      "geometry": {
        "type": "Point",
        "coordinates": [
          69.686279296875,
          28.04774290722655
        ]
      },
      "properties": {
        "district": "Ghotki",
        "name": "Daharki",
        "province": "Sindh",
        "tehsil": "Daharki",
        "type": "Railway Station",
        "gcop_source_layer": "railway_stations",
        "gcop_map_layer": "railway_stations_label"
      }
    },
    {
      "type": "Feature",
      "geometry": {
        "type": "Point",
        "coordinates": [
          69.312744140625,
          27.99440141104617
        ]
      },
      "properties": {
        "district": "Ghotki",
        "name": "Ghotki",
        "province": "Sindh",
        "tehsil": "Ghotki",
        "type": "Railway Station",
        "gcop_source_layer": "railway_stations",
        "gcop_map_layer": "railway_stations_label"
      }
    },
    {
      "type": "Feature",
      "geometry": {
        "type": "Point",
        "coordinates": [
          69.4171142578125,
          28.038046419369948
        ]
      },
      "properties": {
        "district": "Ghotki",
        "name": "Sarhad",
        "province": "Sindh",
        "tehsil": "Ghotki",
        "type": "Railway Station",
        "gcop_source_layer": "railway_stations",
        "gcop_map_layer": "railway_stations_label"
      }
    },
    {
      "type": "Feature",
      "geometry": {
        "type": "Point",
        "coordinates": [
          69.554443359375,
          28.018650821833063
        ]
      },
      "properties": {
        "district": "Ghotki",
        "name": "Mirpur Mathelo",
        "province": "Sindh",
        "tehsil": "Mirpur Mathelo",
        "type": "Railway Station",
        "gcop_source_layer": "railway_stations",
        "gcop_map_layer": "railway_stations_label"
      }
    },
    {
      "type": "Feature",
      "geometry": {
        "type": "Point",
        "coordinates": [
          68.4393310546875,
          25.403584973186696
        ]
      },
      "properties": {
        "district": "Hyderabad",
        "name": "Detha",
        "province": "Sindh",
        "tehsil": "Hyderabad",
        "type": "Railway Station",
        "gcop_source_layer": "railway_stations",
        "gcop_map_layer": "railway_stations_label"
      }
    },
    {
      "type": "Feature",
      "geometry": {
        "type": "Point",
        "coordinates": [
          68.48876953125,
          25.448234898086497
        ]
      },
      "properties": {
        "district": "Hyderabad",
        "name": "Khatian Road",
        "province": "Sindh",
        "tehsil": "Hyderabad",
        "type": "Railway Station",
        "gcop_source_layer": "railway_stations",
        "gcop_map_layer": "railway_stations_label"
      }
    },
    {
      "type": "Feature",
      "geometry": {
        "type": "Point",
        "coordinates": [
          68.53271484375,
          25.43335342783216
        ]
      },
      "properties": {
        "district": "Hyderabad",
        "name": "Tando Jam",
        "province": "Sindh",
        "tehsil": "Hyderabad",
        "type": "Railway Station",
        "gcop_source_layer": "railway_stations",
        "gcop_map_layer": "railway_stations_label"
      }
    },
    {
      "type": "Feature",
      "geometry": {
        "type": "Point",
        "coordinates": [
          68.40087890625,
          25.3489903957134
        ]
      },
      "properties": {
        "district": "Hyderabad",
        "name": "Zeal Pak",
        "province": "Sindh",
        "tehsil": "Hyderabad",
        "type": "Railway Station",
        "gcop_source_layer": "railway_stations",
        "gcop_map_layer": "railway_stations_label"
      }
    },
    {
      "type": "Feature",
      "geometry": {
        "type": "Point",
        "coordinates": [
          68.3734130859375,
          25.378772315094963
        ]
      },
      "properties": {
        "district": "Hyderabad",
        "name": "Hyderabad",
        "province": "Sindh",
        "tehsil": "Hyderabad City",
        "type": "Railway Station",
        "gcop_source_layer": "railway_stations",
        "gcop_map_layer": "railway_stations_label"
      }
    },
    {
      "type": "Feature",
      "geometry": {
        "type": "Point",
        "coordinates": [
          68.44482421875,
          25.244695951306042
        ]
      },
      "properties": {
        "district": "Hyderabad",
        "name": "Khathar",
        "province": "Sindh",
        "tehsil": "Latifabad",
        "type": "Railway Station",
        "gcop_source_layer": "railway_stations",
        "gcop_map_layer": "railway_stations_label"
      }
    },
    {
      "type": "Feature",
      "geometry": {
        "type": "Point",
        "coordinates": [
          68.521728515625,
          28.193085209185227
        ]
      },
      "properties": {
        "district": "Jacobabad",
        "name": "Abad",
        "province": "Sindh",
        "tehsil": "Jacobabad",
        "type": "Railway Station",
        "gcop_source_layer": "railway_stations",
        "gcop_map_layer": "railway_stations_label"
      }
    },
    {
      "type": "Feature",
      "geometry": {
        "type": "Point",
        "coordinates": [
          68.433837890625,
          28.275358281817105
        ]
      },
      "properties": {
        "district": "Jacobabad",
        "name": "Jacobabad",
        "province": "Sindh",
        "tehsil": "Jacobabad",
        "type": "Junction",
        "gcop_source_layer": "railway_stations",
        "gcop_map_layer": "railway_stations_label"
      }
    },
    {
      "type": "Feature",
      "geometry": {
        "type": "Point",
        "coordinates": [
          68.214111328125,
          25.32416652573839
        ]
      },
      "properties": {
        "district": "Jamshoro",
        "name": "Bolāri",
        "province": "Sindh",
        "tehsil": "Kotri",
        "type": "Railway Station",
        "gcop_source_layer": "railway_stations",
        "gcop_map_layer": "railway_stations_label"
      }
    },
    {
      "type": "Feature",
      "geometry": {
        "type": "Point",
        "coordinates": [
          68.2965087890625,
          25.368845824082797
        ]
      },
      "properties": {
        "district": "Jamshoro",
        "name": "Kotri",
        "province": "Sindh",
        "tehsil": "Kotri",
        "type": "Junction",
        "gcop_source_layer": "railway_stations",
        "gcop_map_layer": "railway_stations_label"
      }
    },
    {
      "type": "Feature",
      "geometry": {
        "type": "Point",
        "coordinates": [
          68.280029296875,
          25.42343142633422
        ]
      },
      "properties": {
        "district": "Jamshoro",
        "name": "Jamshoro",
        "province": "Sindh",
        "tehsil": "Kotri",
        "type": "Railway Station",
        "gcop_source_layer": "railway_stations",
        "gcop_map_layer": "railway_stations_label"
      }
    },
    {
      "type": "Feature",
      "geometry": {
        "type": "Point",
        "coordinates": [
          68.3074951171875,
          25.522614647623286
        ]
      },
      "properties": {
        "district": "Jamshoro",
        "name": "Cadet College Petaro",
        "province": "Sindh",
        "tehsil": "Kotri",
        "type": "Railway Station",
        "gcop_source_layer": "railway_stations",
        "gcop_map_layer": "railway_stations_label"
      }
    },
    {
      "type": "Feature",
      "geometry": {
        "type": "Point",
        "coordinates": [
          67.9010009765625,
          26.2638622801111
        ]
      },
      "properties": {
        "district": "Jamshoro",
        "name": "Lakki Shah Sadar",
        "province": "Sindh",
        "tehsil": "Manjhand",
        "type": "Railway Station",
        "gcop_source_layer": "railway_stations",
        "gcop_map_layer": "railway_stations_label"
      }
    },
    {
      "type": "Feature",
      "geometry": {
        "type": "Point",
        "coordinates": [
          67.9010009765625,
          26.2638622801111
        ]
      },
      "properties": {
        "district": "Jamshoro",
        "name": "Tirath Laki",
        "province": "Sindh",
        "tehsil": "Manjhand",
        "type": "Railway Station",
        "gcop_source_layer": "railway_stations",
        "gcop_map_layer": "railway_stations_label"
      }
    },
    {
      "type": "Feature",
      "geometry": {
        "type": "Point",
        "coordinates": [
          68.115234375,
          26.022233955988995
        ]
      },
      "properties": {
        "district": "Jamshoro",
        "name": "Sann",
        "province": "Sindh",
        "tehsil": "Manjhand",
        "type": "Railway Station",
        "gcop_source_layer": "railway_stations",
        "gcop_map_layer": "railway_stations_label"
      }
    },
    {
      "type": "Feature",
      "geometry": {
        "type": "Point",
        "coordinates": [
          68.0108642578125,
          26.170229047478472
        ]
      },
      "properties": {
        "district": "Jamshoro",
        "name": "Amri",
        "province": "Sindh",
        "tehsil": "Manjhand",
        "type": "Railway Station",
        "gcop_source_layer": "railway_stations",
        "gcop_map_layer": "railway_stations_label"
      }
    },
    {
      "type": "Feature",
      "geometry": {
        "type": "Point",
        "coordinates": [
          68.2305908203125,
          25.903703303407667
        ]
      },
      "properties": {
        "district": "Jamshoro",
        "name": "Manjhand",
        "province": "Sindh",
        "tehsil": "Manjhand",
        "type": "Railway Station",
        "gcop_source_layer": "railway_stations",
        "gcop_map_layer": "railway_stations_label"
      }
    },
    {
      "type": "Feature",
      "geometry": {
        "type": "Point",
        "coordinates": [
          67.862548828125,
          26.41155054662258
        ]
      },
      "properties": {
        "district": "Jamshoro",
        "name": "Sehwan",
        "province": "Sindh",
        "tehsil": "Sehwan Sharif",
        "type": "Railway Station",
        "gcop_source_layer": "railway_stations",
        "gcop_map_layer": "railway_stations_label"
      }
    },
    {
      "type": "Feature",
      "geometry": {
        "type": "Point",
        "coordinates": [
          67.87353515625,
          26.347575438494673
        ]
      },
      "properties": {
        "district": "Jamshoro",
        "name": "Bago Toro",
        "province": "Sindh",
        "tehsil": "Sehwan Sharif",
        "type": "Railway Station",
        "gcop_source_layer": "railway_stations",
        "gcop_map_layer": "railway_stations_label"
      }
    },
    {
      "type": "Feature",
      "geometry": {
        "type": "Point",
        "coordinates": [
          67.7252197265625,
          26.55904998407553
        ]
      },
      "properties": {
        "district": "Jamshoro",
        "name": "Bhan",
        "province": "Sindh",
        "tehsil": "Sehwan Sharif",
        "type": "Railway Station",
        "gcop_source_layer": "railway_stations",
        "gcop_map_layer": "railway_stations_label"
      }
    },
    {
      "type": "Feature",
      "geometry": {
        "type": "Point",
        "coordinates": [
          67.7691650390625,
          26.485323915048284
        ]
      },
      "properties": {
        "district": "Jamshoro",
        "name": "Bubak",
        "province": "Sindh",
        "tehsil": "Sehwan Sharif",
        "type": "Railway Station",
        "gcop_source_layer": "railway_stations",
        "gcop_map_layer": "railway_stations_label"
      }
    },
    {
      "type": "Feature",
      "geometry": {
        "type": "Point",
        "coordinates": [
          67.9998779296875,
          27.600802908597018
        ]
      },
      "properties": {
        "district": "Qambar Shahdadkot",
        "name": "Kambar",
        "province": "Sindh",
        "tehsil": "Qambar Ali Khan",
        "type": "Railway Station",
        "gcop_source_layer": "railway_stations",
        "gcop_map_layer": "railway_stations_label"
      }
    },
    {
      "type": "Feature",
      "geometry": {
        "type": "Point",
        "coordinates": [
          67.950439453125,
          27.955591004642557
        ]
      },
      "properties": {
        "district": "Qambar Shahdadkot",
        "name": "Bhurgari",
        "province": "Sindh",
        "tehsil": "Shahdad Kot",
        "type": "Railway Station",
        "gcop_source_layer": "railway_stations",
        "gcop_map_layer": "railway_stations_label"
      }
    },
    {
      "type": "Feature",
      "geometry": {
        "type": "Point",
        "coordinates": [
          67.9119873046875,
          27.843933386070518
        ]
      },
      "properties": {
        "district": "Qambar Shahdadkot",
        "name": "Silra Shahdad Kot",
        "province": "Sindh",
        "tehsil": "Shahdad Kot",
        "type": "Railway Station",
        "gcop_source_layer": "railway_stations",
        "gcop_map_layer": "railway_stations_label"
      }
    },
    {
      "type": "Feature",
      "geometry": {
        "type": "Point",
        "coordinates": [
          69.1864013671875,
          28.251166905231486
        ]
      },
      "properties": {
        "district": "Kashmore",
        "name": "Kandhkot",
        "province": "Sindh",
        "tehsil": "Kandh Kot",
        "type": "Railway Station",
        "gcop_source_layer": "railway_stations",
        "gcop_map_layer": "railway_stations_label"
      }
    },
    {
      "type": "Feature",
      "geometry": {
        "type": "Point",
        "coordinates": [
          69.5819091796875,
          28.43971381702788
        ]
      },
      "properties": {
        "district": "Kashmore",
        "name": "Kashmor",
        "province": "Sindh",
        "tehsil": "Kashmore",
        "type": "Junction",
        "gcop_source_layer": "railway_stations",
        "gcop_map_layer": "railway_stations_label"
      }
    },
    {
      "type": "Feature",
      "geometry": {
        "type": "Point",
        "coordinates": [
          69.005126953125,
          28.28019589809702
        ]
      },
      "properties": {
        "district": "Kashmore",
        "name": "Haibat Saheed",
        "province": "Sindh",
        "tehsil": "Tangwani",
        "type": "Railway Station",
        "gcop_source_layer": "railway_stations",
        "gcop_map_layer": "railway_stations_label"
      }
    },
    {
      "type": "Feature",
      "geometry": {
        "type": "Point",
        "coordinates": [
          68.291015625,
          26.681821407205973
        ]
      },
      "properties": {
        "district": "Khairpur",
        "name": "Kot Laloo",
        "province": "Sindh",
        "tehsil": "Faiz Ganj",
        "type": "Railway Station",
        "gcop_source_layer": "railway_stations",
        "gcop_map_layer": "railway_stations_label"
      }
    },
    {
      "type": "Feature",
      "geometry": {
        "type": "Point",
        "coordinates": [
          68.5162353515625,
          27.279043466068245
        ]
      },
      "properties": {
        "district": "Khairpur",
        "name": "Ranipur Riyasat",
        "province": "Sindh",
        "tehsil": "Gambat",
        "type": "Railway Station",
        "gcop_source_layer": "railway_stations",
        "gcop_map_layer": "railway_stations_label"
      }
    },
    {
      "type": "Feature",
      "geometry": {
        "type": "Point",
        "coordinates": [
          68.7359619140625,
          27.51801524196567
        ]
      },
      "properties": {
        "district": "Khairpur",
        "name": "Khairpur",
        "province": "Sindh",
        "tehsil": "Khairpur",
        "type": "Railway Station",
        "gcop_source_layer": "railway_stations",
        "gcop_map_layer": "railway_stations_label"
      }
    },
    {
      "type": "Feature",
      "geometry": {
        "type": "Point",
        "coordinates": [
          68.6480712890625,
          27.430289738862598
        ]
      },
      "properties": {
        "district": "Khairpur",
        "name": "Tando Mustikhan",
        "province": "Sindh",
        "tehsil": "Khairpur",
        "type": "Railway Station",
        "gcop_source_layer": "railway_stations",
        "gcop_map_layer": "railway_stations_label"
      }
    },
    {
      "type": "Feature",
      "geometry": {
        "type": "Point",
        "coordinates": [
          68.543701171875,
          27.337614909451986
        ]
      },
      "properties": {
        "district": "Khairpur",
        "name": "Gambat",
        "province": "Sindh",
        "tehsil": "Khairpur",
        "type": "Railway Station",
        "gcop_source_layer": "railway_stations",
        "gcop_map_layer": "railway_stations_label"
      }
    },
    {
      "type": "Feature",
      "geometry": {
        "type": "Point",
        "coordinates": [
          68.521728515625,
          25.50278454875533
        ]
      },
      "properties": {
        "district": "Matiari",
        "name": "Allahdino Sand",
        "province": "Sindh",
        "tehsil": "Matiari",
        "type": "Railway Station",
        "gcop_source_layer": "railway_stations",
        "gcop_map_layer": "railway_stations_label"
      }
    },
    {
      "type": "Feature",
      "geometry": {
        "type": "Point",
        "coordinates": [
          68.5986328125,
          25.6316215772585
        ]
      },
      "properties": {
        "district": "Matiari",
        "name": "Oderolal",
        "province": "Sindh",
        "tehsil": "Matiari",
        "type": "Railway Station",
        "gcop_source_layer": "railway_stations",
        "gcop_map_layer": "railway_stations_label"
      }
    },
    {
      "type": "Feature",
      "geometry": {
        "type": "Point",
        "coordinates": [
          68.5601806640625,
          25.567220388070027
        ]
      },
      "properties": {
        "district": "Matiari",
        "name": "Palijani",
        "province": "Sindh",
        "tehsil": "Matiari",
        "type": "Railway Station",
        "gcop_source_layer": "railway_stations",
        "gcop_map_layer": "railway_stations_label"
      }
    },
    {
      "type": "Feature",
      "geometry": {
        "type": "Point",
        "coordinates": [
          68.3514404296875,
          25.606855993715044
        ]
      },
      "properties": {
        "district": "Matiari",
        "name": "Unarpur",
        "province": "Sindh",
        "tehsil": "Matiari",
        "type": "Railway Station",
        "gcop_source_layer": "railway_stations",
        "gcop_map_layer": "railway_stations_label"
      }
    },
    {
      "type": "Feature",
      "geometry": {
        "type": "Point",
        "coordinates": [
          68.3734130859375,
          25.96298355482267
        ]
      },
      "properties": {
        "district": "Matiari",
        "name": "New Saidabad",
        "province": "Sindh",
        "tehsil": "Saeedabad",
        "type": "Railway Station",
        "gcop_source_layer": "railway_stations",
        "gcop_map_layer": "railway_stations_label"
      }
    },
    {
      "type": "Feature",
      "geometry": {
        "type": "Point",
        "coordinates": [
          69.400634765625,
          24.861518533567946
        ]
      },
      "properties": {
        "district": "Mirpur Khas",
        "name": "Naukot",
        "province": "Sindh",
        "tehsil": "Jhudo",
        "type": "Railway Station",
        "gcop_source_layer": "railway_stations",
        "gcop_map_layer": "railway_stations_label"
      }
    },
    {
      "type": "Feature",
      "geometry": {
        "type": "Point",
        "coordinates": [
          69.2413330078125,
          25.28443774698303
        ]
      },
      "properties": {
        "district": "Mirpur Khas",
        "name": "Kot Ghulam Muhammad",
        "province": "Sindh",
        "tehsil": "Kot Ghulam Muhammad",
        "type": "Railway Station",
        "gcop_source_layer": "railway_stations",
        "gcop_map_layer": "railway_stations_label"
      }
    },
    {
      "type": "Feature",
      "geometry": {
        "type": "Point",
        "coordinates": [
          69.01611328125,
          25.527571660479637
        ]
      },
      "properties": {
        "district": "Mirpur Khas",
        "name": "Mirpur Khas",
        "province": "Sindh",
        "tehsil": "Mirpur Khas",
        "type": "Junction",
        "gcop_source_layer": "railway_stations",
        "gcop_map_layer": "railway_stations_label"
      }
    },
    {
      "type": "Feature",
      "geometry": {
        "type": "Point",
        "coordinates": [
          69.093017578125,
          25.522614647623286
        ]
      },
      "properties": {
        "district": "Mirpur Khas",
        "name": "Jamrao",
        "province": "Sindh",
        "tehsil": "Sindhri",
        "type": "Railway Station",
        "gcop_source_layer": "railway_stations",
        "gcop_map_layer": "railway_stations_label"
      }
    },
    {
      "type": "Feature",
      "geometry": {
        "type": "Point",
        "coordinates": [
          68.1976318359375,
          26.809363588053785
        ]
      },
      "properties": {
        "district": "Naushahro Feroze",
        "name": "Kalahora",
        "province": "Sindh",
        "tehsil": "Bhiria",
        "type": "Railway Station",
        "gcop_source_layer": "railway_stations",
        "gcop_map_layer": "railway_stations_label"
      }
    },
    {
      "type": "Feature",
      "geometry": {
        "type": "Point",
        "coordinates": [
          68.1097412109375,
          26.936762457231424
        ]
      },
      "properties": {
        "district": "Naushahro Feroze",
        "name": "Tharushah",
        "province": "Sindh",
        "tehsil": "Bhiria",
        "type": "Junction",
        "gcop_source_layer": "railway_stations",
        "gcop_map_layer": "railway_stations_label"
      }
    },
    {
      "type": "Feature",
      "geometry": {
        "type": "Point",
        "coordinates": [
          68.2855224609375,
          26.887779882029108
        ]
      },
      "properties": {
        "district": "Naushahro Feroze",
        "name": "Bhiria Road",
        "province": "Sindh",
        "tehsil": "Bhiria",
        "type": "Railway Station",
        "gcop_source_layer": "railway_stations",
        "gcop_map_layer": "railway_stations_label"
      }
    },
    {
      "type": "Feature",
      "geometry": {
        "type": "Point",
        "coordinates": [
          68.477783203125,
          27.20578572438332
        ]
      },
      "properties": {
        "district": "Khairpur",
        "name": "Setharja",
        "province": "Sindh",
        "tehsil": "Thari Meer Wah",
        "type": "Railway Station",
        "gcop_source_layer": "railway_stations",
        "gcop_map_layer": "railway_stations_label"
      }
    },
    {
      "type": "Feature",
      "geometry": {
        "type": "Point",
        "coordinates": [
          68.1646728515625,
          27.48878116893799
        ]
      },
      "properties": {
        "district": "Larkana",
        "name": "Mashori Sharif",
        "province": "Sindh",
        "tehsil": "Baqrani",
        "type": "Railway Station",
        "gcop_source_layer": "railway_stations",
        "gcop_map_layer": "railway_stations_label"
      }
    },
    {
      "type": "Feature",
      "geometry": {
        "type": "Point",
        "coordinates": [
          68.0987548828125,
          27.410785702577016
        ]
      },
      "properties": {
        "district": "Larkana",
        "name": "Bakhsh",
        "province": "Sindh",
        "tehsil": "Baqrani",
        "type": "Railway Station",
        "gcop_source_layer": "railway_stations",
        "gcop_map_layer": "railway_stations_label"
      }
    },
    {
      "type": "Feature",
      "geometry": {
        "type": "Point",
        "coordinates": [
          68.13720703125,
          27.45953933271791
        ]
      },
      "properties": {
        "district": "Larkana",
        "name": "Bakrani Road",
        "province": "Sindh",
        "tehsil": "Baqrani",
        "type": "Railway Station",
        "gcop_source_layer": "railway_stations",
        "gcop_map_layer": "railway_stations_label"
      }
    },
    {
      "type": "Feature",
      "geometry": {
        "type": "Point",
        "coordinates": [
          68.02734375,
          27.327855149448382
        ]
      },
      "properties": {
        "district": "Larkana",
        "name": "Badah",
        "province": "Sindh",
        "tehsil": "Dokri",
        "type": "Railway Station",
        "gcop_source_layer": "railway_stations",
        "gcop_map_layer": "railway_stations_label"
      }
    },
    {
      "type": "Feature",
      "geometry": {
        "type": "Point",
        "coordinates": [
          68.0712890625,
          27.381523191705057
        ]
      },
      "properties": {
        "district": "Larkana",
        "name": "Moen Jo Daro (Dokri)",
        "province": "Sindh",
        "tehsil": "Dokri",
        "type": "Railway Station",
        "gcop_source_layer": "railway_stations",
        "gcop_map_layer": "railway_stations_label"
      }
    },
    {
      "type": "Feature",
      "geometry": {
        "type": "Point",
        "coordinates": [
          68.2086181640625,
          27.54724154625326
        ]
      },
      "properties": {
        "district": "Larkana",
        "name": "Larkana",
        "province": "Sindh",
        "tehsil": "Larkana",
        "type": "Railway Station",
        "gcop_source_layer": "railway_stations",
        "gcop_map_layer": "railway_stations_label"
      }
    },
    {
      "type": "Feature",
      "geometry": {
        "type": "Point",
        "coordinates": [
          68.2745361328125,
          27.615406013399593
        ]
      },
      "properties": {
        "district": "Larkana",
        "name": "Mahota",
        "province": "Sindh",
        "tehsil": "Larkana",
        "type": "Railway Station",
        "gcop_source_layer": "railway_stations",
        "gcop_map_layer": "railway_stations_label"
      }
    },
    {
      "type": "Feature",
      "geometry": {
        "type": "Point",
        "coordinates": [
          68.35693359375,
          27.668934069896224
        ]
      },
      "properties": {
        "district": "Larkana",
        "name": "Nodhero",
        "province": "Sindh",
        "tehsil": "Rato Dero",
        "type": "Railway Station",
        "gcop_source_layer": "railway_stations",
        "gcop_map_layer": "railway_stations_label"
      }
    },
    {
      "type": "Feature",
      "geometry": {
        "type": "Point",
        "coordinates": [
          68.345947265625,
          26.99061872296474
        ]
      },
      "properties": {
        "district": "Naushahro Feroze",
        "name": "Lakha Road",
        "province": "Sindh",
        "tehsil": "Mehrab Pur",
        "type": "Railway Station",
        "gcop_source_layer": "railway_stations",
        "gcop_map_layer": "railway_stations_label"
      }
    },
    {
      "type": "Feature",
      "geometry": {
        "type": "Point",
        "coordinates": [
          68.4228515625,
          27.0982539061379
        ]
      },
      "properties": {
        "district": "Naushahro Feroze",
        "name": "Mehrabpur",
        "province": "Sindh",
        "tehsil": "Mehrab Pur",
        "type": "Junction",
        "gcop_source_layer": "railway_stations",
        "gcop_map_layer": "railway_stations_label"
      }
    },
    {
      "type": "Feature",
      "geometry": {
        "type": "Point",
        "coordinates": [
          68.3843994140625,
          27.04444921765402
        ]
      },
      "properties": {
        "district": "Naushahro Feroze",
        "name": "Sialabad",
        "province": "Sindh",
        "tehsil": "Mehrab Pur",
        "type": "Railway Station",
        "gcop_source_layer": "railway_stations",
        "gcop_map_layer": "railway_stations_label"
      }
    },
    {
      "type": "Feature",
      "geometry": {
        "type": "Point",
        "coordinates": [
          68.2855224609375,
          26.77503938699961
        ]
      },
      "properties": {
        "district": "Naushahro Feroze",
        "name": "Padidan Station",
        "province": "Sindh",
        "tehsil": "Naushahro Feroze",
        "type": "Railway Station",
        "gcop_source_layer": "railway_stations",
        "gcop_map_layer": "railway_stations_label"
      }
    },
    {
      "type": "Feature",
      "geometry": {
        "type": "Point",
        "coordinates": [
          69.5654296875,
          25.50278454875533
        ]
      },
      "properties": {
        "district": "Sanghar",
        "name": "Dhoronāro",
        "province": "Sindh",
        "tehsil": "Khipro",
        "type": "Railway Station",
        "gcop_source_layer": "railway_stations",
        "gcop_map_layer": "railway_stations_label"
      }
    },
    {
      "type": "Feature",
      "geometry": {
        "type": "Point",
        "coordinates": [
          68.4503173828125,
          26.165298896316045
        ]
      },
      "properties": {
        "district": "Sanghar",
        "name": "Nawas Dahri",
        "province": "Sindh",
        "tehsil": "Shahdadpur",
        "type": "Railway Station",
        "gcop_source_layer": "railway_stations",
        "gcop_map_layer": "railway_stations_label"
      }
    },
    {
      "type": "Feature",
      "geometry": {
        "type": "Point",
        "coordinates": [
          68.631591796875,
          25.928407032694125
        ]
      },
      "properties": {
        "district": "Sanghar",
        "name": "Shahdadpur",
        "province": "Sindh",
        "tehsil": "Shahdadpur",
        "type": "Railway Station",
        "gcop_source_layer": "railway_stations",
        "gcop_map_layer": "railway_stations_label"
      }
    },
    {
      "type": "Feature",
      "geometry": {
        "type": "Point",
        "coordinates": [
          68.5491943359375,
          26.027170140497375
        ]
      },
      "properties": {
        "district": "Sanghar",
        "name": "Lundo",
        "province": "Sindh",
        "tehsil": "Shahdadpur",
        "type": "Railway Station",
        "gcop_source_layer": "railway_stations",
        "gcop_map_layer": "railway_stations_label"
      }
    },
    {
      "type": "Feature",
      "geometry": {
        "type": "Point",
        "coordinates": [
          68.477783203125,
          26.096254906968525
        ]
      },
      "properties": {
        "district": "Sanghar",
        "name": "Sarhari",
        "province": "Sindh",
        "tehsil": "Shahdadpur",
        "type": "Railway Station",
        "gcop_source_layer": "railway_stations",
        "gcop_map_layer": "railway_stations_label"
      }
    },
    {
      "type": "Feature",
      "geometry": {
        "type": "Point",
        "coordinates": [
          68.66455078125,
          25.76031975471389
        ]
      },
      "properties": {
        "district": "Sanghar",
        "name": "Tando Adam",
        "province": "Sindh",
        "tehsil": "Tando Adam",
        "type": "Junction",
        "gcop_source_layer": "railway_stations",
        "gcop_map_layer": "railway_stations_label"
      }
    },
    {
      "type": "Feature",
      "geometry": {
        "type": "Point",
        "coordinates": [
          68.631591796875,
          25.69103802005013
        ]
      },
      "properties": {
        "district": "Sanghar",
        "name": "Wahab Shah",
        "province": "Sindh",
        "tehsil": "Tando Adam",
        "type": "Railway Station",
        "gcop_source_layer": "railway_stations",
        "gcop_map_layer": "railway_stations_label"
      }
    },
    {
      "type": "Feature",
      "geometry": {
        "type": "Point",
        "coordinates": [
          68.66455078125,
          25.84439325019514
        ]
      },
      "properties": {
        "district": "Sanghar",
        "name": "Jalal Marri",
        "province": "Sindh",
        "tehsil": "Tando Adam",
        "type": "Railway Station",
        "gcop_source_layer": "railway_stations",
        "gcop_map_layer": "railway_stations_label"
      }
    },
    {
      "type": "Feature",
      "geometry": {
        "type": "Point",
        "coordinates": [
          68.367919921875,
          26.352497858154024
        ]
      },
      "properties": {
        "district": "Shaheed Benazir Abad",
        "name": "Bucheri",
        "province": "Sindh",
        "tehsil": "Daur",
        "type": "Railway Station",
        "gcop_source_layer": "railway_stations",
        "gcop_map_layer": "railway_stations_label"
      }
    },
    {
      "type": "Feature",
      "geometry": {
        "type": "Point",
        "coordinates": [
          68.3184814453125,
          26.455820238459893
        ]
      },
      "properties": {
        "district": "Shaheed Benazir Abad",
        "name": "Daur",
        "province": "Sindh",
        "tehsil": "Daur",
        "type": "Railway Station",
        "gcop_source_layer": "railway_stations",
        "gcop_map_layer": "railway_stations_label"
      }
    },
    {
      "type": "Feature",
      "geometry": {
        "type": "Point",
        "coordinates": [
          68.302001953125,
          26.58852714730864
        ]
      },
      "properties": {
        "district": "Shaheed Benazir Abad",
        "name": "Bandhi",
        "province": "Sindh",
        "tehsil": "Daur",
        "type": "Railway Station",
        "gcop_source_layer": "railway_stations",
        "gcop_map_layer": "railway_stations_label"
      }
    },
    {
      "type": "Feature",
      "geometry": {
        "type": "Point",
        "coordinates": [
          68.411865234375,
          26.24415628389076
        ]
      },
      "properties": {
        "district": "Shaheed Benazir Abad",
        "name": "Nawabshah",
        "province": "Sindh",
        "tehsil": "Nawabshah",
        "type": "Junction",
        "gcop_source_layer": "railway_stations",
        "gcop_map_layer": "railway_stations_label"
      }
    },
    {
      "type": "Feature",
      "geometry": {
        "type": "Point",
        "coordinates": [
          68.5986328125,
          28.076827124762374
        ]
      },
      "properties": {
        "district": "Shikarpur",
        "name": "Sultan Kot",
        "province": "Sindh",
        "tehsil": "Khanpur",
        "type": "Railway Station",
        "gcop_source_layer": "railway_stations",
        "gcop_map_layer": "railway_stations_label"
      }
    },
    {
      "type": "Feature",
      "geometry": {
        "type": "Point",
        "coordinates": [
          68.6590576171875,
          27.873072565422788
        ]
      },
      "properties": {
        "district": "Shikarpur",
        "name": "Habib Kot",
        "province": "Sindh",
        "tehsil": "Lakhi",
        "type": "Junction",
        "gcop_source_layer": "railway_stations",
        "gcop_map_layer": "railway_stations_label"
      }
    },
    {
      "type": "Feature",
      "geometry": {
        "type": "Point",
        "coordinates": [
          68.6480712890625,
          27.955591004642557
        ]
      },
      "properties": {
        "district": "Shikarpur",
        "name": "Shikarpur",
        "province": "Sindh",
        "tehsil": "Shikarpur",
        "type": "Railway Station",
        "gcop_source_layer": "railway_stations",
        "gcop_map_layer": "railway_stations_label"
      }
    },
    {
      "type": "Feature",
      "geometry": {
        "type": "Point",
        "coordinates": [
          68.763427734375,
          27.775911526834264
        ]
      },
      "properties": {
        "district": "Sukkur",
        "name": "Gosarji",
        "province": "Sindh",
        "tehsil": "New Sukkur",
        "type": "Railway Station",
        "gcop_source_layer": "railway_stations",
        "gcop_map_layer": "railway_stations_label"
      }
    },
    {
      "type": "Feature",
      "geometry": {
        "type": "Point",
        "coordinates": [
          69.0545654296875,
          27.761329874505236
        ]
      },
      "properties": {
        "district": "Sukkur",
        "name": "Sangi",
        "province": "Sindh",
        "tehsil": "Pano Aqil",
        "type": "Railway Station",
        "gcop_source_layer": "railway_stations",
        "gcop_map_layer": "railway_stations_label"
      }
    },
    {
      "type": "Feature",
      "geometry": {
        "type": "Point",
        "coordinates": [
          68.895263671875,
          27.683528083787763
        ]
      },
      "properties": {
        "district": "Sukkur",
        "name": "Rohri",
        "province": "Sindh",
        "tehsil": "Rohri",
        "type": "Junction",
        "gcop_source_layer": "railway_stations",
        "gcop_map_layer": "railway_stations_label"
      }
    },
    {
      "type": "Feature",
      "geometry": {
        "type": "Point",
        "coordinates": [
          68.983154296875,
          27.678663629123278
        ]
      },
      "properties": {
        "district": "Sukkur",
        "name": "Mando Dairo",
        "province": "Sindh",
        "tehsil": "Rohri",
        "type": "Railway Station",
        "gcop_source_layer": "railway_stations",
        "gcop_map_layer": "railway_stations_label"
      }
    },
    {
      "type": "Feature",
      "geometry": {
        "type": "Point",
        "coordinates": [
          68.829345703125,
          27.591066424185087
        ]
      },
      "properties": {
        "district": "Sukkur",
        "name": "Begmanji",
        "province": "Sindh",
        "tehsil": "Rohri",
        "type": "Railway Station",
        "gcop_source_layer": "railway_stations",
        "gcop_map_layer": "railway_stations_label"
      }
    },
    {
      "type": "Feature",
      "geometry": {
        "type": "Point",
        "coordinates": [
          68.8677978515625,
          27.702983735525862
        ]
      },
      "properties": {
        "district": "Sukkur",
        "name": "Sukkur",
        "province": "Sindh",
        "tehsil": "Sukkur",
        "type": "Railway Station",
        "gcop_source_layer": "railway_stations",
        "gcop_map_layer": "railway_stations_label"
      }
    },
    {
      "type": "Feature",
      "geometry": {
        "type": "Point",
        "coordinates": [
          68.8128662109375,
          27.73216070958091
        ]
      },
      "properties": {
        "district": "Sukkur",
        "name": "Arian Road",
        "province": "Sindh",
        "tehsil": "Sukkur",
        "type": "Railway Station",
        "gcop_source_layer": "railway_stations",
        "gcop_map_layer": "railway_stations_label"
      }
    },
    {
      "type": "Feature",
      "geometry": {
        "type": "Point",
        "coordinates": [
          68.88427734375,
          25.50278454875533
        ]
      },
      "properties": {
        "district": "Tando Allahyar",
        "name": "Sultanabad",
        "province": "Sindh",
        "tehsil": "Jhando Mari",
        "type": "Railway Station",
        "gcop_source_layer": "railway_stations",
        "gcop_map_layer": "railway_stations_label"
      }
    },
    {
      "type": "Feature",
      "geometry": {
        "type": "Point",
        "coordinates": [
          68.7249755859375,
          25.468073997498138
        ]
      },
      "properties": {
        "district": "Tando Allahyar",
        "name": "Tando Allahyar",
        "province": "Sindh",
        "tehsil": "Tando Allahyar",
        "type": "Railway Station",
        "gcop_source_layer": "railway_stations",
        "gcop_map_layer": "railway_stations_label"
      }
    },
    {
      "type": "Feature",
      "geometry": {
        "type": "Point",
        "coordinates": [
          72.35595703125,
          33.7197707748314
        ]
      },
      "properties": {
        "district": "Attock",
        "name": "Kanjur",
        "province": "Punjab",
        "tehsil": "Attock",
        "type": "Railway Station",
        "gcop_source_layer": "railway_stations",
        "gcop_map_layer": "railway_stations_label"
      }
    },
    {
      "type": "Feature",
      "geometry": {
        "type": "Point",
        "coordinates": [
          72.191162109375,
          33.55512901742287
        ]
      },
      "properties": {
        "district": "Attock",
        "name": "Domel",
        "province": "Punjab",
        "tehsil": "Jand",
        "type": "Railway Station",
        "gcop_source_layer": "railway_stations",
        "gcop_map_layer": "railway_stations_label"
      }
    },
    {
      "type": "Feature",
      "geometry": {
        "type": "Point",
        "coordinates": [
          71.0980224609375,
          31.704803074739218
        ]
      },
      "properties": {
        "district": "Bhakkar",
        "name": "Kotla Jam",
        "province": "Punjab",
        "tehsil": "Bhakkar",
        "type": "Railway Station",
        "gcop_source_layer": "railway_stations",
        "gcop_map_layer": "railway_stations_label"
      }
    },
    {
      "type": "Feature",
      "geometry": {
        "type": "Point",
        "coordinates": [
          70.609130859375,
          30.1641263431611
        ]
      },
      "properties": {
        "district": "Dera Ghazi Khan",
        "name": "yaroo khosa",
        "province": "Punjab",
        "tehsil": "Dera Ghazi Khan",
        "type": "Railway Station",
        "gcop_source_layer": "railway_stations",
        "gcop_map_layer": "railway_stations_label"
      }
    },
    {
      "type": "Feature",
      "geometry": {
        "type": "Point",
        "coordinates": [
          70.9771728515625,
          30.168875561169088
        ]
      },
      "properties": {
        "district": "Muzaffargarh",
        "name": "Laal Pir",
        "province": "Punjab",
        "tehsil": "Kot Addu",
        "type": "Railway Station",
        "gcop_source_layer": "railway_stations",
        "gcop_map_layer": "railway_stations_label"
      }
    },
    {
      "type": "Feature",
      "geometry": {
        "type": "Point",
        "coordinates": [
          73.4765625,
          31.391157522824713
        ]
      },
      "properties": {
        "district": "Faisalabad",
        "name": "Kot Daya Kishan",
        "province": "Punjab",
        "tehsil": "Jaranwala",
        "type": "Railway Station",
        "gcop_source_layer": "railway_stations",
        "gcop_map_layer": "railway_stations_label"
      }
    },
    {
      "type": "Feature",
      "geometry": {
        "type": "Point",
        "coordinates": [
          73.19091796875,
          31.076460800121126
        ]
      },
      "properties": {
        "district": "Faisalabad",
        "name": "Chak Turan",
        "province": "Punjab",
        "tehsil": "Tandlian Wala",
        "type": "Railway Station",
        "gcop_source_layer": "railway_stations",
        "gcop_map_layer": "railway_stations_label"
      }
    },
    {
      "type": "Feature",
      "geometry": {
        "type": "Point",
        "coordinates": [
          73.1414794921875,
          31.034108344903515
        ]
      },
      "properties": {
        "district": "Faisalabad",
        "name": "Tāndliānwāla",
        "province": "Punjab",
        "tehsil": "Tandlian Wala",
        "type": "Railway Station",
        "gcop_source_layer": "railway_stations",
        "gcop_map_layer": "railway_stations_label"
      }
    },
    {
      "type": "Feature",
      "geometry": {
        "type": "Point",
        "coordinates": [
          74.102783203125,
          32.46806060917602
        ]
      },
      "properties": {
        "district": "Gujranwala",
        "name": "Haripur Band",
        "province": "Punjab",
        "tehsil": "Wazirabad",
        "type": "Railway Station",
        "gcop_source_layer": "railway_stations",
        "gcop_map_layer": "railway_stations_label"
      }
    },
    {
      "type": "Feature",
      "geometry": {
        "type": "Point",
        "coordinates": [
          72.26806640625,
          31.433350262414407
        ]
      },
      "properties": {
        "district": "Jhang",
        "name": "Chund",
        "province": "Punjab",
        "tehsil": "Jhang",
        "type": "Railway Station",
        "gcop_source_layer": "railway_stations",
        "gcop_map_layer": "railway_stations_label"
      }
    },
    {
      "type": "Feature",
      "geometry": {
        "type": "Point",
        "coordinates": [
          72.2955322265625,
          31.564495107991192
        ]
      },
      "properties": {
        "district": "Jhang",
        "name": "Mandi Shah Jeewna",
        "province": "Punjab",
        "tehsil": "Jhang",
        "type": "Railway Station",
        "gcop_source_layer": "railway_stations",
        "gcop_map_layer": "railway_stations_label"
      }
    },
    {
      "type": "Feature",
      "geometry": {
        "type": "Point",
        "coordinates": [
          71.9769287109375,
          30.325471259328083
        ]
      },
      "properties": {
        "district": "Khanewal",
        "name": "Dera Taj railway",
        "province": "Punjab",
        "tehsil": "Khanewal",
        "type": "Railway Station",
        "gcop_source_layer": "railway_stations",
        "gcop_map_layer": "railway_stations_label"
      }
    },
    {
      "type": "Feature",
      "geometry": {
        "type": "Point",
        "coordinates": [
          72.2845458984375,
          32.29177633471201
        ]
      },
      "properties": {
        "district": "Khushab",
        "name": "Jauharabad",
        "province": "Punjab",
        "tehsil": "Khushab",
        "type": "Railway Station",
        "gcop_source_layer": "railway_stations",
        "gcop_map_layer": "railway_stations_label"
      }
    },
    {
      "type": "Feature",
      "geometry": {
        "type": "Point",
        "coordinates": [
          70.9661865234375,
          31.21749936193814
        ]
      },
      "properties": {
        "district": "Layyah",
        "name": "Karor Lal Esan",
        "province": "Punjab",
        "tehsil": "Karor Lal Esan",
        "type": "Railway Station",
        "gcop_source_layer": "railway_stations",
        "gcop_map_layer": "railway_stations_label"
      }
    },
    {
      "type": "Feature",
      "geometry": {
        "type": "Point",
        "coordinates": [
          71.71875,
          29.807284450222497
        ]
      },
      "properties": {
        "district": "Lodhran",
        "name": "Dunyapur",
        "province": "Punjab",
        "tehsil": "Dunyapur",
        "type": "Railway Station",
        "gcop_source_layer": "railway_stations",
        "gcop_map_layer": "railway_stations_label"
      }
    },
    {
      "type": "Feature",
      "geometry": {
        "type": "Point",
        "coordinates": [
          71.71875,
          32.925707488760395
        ]
      },
      "properties": {
        "district": "Mianwali",
        "name": "Massan",
        "province": "Punjab",
        "tehsil": "Mianwali",
        "type": "Railway Station",
        "gcop_source_layer": "railway_stations",
        "gcop_map_layer": "railway_stations_label"
      }
    },
    {
      "type": "Feature",
      "geometry": {
        "type": "Point",
        "coordinates": [
          71.7242431640625,
          30.244831915307145
        ]
      },
      "properties": {
        "district": "Multan",
        "name": "Riazabad",
        "province": "Punjab",
        "tehsil": "Multan Saddar",
        "type": "Railway Station",
        "gcop_source_layer": "railway_stations",
        "gcop_map_layer": "railway_stations_label"
      }
    },
    {
      "type": "Feature",
      "geometry": {
        "type": "Point",
        "coordinates": [
          71.3232421875,
          29.87399221123566
        ]
      },
      "properties": {
        "district": "Multan",
        "name": "Shujabad",
        "province": "Punjab",
        "tehsil": "Shujabad",
        "type": "Railway Station",
        "gcop_source_layer": "railway_stations",
        "gcop_map_layer": "railway_stations_label"
      }
    },
    {
      "type": "Feature",
      "geometry": {
        "type": "Point",
        "coordinates": [
          71.4056396484375,
          29.792984135470505
        ]
      },
      "properties": {
        "district": "Multan",
        "name": "Zarif Shaheed railway station",
        "province": "Punjab",
        "tehsil": "Shujabad",
        "type": "Railway Station",
        "gcop_source_layer": "railway_stations",
        "gcop_map_layer": "railway_stations_label"
      }
    },
    {
      "type": "Feature",
      "geometry": {
        "type": "Point",
        "coordinates": [
          70.9716796875,
          30.27330042806996
        ]
      },
      "properties": {
        "district": "Muzaffargarh",
        "name": "Gurmani",
        "province": "Punjab",
        "tehsil": "Kot Addu",
        "type": "Railway Station",
        "gcop_source_layer": "railway_stations",
        "gcop_map_layer": "railway_stations_label"
      }
    },
    {
      "type": "Feature",
      "geometry": {
        "type": "Point",
        "coordinates": [
          70.9716796875,
          30.334953881988568
        ]
      },
      "properties": {
        "district": "Muzaffargarh",
        "name": "Sanawan",
        "province": "Punjab",
        "tehsil": "Kot Addu",
        "type": "Railway Station",
        "gcop_source_layer": "railway_stations",
        "gcop_map_layer": "railway_stations_label"
      }
    },
    {
      "type": "Feature",
      "geometry": {
        "type": "Point",
        "coordinates": [
          71.268310546875,
          30.07860131571654
        ]
      },
      "properties": {
        "district": "Muzaffargarh",
        "name": "Chenab West Bank",
        "province": "Punjab",
        "tehsil": "Muzaffargarh",
        "type": "Railway Station",
        "gcop_source_layer": "railway_stations",
        "gcop_map_layer": "railway_stations_label"
      }
    },
    {
      "type": "Feature",
      "geometry": {
        "type": "Point",
        "coordinates": [
          73.828125,
          31.54108987958581
        ]
      },
      "properties": {
        "district": "Nankana Sahib",
        "name": "Warburton",
        "province": "Punjab",
        "tehsil": "Nankana Sahib",
        "type": "Railway Station",
        "gcop_source_layer": "railway_stations",
        "gcop_map_layer": "railway_stations_label"
      }
    },
    {
      "type": "Feature",
      "geometry": {
        "type": "Point",
        "coordinates": [
          74.81689453125,
          32.16166284018013
        ]
      },
      "properties": {
        "district": "Narowal",
        "name": "Domala",
        "province": "Punjab",
        "tehsil": "Narowal",
        "type": "Railway Station",
        "gcop_source_layer": "railway_stations",
        "gcop_map_layer": "railway_stations_label"
      }
    },
    {
      "type": "Feature",
      "geometry": {
        "type": "Point",
        "coordinates": [
          73.3941650390625,
          30.353916372297036
        ]
      },
      "properties": {
        "district": "Pakpattan",
        "name": "Pakpattan",
        "province": "Punjab",
        "tehsil": "Pakpattan",
        "type": "Railway Station",
        "gcop_source_layer": "railway_stations",
        "gcop_map_layer": "railway_stations_label"
      }
    },
    {
      "type": "Feature",
      "geometry": {
        "type": "Point",
        "coordinates": [
          68.675537109375,
          25.458154856592074
        ]
      },
      "properties": {
        "district": "Tando Allahyar",
        "name": "Rashidabad",
        "province": "Sindh",
        "tehsil": "Tando Allahyar",
        "type": "Railway Station",
        "gcop_source_layer": "railway_stations",
        "gcop_map_layer": "railway_stations_label"
      }
    },
    {
      "type": "Feature",
      "geometry": {
        "type": "Point",
        "coordinates": [
          68.466796875,
          25.170145051503127
        ]
      },
      "properties": {
        "district": "Tando Muhammad Khan",
        "name": "Norai Sharif",
        "province": "Sindh",
        "tehsil": "Bulri Shah Karim",
        "type": "Railway Station",
        "gcop_source_layer": "railway_stations",
        "gcop_map_layer": "railway_stations_label"
      }
    },
    {
      "type": "Feature",
      "geometry": {
        "type": "Point",
        "coordinates": [
          68.8128662109375,
          24.88145330131796
        ]
      },
      "properties": {
        "district": "Tando Muhammad Khan",
        "name": "Talhar",
        "province": "Sindh",
        "tehsil": "Tando Ghulam Hyder",
        "type": "Railway Station",
        "gcop_source_layer": "railway_stations",
        "gcop_map_layer": "railway_stations_label"
      }
    },
    {
      "type": "Feature",
      "geometry": {
        "type": "Point",
        "coordinates": [
          68.5272216796875,
          25.120419105501256
        ]
      },
      "properties": {
        "district": "Tando Muhammad Khan",
        "name": "Tando Muhammad Khan",
        "province": "Sindh",
        "tehsil": "Tando Muhammad Khan",
        "type": "Railway Station",
        "gcop_source_layer": "railway_stations",
        "gcop_map_layer": "railway_stations_label"
      }
    },
    {
      "type": "Feature",
      "geometry": {
        "type": "Point",
        "coordinates": [
          68.1207275390625,
          25.160201483133378
        ]
      },
      "properties": {
        "district": "Thatta",
        "name": "Meting",
        "province": "Sindh",
        "tehsil": "Thatta",
        "type": "Railway Station",
        "gcop_source_layer": "railway_stations",
        "gcop_map_layer": "railway_stations_label"
      }
    },
    {
      "type": "Feature",
      "geometry": {
        "type": "Point",
        "coordinates": [
          67.6593017578125,
          24.82662495656217
        ]
      },
      "properties": {
        "district": "Thatta",
        "name": "Ranpattahni",
        "province": "Sindh",
        "tehsil": "Thatta",
        "type": "Railway Station",
        "gcop_source_layer": "railway_stations",
        "gcop_map_layer": "railway_stations_label"
      }
    },
    {
      "type": "Feature",
      "geometry": {
        "type": "Point",
        "coordinates": [
          67.9010009765625,
          24.936257323061284
        ]
      },
      "properties": {
        "district": "Thatta",
        "name": "Braudabad",
        "province": "Sindh",
        "tehsil": "Thatta",
        "type": "Railway Station",
        "gcop_source_layer": "railway_stations",
        "gcop_map_layer": "railway_stations_label"
      }
    },
    {
      "type": "Feature",
      "geometry": {
        "type": "Point",
        "coordinates": [
          68.104248046875,
          25.110471486223346
        ]
      },
      "properties": {
        "district": "Thatta",
        "name": "Latif Chang",
        "province": "Sindh",
        "tehsil": "Thatta",
        "type": "Railway Station",
        "gcop_source_layer": "railway_stations",
        "gcop_map_layer": "railway_stations_label"
      }
    },
    {
      "type": "Feature",
      "geometry": {
        "type": "Point",
        "coordinates": [
          67.774658203125,
          24.85653433931067
        ]
      },
      "properties": {
        "district": "Thatta",
        "name": "Jungshahi",
        "province": "Sindh",
        "tehsil": "Thatta",
        "type": "Railway Station",
        "gcop_source_layer": "railway_stations",
        "gcop_map_layer": "railway_stations_label"
      }
    },
    {
      "type": "Feature",
      "geometry": {
        "type": "Point",
        "coordinates": [
          67.137451171875,
          24.896402266558724
        ]
      },
      "properties": {
        "district": "East Karachi",
        "name": "Karachi Circular",
        "province": "Sindh",
        "tehsil": "Jamshaid Town",
        "type": "Railway Station",
        "gcop_source_layer": "railway_stations",
        "gcop_map_layer": "railway_stations_label"
      }
    },
    {
      "type": "Feature",
      "geometry": {
        "type": "Point",
        "coordinates": [
          67.0880126953125,
          24.911349421850602
        ]
      },
      "properties": {
        "district": "East Karachi",
        "name": "Nipa Station Karachi Circular Railway",
        "province": "Sindh",
        "tehsil": "Jamshaid Town",
        "type": "Railway Station",
        "gcop_source_layer": "railway_stations",
        "gcop_map_layer": "railway_stations_label"
      }
    },
    {
      "type": "Feature",
      "geometry": {
        "type": "Point",
        "coordinates": [
          67.0989990234375,
          24.87646991083153
        ]
      },
      "properties": {
        "district": "East Karachi",
        "name": "Karsaz",
        "province": "Sindh",
        "tehsil": "Jamshaid Town",
        "type": "Railway Station",
        "gcop_source_layer": "railway_stations",
        "gcop_map_layer": "railway_stations_label"
      }
    },
    {
      "type": "Feature",
      "geometry": {
        "type": "Point",
        "coordinates": [
          67.5,
          24.811667555461852
        ]
      },
      "properties": {
        "district": "Malir",
        "name": "Dabheji",
        "province": "Sindh",
        "tehsil": "Bin Qasim Town",
        "type": "Railway Station",
        "gcop_source_layer": "railway_stations",
        "gcop_map_layer": "railway_stations_label"
      }
    },
    {
      "type": "Feature",
      "geometry": {
        "type": "Point",
        "coordinates": [
          67.21435546875,
          24.851549944184725
        ]
      },
      "properties": {
        "district": "Malir",
        "name": "Landhi Railway Station Parking",
        "province": "Sindh",
        "tehsil": "Bin Qasim Town",
        "type": "Railway Station",
        "gcop_source_layer": "railway_stations",
        "gcop_map_layer": "railway_stations_label"
      }
    },
    {
      "type": "Feature",
      "geometry": {
        "type": "Point",
        "coordinates": [
          67.3406982421875,
          24.846565348219755
        ]
      },
      "properties": {
        "district": "Malir",
        "name": "Bin Qasim",
        "province": "Sindh",
        "tehsil": "Bin Qasim Town",
        "type": "Railway Station",
        "gcop_source_layer": "railway_stations",
        "gcop_map_layer": "railway_stations_label"
      }
    },
    {
      "type": "Feature",
      "geometry": {
        "type": "Point",
        "coordinates": [
          67.4285888671875,
          24.846565348219755
        ]
      },
      "properties": {
        "district": "Malir",
        "name": "Gaddar",
        "province": "Sindh",
        "tehsil": "Bin Qasim Town",
        "type": "Railway Station",
        "gcop_source_layer": "railway_stations",
        "gcop_map_layer": "railway_stations_label"
      }
    },
    {
      "type": "Feature",
      "geometry": {
        "type": "Point",
        "coordinates": [
          67.225341796875,
          24.95119964792312
        ]
      },
      "properties": {
        "district": "Malir",
        "name": "Malir Cantt",
        "province": "Sindh",
        "tehsil": "Gadap Town",
        "type": "Railway Station",
        "gcop_source_layer": "railway_stations",
        "gcop_map_layer": "railway_stations_label"
      }
    },
    {
      "type": "Feature",
      "geometry": {
        "type": "Point",
        "coordinates": [
          67.1923828125,
          24.90138485280086
        ]
      },
      "properties": {
        "district": "Malir",
        "name": "Model Colony",
        "province": "Sindh",
        "tehsil": "Malir Town",
        "type": "Railway Station",
        "gcop_source_layer": "railway_stations",
        "gcop_map_layer": "railway_stations_label"
      }
    },
    {
      "type": "Feature",
      "geometry": {
        "type": "Point",
        "coordinates": [
          67.1429443359375,
          24.886436490787716
        ]
      },
      "properties": {
        "district": "Korangi",
        "name": "Drigh Colony",
        "province": "Sindh",
        "tehsil": "Shah Faisal Town",
        "type": "Railway Station",
        "gcop_source_layer": "railway_stations",
        "gcop_map_layer": "railway_stations_label"
      }
    },
    {
      "type": "Feature",
      "geometry": {
        "type": "Point",
        "coordinates": [
          67.1759033203125,
          24.886436490787716
        ]
      },
      "properties": {
        "district": "Korangi",
        "name": "Malir Halt",
        "province": "Sindh",
        "tehsil": "Shah Faisal Town",
        "type": "Railway Station",
        "gcop_source_layer": "railway_stations",
        "gcop_map_layer": "railway_stations_label"
      }
    },
    {
      "type": "Feature",
      "geometry": {
        "type": "Point",
        "coordinates": [
          67.1923828125,
          24.87646991083153
        ]
      },
      "properties": {
        "district": "Korangi",
        "name": "Malir",
        "province": "Sindh",
        "tehsil": "Shah Faisal Town",
        "type": "Railway Station",
        "gcop_source_layer": "railway_stations",
        "gcop_map_layer": "railway_stations_label"
      }
    },
    {
      "type": "Feature",
      "geometry": {
        "type": "Point",
        "coordinates": [
          66.97265625,
          24.886436490787716
        ]
      },
      "properties": {
        "district": "Keamari",
        "name": "Shah Abdul Latif",
        "province": "Sindh",
        "tehsil": "Kemari Town",
        "type": "Railway Station",
        "gcop_source_layer": "railway_stations",
        "gcop_map_layer": "railway_stations_label"
      }
    },
    {
      "type": "Feature",
      "geometry": {
        "type": "Point",
        "coordinates": [
          67.005615234375,
          24.846565348219755
        ]
      },
      "properties": {
        "district": "South Karachi",
        "name": "Karachi City",
        "province": "Sindh",
        "tehsil": "Liyari Town",
        "type": "Railway Station",
        "gcop_source_layer": "railway_stations",
        "gcop_map_layer": "railway_stations_label"
      }
    },
    {
      "type": "Feature",
      "geometry": {
        "type": "Point",
        "coordinates": [
          66.9891357421875,
          24.85653433931067
        ]
      },
      "properties": {
        "district": "South Karachi",
        "name": "Wazir Mansion",
        "province": "Sindh",
        "tehsil": "Liyari Town",
        "type": "Railway Station",
        "gcop_source_layer": "railway_stations",
        "gcop_map_layer": "railway_stations_label"
      }
    },
    {
      "type": "Feature",
      "geometry": {
        "type": "Point",
        "coordinates": [
          66.9781494140625,
          24.82662495656217
        ]
      },
      "properties": {
        "district": "South Karachi",
        "name": "Kimari Railway",
        "province": "Sindh",
        "tehsil": "Liyari Town",
        "type": "Railway Station",
        "gcop_source_layer": "railway_stations",
        "gcop_map_layer": "railway_stations_label"
      }
    },
    {
      "type": "Feature",
      "geometry": {
        "type": "Point",
        "coordinates": [
          67.03857421875,
          24.84158055144536
        ]
      },
      "properties": {
        "district": "South Karachi",
        "name": "Karachi Cantonment",
        "province": "Sindh",
        "tehsil": "Saddar Town",
        "type": "Railway Station",
        "gcop_source_layer": "railway_stations",
        "gcop_map_layer": "railway_stations_label"
      }
    },
    {
      "type": "Feature",
      "geometry": {
        "type": "Point",
        "coordinates": [
          68.0108642578125,
          25.02588406324483
        ]
      },
      "properties": {
        "district": "Thatta",
        "name": "Jhampir",
        "province": "Sindh",
        "tehsil": "Thatta",
        "type": "Railway Station",
        "gcop_source_layer": "railway_stations",
        "gcop_map_layer": "railway_stations_label"
      }
    },
    {
      "type": "Feature",
      "geometry": {
        "type": "Point",
        "coordinates": [
          69.3731689453125,
          25.51270000762051
        ]
      },
      "properties": {
        "district": "Umer Kot",
        "name": "Pithoro",
        "province": "Sindh",
        "tehsil": "Pithoro",
        "type": "Railway Station",
        "gcop_source_layer": "railway_stations",
        "gcop_map_layer": "railway_stations_label"
      }
    },
    {
      "type": "Feature",
      "geometry": {
        "type": "Point",
        "coordinates": [
          69.45556640625,
          25.299337565234083
        ]
      },
      "properties": {
        "district": "Umer Kot",
        "name": "Samaro Road",
        "province": "Sindh",
        "tehsil": "Samaro",
        "type": "Railway Station",
        "gcop_source_layer": "railway_stations",
        "gcop_map_layer": "railway_stations_label"
      }
    },
    {
      "type": "Feature",
      "geometry": {
        "type": "Point",
        "coordinates": [
          69.422607421875,
          25.35891851754525
        ]
      },
      "properties": {
        "district": "Umer Kot",
        "name": "Muhammed Rahim Kalro",
        "province": "Sindh",
        "tehsil": "Samaro",
        "type": "Railway Station",
        "gcop_source_layer": "railway_stations",
        "gcop_map_layer": "railway_stations_label"
      }
    },
    {
      "type": "Feature",
      "geometry": {
        "type": "Point",
        "coordinates": [
          70.1971435546875,
          25.70093788144429
        ]
      },
      "properties": {
        "district": "Umer Kot",
        "name": "Khokarapar",
        "province": "Sindh",
        "tehsil": "Umer Kot",
        "type": "Railway Station",
        "gcop_source_layer": "railway_stations",
        "gcop_map_layer": "railway_stations_label"
      }
    },
    {
      "type": "Feature",
      "geometry": {
        "type": "Point",
        "coordinates": [
          69.67529296875,
          25.507742380531397
        ]
      },
      "properties": {
        "district": "Umer Kot",
        "name": "Hasisar",
        "province": "Sindh",
        "tehsil": "Umer Kot",
        "type": "Railway Station",
        "gcop_source_layer": "railway_stations",
        "gcop_map_layer": "railway_stations_label"
      }
    },
    {
      "type": "Feature",
      "geometry": {
        "type": "Point",
        "coordinates": [
          69.774169921875,
          25.51765742999403
        ]
      },
      "properties": {
        "district": "Umer Kot",
        "name": "Chor",
        "province": "Sindh",
        "tehsil": "Umer Kot",
        "type": "Railway Station",
        "gcop_source_layer": "railway_stations",
        "gcop_map_layer": "railway_stations_label"
      }
    },
    {
      "type": "Feature",
      "geometry": {
        "type": "Point",
        "coordinates": [
          70.257568359375,
          25.730632525531917
        ]
      },
      "properties": {
        "district": "Umer Kot",
        "name": "Zero Point",
        "province": "Sindh",
        "tehsil": "Umer Kot",
        "type": "Railway Station",
        "gcop_source_layer": "railway_stations",
        "gcop_map_layer": "railway_stations_label"
      }
    },
    {
      "type": "Feature",
      "geometry": {
        "type": "Point",
        "coordinates": [
          66.9891357421875,
          24.896402266558724
        ]
      },
      "properties": {
        "district": "Keamari",
        "name": "S.I.T.E",
        "province": "Sindh",
        "tehsil": "Site Town",
        "type": "Railway Station",
        "gcop_source_layer": "railway_stations",
        "gcop_map_layer": "railway_stations_label"
      }
    },
    {
      "type": "Feature",
      "geometry": {
        "type": "Point",
        "coordinates": [
          73.0865478515625,
          34.00713506435885
        ]
      },
      "properties": {
        "district": "Haripur",
        "name": "Baldher",
        "province": "Khyber Pakhtunkhwa",
        "tehsil": "Haripur",
        "type": "Railway Station",
        "gcop_source_layer": "railway_stations",
        "gcop_map_layer": "railway_stations_label"
      }
    },
    {
      "type": "Feature",
      "geometry": {
        "type": "Point",
        "coordinates": [
          72.861328125,
          33.9296876275766
        ]
      },
      "properties": {
        "district": "Haripur",
        "name": "Kotnajibullah",
        "province": "Khyber Pakhtunkhwa",
        "tehsil": "Haripur",
        "type": "Railway Station",
        "gcop_source_layer": "railway_stations",
        "gcop_map_layer": "railway_stations_label"
      }
    },
    {
      "type": "Feature",
      "geometry": {
        "type": "Point",
        "coordinates": [
          72.9876708984375,
          33.98436372829188
        ]
      },
      "properties": {
        "district": "Haripur",
        "name": "Sarai Saleh",
        "province": "Khyber Pakhtunkhwa",
        "tehsil": "Haripur",
        "type": "Railway Station",
        "gcop_source_layer": "railway_stations",
        "gcop_map_layer": "railway_stations_label"
      }
    },
    {
      "type": "Feature",
      "geometry": {
        "type": "Point",
        "coordinates": [
          72.92724609375,
          33.98436372829188
        ]
      },
      "properties": {
        "district": "Haripur",
        "name": "Haripur Hazara",
        "province": "Khyber Pakhtunkhwa",
        "tehsil": "Haripur",
        "type": "Railway Station",
        "gcop_source_layer": "railway_stations",
        "gcop_map_layer": "railway_stations_label"
      }
    },
    {
      "type": "Feature",
      "geometry": {
        "type": "Point",
        "coordinates": [
          73.157958984375,
          34.05265942137599
        ]
      },
      "properties": {
        "district": "Abbottabad",
        "name": "Havalian",
        "province": "Khyber Pakhtunkhwa",
        "tehsil": "Havelian",
        "type": "Railway Station",
        "gcop_source_layer": "railway_stations",
        "gcop_map_layer": "railway_stations_label"
      }
    },
    {
      "type": "Feature",
      "geometry": {
        "type": "Point",
        "coordinates": [
          68.35693359375,
          28.37206882963163
        ]
      },
      "properties": {
        "district": "Jaffarabad",
        "name": "Dera Allah Yar",
        "province": "Balochistan",
        "tehsil": "Jhat Pat",
        "type": "Railway Station",
        "gcop_source_layer": "railway_stations",
        "gcop_map_layer": "railway_stations_label"
      }
    },
    {
      "type": "Feature",
      "geometry": {
        "type": "Point",
        "coordinates": [
          72.1966552734375,
          33.95703006998231
        ]
      },
      "properties": {
        "district": "Nowshera",
        "name": "Jehangira",
        "province": "Khyber Pakhtunkhwa",
        "tehsil": "Jehangira",
        "type": "Railway Station",
        "gcop_source_layer": "railway_stations",
        "gcop_map_layer": "railway_stations_label"
      }
    },
    {
      "type": "Feature",
      "geometry": {
        "type": "Point",
        "coordinates": [
          72.22412109375,
          33.90233640448068
        ]
      },
      "properties": {
        "district": "Nowshera",
        "name": "khair abad",
        "province": "Khyber Pakhtunkhwa",
        "tehsil": "Jehangira",
        "type": "Railway Station",
        "gcop_source_layer": "railway_stations",
        "gcop_map_layer": "railway_stations_label"
      }
    },
    {
      "type": "Feature",
      "geometry": {
        "type": "Point",
        "coordinates": [
          72.059326171875,
          34.00713506435885
        ]
      },
      "properties": {
        "district": "Nowshera",
        "name": "Hayat Sherpao Shaheed",
        "province": "Khyber Pakhtunkhwa",
        "tehsil": "Jehangira",
        "type": "Railway Station",
        "gcop_source_layer": "railway_stations",
        "gcop_map_layer": "railway_stations_label"
      }
    },
    {
      "type": "Feature",
      "geometry": {
        "type": "Point",
        "coordinates": [
          72.696533203125,
          33.82479361826488
        ]
      },
      "properties": {
        "district": "Attock",
        "name": "HassanAbdal",
        "province": "Punjab",
        "tehsil": "Hasan Abdal",
        "type": "Railway Station",
        "gcop_source_layer": "railway_stations",
        "gcop_map_layer": "railway_stations_label"
      }
    },
    {
      "type": "Feature",
      "geometry": {
        "type": "Point",
        "coordinates": [
          72.586669921875,
          33.82023008524739
        ]
      },
      "properties": {
        "district": "Attock",
        "name": "Burhan",
        "province": "Punjab",
        "tehsil": "Hasan Abdal",
        "type": "Railway Station",
        "gcop_source_layer": "railway_stations",
        "gcop_map_layer": "railway_stations_label"
      }
    },
    {
      "type": "Feature",
      "geometry": {
        "type": "Point",
        "coordinates": [
          72.2406005859375,
          33.87497640410959
        ]
      },
      "properties": {
        "district": "Attock",
        "name": "Attock Khurd",
        "province": "Punjab",
        "tehsil": "Hazro",
        "type": "Railway Station",
        "gcop_source_layer": "railway_stations",
        "gcop_map_layer": "railway_stations_label"
      }
    },
    {
      "type": "Feature",
      "geometry": {
        "type": "Point",
        "coordinates": [
          72.301025390625,
          33.85673152928874
        ]
      },
      "properties": {
        "district": "Attock",
        "name": "Rumiān",
        "province": "Punjab",
        "tehsil": "Hazro",
        "type": "Railway Station",
        "gcop_source_layer": "railway_stations",
        "gcop_map_layer": "railway_stations_label"
      }
    },
    {
      "type": "Feature",
      "geometry": {
        "type": "Point",
        "coordinates": [
          71.202392578125,
          32.03602003973755
        ]
      },
      "properties": {
        "district": "Bhakkar",
        "name": "Maibal Sharif",
        "province": "Punjab",
        "tehsil": "Kalur Kot",
        "type": "Railway Station",
        "gcop_source_layer": "railway_stations",
        "gcop_map_layer": "railway_stations_label"
      }
    },
    {
      "type": "Feature",
      "geometry": {
        "type": "Point",
        "coordinates": [
          71.1749267578125,
          31.970803930433092
        ]
      },
      "properties": {
        "district": "Bhakkar",
        "name": "Shah Alam",
        "province": "Punjab",
        "tehsil": "Kalur Kot",
        "type": "Railway Station",
        "gcop_source_layer": "railway_stations",
        "gcop_map_layer": "railway_stations_label"
      }
    },
    {
      "type": "Feature",
      "geometry": {
        "type": "Point",
        "coordinates": [
          71.2628173828125,
          32.15236189465577
        ]
      },
      "properties": {
        "district": "Bhakkar",
        "name": "Kalurr Kot",
        "province": "Punjab",
        "tehsil": "Kalur Kot",
        "type": "Railway Station",
        "gcop_source_layer": "railway_stations",
        "gcop_map_layer": "railway_stations_label"
      }
    },
    {
      "type": "Feature",
      "geometry": {
        "type": "Point",
        "coordinates": [
          73.9654541015625,
          31.085869896208322
        ]
      },
      "properties": {
        "district": "Kasur",
        "name": "Changa Manga",
        "province": "Punjab",
        "tehsil": "Chunian",
        "type": "Railway Station",
        "gcop_source_layer": "railway_stations",
        "gcop_map_layer": "railway_stations_label"
      }
    },
    {
      "type": "Feature",
      "geometry": {
        "type": "Point",
        "coordinates": [
          71.5594482421875,
          32.95336814579932
        ]
      },
      "properties": {
        "district": "Mianwali",
        "name": "Mari Indus",
        "province": "Punjab",
        "tehsil": "Isakhel",
        "type": "Railway Station",
        "gcop_source_layer": "railway_stations",
        "gcop_map_layer": "railway_stations_label"
      }
    },
    {
      "type": "Feature",
      "geometry": {
        "type": "Point",
        "coordinates": [
          71.5374755859375,
          32.962586441917466
        ]
      },
      "properties": {
        "district": "Mianwali",
        "name": "Kala Bagh",
        "province": "Punjab",
        "tehsil": "Isakhel",
        "type": "Railway Station",
        "gcop_source_layer": "railway_stations",
        "gcop_map_layer": "railway_stations_label"
      }
    },
    {
      "type": "Feature",
      "geometry": {
        "type": "Point",
        "coordinates": [
          71.268310546875,
          32.676372772089834
        ]
      },
      "properties": {
        "district": "Mianwali",
        "name": "Isa khel",
        "province": "Punjab",
        "tehsil": "Isakhel",
        "type": "Railway Station",
        "gcop_source_layer": "railway_stations",
        "gcop_map_layer": "railway_stations_label"
      }
    },
    {
      "type": "Feature",
      "geometry": {
        "type": "Point",
        "coordinates": [
          71.488037109375,
          32.45415593941475
        ]
      },
      "properties": {
        "district": "Mianwali",
        "name": "kundian",
        "province": "Punjab",
        "tehsil": "Piplan",
        "type": "Junction",
        "gcop_source_layer": "railway_stations",
        "gcop_map_layer": "railway_stations_label"
      }
    },
    {
      "type": "Feature",
      "geometry": {
        "type": "Point",
        "coordinates": [
          71.4166259765625,
          32.36604320976022
        ]
      },
      "properties": {
        "district": "Mianwali",
        "name": "Alluwali",
        "province": "Punjab",
        "tehsil": "Piplan",
        "type": "Railway Station",
        "gcop_source_layer": "railway_stations",
        "gcop_map_layer": "railway_stations_label"
      }
    },
    {
      "type": "Feature",
      "geometry": {
        "type": "Point",
        "coordinates": [
          71.3671875,
          32.29177633471201
        ]
      },
      "properties": {
        "district": "Mianwali",
        "name": "Piplan",
        "province": "Punjab",
        "tehsil": "Piplan",
        "type": "Railway Station",
        "gcop_source_layer": "railway_stations",
        "gcop_map_layer": "railway_stations_label"
      }
    },
    {
      "type": "Feature",
      "geometry": {
        "type": "Point",
        "coordinates": [
          75.157470703125,
          32.26855544621476
        ]
      },
      "properties": {
        "district": "Narowal",
        "name": "Shakargarh",
        "province": "Punjab",
        "tehsil": "Shakargarh",
        "type": "Railway Station",
        "gcop_source_layer": "railway_stations",
        "gcop_map_layer": "railway_stations_label"
      }
    },
    {
      "type": "Feature",
      "geometry": {
        "type": "Point",
        "coordinates": [
          75.16845703125,
          32.31963355203524
        ]
      },
      "properties": {
        "district": "Narowal",
        "name": "Mariyal",
        "province": "Punjab",
        "tehsil": "Shakargarh",
        "type": "Railway Station",
        "gcop_source_layer": "railway_stations",
        "gcop_map_layer": "railway_stations_label"
      }
    },
    {
      "type": "Feature",
      "geometry": {
        "type": "Point",
        "coordinates": [
          75.1025390625,
          32.19885712788491
        ]
      },
      "properties": {
        "district": "Narowal",
        "name": "Nurkot",
        "province": "Punjab",
        "tehsil": "Shakargarh",
        "type": "Railway Station",
        "gcop_source_layer": "railway_stations",
        "gcop_map_layer": "railway_stations_label"
      }
    },
    {
      "type": "Feature",
      "geometry": {
        "type": "Point",
        "coordinates": [
          74.761962890625,
          32.23138966273763
        ]
      },
      "properties": {
        "district": "Narowal",
        "name": "Qila Sobha Singh",
        "province": "Punjab",
        "tehsil": "Zafarwal",
        "type": "Railway Station",
        "gcop_source_layer": "railway_stations",
        "gcop_map_layer": "railway_stations_label"
      }
    },
    {
      "type": "Feature",
      "geometry": {
        "type": "Point",
        "coordinates": [
          75.179443359375,
          32.370682866114265
        ]
      },
      "properties": {
        "district": "Narowal",
        "name": "Chak Aamru",
        "province": "Punjab",
        "tehsil": "Zafarwal",
        "type": "Railway Station",
        "gcop_source_layer": "railway_stations",
        "gcop_map_layer": "railway_stations_label"
      }
    },
    {
      "type": "Feature",
      "geometry": {
        "type": "Point",
        "coordinates": [
          73.6798095703125,
          30.458144351018078
        ]
      },
      "properties": {
        "district": "Okara",
        "name": "Haveli Lakha",
        "province": "Punjab",
        "tehsil": "Depalpur",
        "type": "Railway Station",
        "gcop_source_layer": "railway_stations",
        "gcop_map_layer": "railway_stations_label"
      }
    },
    {
      "type": "Feature",
      "geometry": {
        "type": "Point",
        "coordinates": [
          73.839111328125,
          30.576450026618105
        ]
      },
      "properties": {
        "district": "Okara",
        "name": "Basirpur",
        "province": "Punjab",
        "tehsil": "Depalpur",
        "type": "Railway Station",
        "gcop_source_layer": "railway_stations",
        "gcop_map_layer": "railway_stations_label"
      }
    },
    {
      "type": "Feature",
      "geometry": {
        "type": "Point",
        "coordinates": [
          74.06982421875,
          30.699335004371974
        ]
      },
      "properties": {
        "district": "Okara",
        "name": "Haji Chand",
        "province": "Punjab",
        "tehsil": "Depalpur",
        "type": "Railway Station",
        "gcop_source_layer": "railway_stations",
        "gcop_map_layer": "railway_stations_label"
      }
    },
    {
      "type": "Feature",
      "geometry": {
        "type": "Point",
        "coordinates": [
          74.02587890625,
          30.65681556429287
        ]
      },
      "properties": {
        "district": "Okara",
        "name": "Mandi Ahmad Abad",
        "province": "Punjab",
        "tehsil": "Depalpur",
        "type": "Railway Station",
        "gcop_source_layer": "railway_stations",
        "gcop_map_layer": "railway_stations_label"
      }
    },
    {
      "type": "Feature",
      "geometry": {
        "type": "Point",
        "coordinates": [
          70.224609375,
          28.357567857801698
        ]
      },
      "properties": {
        "district": "Rahim Yar Khan",
        "name": "Adamsahaba",
        "province": "Punjab",
        "tehsil": "Sadiqabad",
        "type": "Railway Station",
        "gcop_source_layer": "railway_stations",
        "gcop_map_layer": "railway_stations_label"
      }
    },
    {
      "type": "Feature",
      "geometry": {
        "type": "Point",
        "coordinates": [
          70.125732421875,
          28.304380682962787
        ]
      },
      "properties": {
        "district": "Rahim Yar Khan",
        "name": "Sadiqabad",
        "province": "Punjab",
        "tehsil": "Sadiqabad",
        "type": "Railway Station",
        "gcop_source_layer": "railway_stations",
        "gcop_map_layer": "railway_stations_label"
      }
    },
    {
      "type": "Feature",
      "geometry": {
        "type": "Point",
        "coordinates": [
          68.587646484375,
          28.28019589809702
        ]
      },
      "properties": {
        "district": "Jacobabad",
        "name": "Dilmurad",
        "province": "Sindh",
        "tehsil": "Thul",
        "type": "Railway Station",
        "gcop_source_layer": "railway_stations",
        "gcop_map_layer": "railway_stations_label"
      }
    },
    {
      "type": "Feature",
      "geometry": {
        "type": "Point",
        "coordinates": [
          68.763427734375,
          28.260844114804826
        ]
      },
      "properties": {
        "district": "Jacobabad",
        "name": "Thul",
        "province": "Sindh",
        "tehsil": "Thul",
        "type": "Railway Station",
        "gcop_source_layer": "railway_stations",
        "gcop_map_layer": "railway_stations_label"
      }
    },
    {
      "type": "Feature",
      "geometry": {
        "type": "Point",
        "coordinates": [
          72.147216796875,
          33.993472995119674
        ]
      },
      "properties": {
        "district": "Nowshera",
        "name": "Jehangira",
        "province": "Khyber Pakhtunkhwa",
        "tehsil": "Jehangira",
        "type": "Railway Station",
        "gcop_source_layer": "railway_stations",
        "gcop_map_layer": "railway_stations_label"
      }
    },
    {
      "type": "Feature",
      "geometry": {
        "type": "Point",
        "coordinates": [
          61.556396484375,
          28.974506534302407
        ]
      },
      "properties": {
        "district": "Chagai",
        "name": "Taftan",
        "province": "Balochistan",
        "tehsil": "Taftan",
        "type": "Railway Station",
        "gcop_source_layer": "railway_stations",
        "gcop_map_layer": "railway_stations_label"
      }
    },
    {
      "type": "Feature",
      "geometry": {
        "type": "Point",
        "coordinates": [
          61.4520263671875,
          29.02255151116836
        ]
      },
      "properties": {
        "name": "Mir Jawe",
        "type": "Railway Station",
        "gcop_source_layer": "railway_stations",
        "gcop_map_layer": "railway_stations_label"
      }
    },
    {
      "type": "Feature",
      "geometry": {
        "type": "Point",
        "coordinates": [
          61.907958984375,
          28.863918426224558
        ]
      },
      "properties": {
        "district": "Chagai",
        "name": "Warechah",
        "province": "Balochistan",
        "tehsil": "Taftan",
        "type": "Railway Station",
        "gcop_source_layer": "railway_stations",
        "gcop_map_layer": "railway_stations_label"
      }
    },
    {
      "type": "Feature",
      "geometry": {
        "type": "Point",
        "coordinates": [
          62.2760009765625,
          28.80135998648177
        ]
      },
      "properties": {
        "district": "Chagai",
        "name": "Tozgi",
        "province": "Balochistan",
        "tehsil": "Taftan",
        "type": "Railway Station",
        "gcop_source_layer": "railway_stations",
        "gcop_map_layer": "railway_stations_label"
      }
    },
    {
      "type": "Feature",
      "geometry": {
        "type": "Point",
        "coordinates": [
          61.6058349609375,
          29.219302076779456
        ]
      },
      "properties": {
        "district": "Chagai",
        "name": "Saindak",
        "province": "Balochistan",
        "tehsil": "Taftan",
        "type": "Railway Station",
        "gcop_source_layer": "railway_stations",
        "gcop_map_layer": "railway_stations_label"
      }
    },
    {
      "type": "Feature",
      "geometry": {
        "type": "Point",
        "coordinates": [
          66.6375732421875,
          30.63318556699761
        ]
      },
      "properties": {
        "district": "Killa Abdullah",
        "name": "Gulistan",
        "province": "Balochistan",
        "tehsil": "Killa Abdullah",
        "type": "Railway Station",
        "gcop_source_layer": "railway_stations",
        "gcop_map_layer": "railway_stations_label"
      }
    },
    {
      "type": "Feature",
      "geometry": {
        "type": "Point",
        "coordinates": [
          66.654052734375,
          30.732392734006083
        ]
      },
      "properties": {
        "district": "Killa Abdullah",
        "name": "Killa Abdullah",
        "province": "Balochistan",
        "tehsil": "Killa Abdullah",
        "type": "Railway Station",
        "gcop_source_layer": "railway_stations",
        "gcop_map_layer": "railway_stations_label"
      }
    },
    {
      "type": "Feature",
      "geometry": {
        "type": "Point",
        "coordinates": [
          66.8408203125,
          29.878755346037977
        ]
      },
      "properties": {
        "district": "Mastung",
        "name": "Mastung Road",
        "province": "Balochistan",
        "tehsil": "Mastung",
        "type": "Railway Station",
        "gcop_source_layer": "railway_stations",
        "gcop_map_layer": "railway_stations_label"
      }
    },
    {
      "type": "Feature",
      "geometry": {
        "type": "Point",
        "coordinates": [
          66.6156005859375,
          29.89780561015587
        ]
      },
      "properties": {
        "district": "Mastung",
        "name": "Sheikh Wasil",
        "province": "Balochistan",
        "tehsil": "Mastung",
        "type": "Railway Station",
        "gcop_source_layer": "railway_stations",
        "gcop_map_layer": "railway_stations_label"
      }
    },
    {
      "type": "Feature",
      "geometry": {
        "type": "Point",
        "coordinates": [
          66.8408203125,
          29.807284450222497
        ]
      },
      "properties": {
        "district": "Mastung",
        "name": "Wali Khan Muhammad shahi",
        "province": "Balochistan",
        "tehsil": "Mastung",
        "type": "Railway Station",
        "gcop_source_layer": "railway_stations",
        "gcop_map_layer": "railway_stations_label"
      }
    },
    {
      "type": "Feature",
      "geometry": {
        "type": "Point",
        "coordinates": [
          66.741943359375,
          29.89780561015587
        ]
      },
      "properties": {
        "district": "Mastung",
        "name": "Kahnak",
        "province": "Balochistan",
        "tehsil": "Mastung",
        "type": "Railway Station",
        "gcop_source_layer": "railway_stations",
        "gcop_map_layer": "railway_stations_label"
      }
    },
    {
      "type": "Feature",
      "geometry": {
        "type": "Point",
        "coordinates": [
          66.434326171875,
          29.76437737516312
        ]
      },
      "properties": {
        "district": "Mastung",
        "name": "Kardagap",
        "province": "Balochistan",
        "tehsil": "Kirdgap",
        "type": "Railway Station",
        "gcop_source_layer": "railway_stations",
        "gcop_map_layer": "railway_stations_label"
      }
    },
    {
      "type": "Feature",
      "geometry": {
        "type": "Point",
        "coordinates": [
          66.95068359375,
          30.50548389892728
        ]
      },
      "properties": {
        "district": "Pishin",
        "name": "Yaro",
        "province": "Balochistan",
        "tehsil": "Karezat",
        "type": "Railway Station",
        "gcop_source_layer": "railway_stations",
        "gcop_map_layer": "railway_stations_label"
      }
    },
    {
      "type": "Feature",
      "geometry": {
        "type": "Point",
        "coordinates": [
          66.8682861328125,
          30.566990873153344
        ]
      },
      "properties": {
        "district": "Pishin",
        "name": "Saranan",
        "province": "Balochistan",
        "tehsil": "Saranan",
        "type": "Railway Station",
        "gcop_source_layer": "railway_stations",
        "gcop_map_layer": "railway_stations_label"
      }
    },
    {
      "type": "Feature",
      "geometry": {
        "type": "Point",
        "coordinates": [
          66.95068359375,
          30.353916372297036
        ]
      },
      "properties": {
        "district": "Quetta",
        "name": "Kuchlack",
        "province": "Balochistan",
        "tehsil": "Quetta Saddar",
        "type": "Railway Station",
        "gcop_source_layer": "railway_stations",
        "gcop_map_layer": "railway_stations_label"
      }
    },
    {
      "type": "Feature",
      "geometry": {
        "type": "Point",
        "coordinates": [
          66.97265625,
          30.254322336443437
        ]
      },
      "properties": {
        "district": "Quetta",
        "name": "Sheikh Mandah",
        "province": "Balochistan",
        "tehsil": "Quetta Saddar",
        "type": "Railway Station",
        "gcop_source_layer": "railway_stations",
        "gcop_map_layer": "railway_stations_label"
      }
    },
    {
      "type": "Feature",
      "geometry": {
        "type": "Point",
        "coordinates": [
          66.9342041015625,
          30.26855624904772
        ]
      },
      "properties": {
        "district": "Quetta",
        "name": "Beleli",
        "province": "Balochistan",
        "tehsil": "Quetta Saddar",
        "type": "Railway Station",
        "gcop_source_layer": "railway_stations",
        "gcop_map_layer": "railway_stations_label"
      }
    },
    {
      "type": "Feature",
      "geometry": {
        "type": "Point",
        "coordinates": [
          66.588134765625,
          30.831497881307925
        ]
      },
      "properties": {
        "district": "Chaman",
        "name": "Shela Bagh",
        "province": "Balochistan",
        "tehsil": "Chaman",
        "type": "Railway Station",
        "gcop_source_layer": "railway_stations",
        "gcop_map_layer": "railway_stations_label"
      }
    },
    {
      "type": "Feature",
      "geometry": {
        "type": "Point",
        "coordinates": [
          66.4398193359375,
          30.925788712587007
        ]
      },
      "properties": {
        "district": "Chaman",
        "name": "Chaman",
        "province": "Balochistan",
        "tehsil": "Chaman",
        "type": "Railway Station",
        "gcop_source_layer": "railway_stations",
        "gcop_map_layer": "railway_stations_label"
      }
    },
    {
      "type": "Feature",
      "geometry": {
        "type": "Point",
        "coordinates": [
          64.4073486328125,
          28.892778864518306
        ]
      },
      "properties": {
        "district": "Chagai",
        "name": "Dalbandin",
        "province": "Balochistan",
        "tehsil": "Dalbandin",
        "type": "Railway Station",
        "gcop_source_layer": "railway_stations",
        "gcop_map_layer": "railway_stations_label"
      }
    },
    {
      "type": "Feature",
      "geometry": {
        "type": "Point",
        "coordinates": [
          65.181884765625,
          29.104176683949987
        ]
      },
      "properties": {
        "district": "Chagai",
        "name": "Padag Road",
        "province": "Balochistan",
        "tehsil": "Dalbandin",
        "type": "Railway Station",
        "gcop_source_layer": "railway_stations",
        "gcop_map_layer": "railway_stations_label"
      }
    },
    {
      "type": "Feature",
      "geometry": {
        "type": "Point",
        "coordinates": [
          65.379638671875,
          29.14736383122664
        ]
      },
      "properties": {
        "district": "Chagai",
        "name": "Bilao",
        "province": "Balochistan",
        "tehsil": "Dalbandin",
        "type": "Railway Station",
        "gcop_source_layer": "railway_stations",
        "gcop_map_layer": "railway_stations_label"
      }
    },
    {
      "type": "Feature",
      "geometry": {
        "type": "Point",
        "coordinates": [
          64.8193359375,
          28.960088688006792
        ]
      },
      "properties": {
        "district": "Chagai",
        "name": "Nok Chah",
        "province": "Balochistan",
        "tehsil": "Dalbandin",
        "type": "Railway Station",
        "gcop_source_layer": "railway_stations",
        "gcop_map_layer": "railway_stations_label"
      }
    },
    {
      "type": "Feature",
      "geometry": {
        "type": "Point",
        "coordinates": [
          64.0008544921875,
          28.777289039997626
        ]
      },
      "properties": {
        "district": "Chagai",
        "name": "Ismaili",
        "province": "Balochistan",
        "tehsil": "Dalbandin",
        "type": "Railway Station",
        "gcop_source_layer": "railway_stations",
        "gcop_map_layer": "railway_stations_label"
      }
    },
    {
      "type": "Feature",
      "geometry": {
        "type": "Point",
        "coordinates": [
          62.7484130859375,
          28.82542537447722
        ]
      },
      "properties": {
        "district": "Chagai",
        "name": "NokKundi",
        "province": "Balochistan",
        "tehsil": "Nokkundi",
        "type": "Railway Station",
        "gcop_source_layer": "railway_stations",
        "gcop_map_layer": "railway_stations_label"
      }
    },
    {
      "type": "Feature",
      "geometry": {
        "type": "Point",
        "coordinates": [
          66.0498046875,
          29.544787796199472
        ]
      },
      "properties": {
        "district": "Nushki",
        "name": "Nushki",
        "province": "Balochistan",
        "tehsil": "Nushki",
        "type": "Railway Station",
        "gcop_source_layer": "railway_stations",
        "gcop_map_layer": "railway_stations_label"
      }
    },
    {
      "type": "Feature",
      "geometry": {
        "type": "Point",
        "coordinates": [
          66.1541748046875,
          29.578234494739206
        ]
      },
      "properties": {
        "district": "Nushki",
        "name": "kashing e",
        "province": "Balochistan",
        "tehsil": "Nushki",
        "type": "Railway Station",
        "gcop_source_layer": "railway_stations",
        "gcop_map_layer": "railway_stations_label"
      }
    },
    {
      "type": "Feature",
      "geometry": {
        "type": "Point",
        "coordinates": [
          65.9454345703125,
          29.3965337391284
        ]
      },
      "properties": {
        "district": "Nushki",
        "name": "Ahmad Wal",
        "province": "Balochistan",
        "tehsil": "Nushki",
        "type": "Railway Station",
        "gcop_source_layer": "railway_stations",
        "gcop_map_layer": "railway_stations_label"
      }
    },
    {
      "type": "Feature",
      "geometry": {
        "type": "Point",
        "coordinates": [
          63.8470458984375,
          28.743580382306135
        ]
      },
      "properties": {
        "district": "Chagai",
        "name": "Dalbandin",
        "province": "Balochistan",
        "tehsil": "Dalbandin",
        "type": "Railway Station",
        "gcop_source_layer": "railway_stations",
        "gcop_map_layer": "railway_stations_label"
      }
    }
  ]
}